subject,repeat,fold,model,component,group,feature,raw_weight,weight,weight_kind,drug_train_sd,fixed
14,1,1,Emissions,emissions,Engaged,stim_param,0.9281085133552551,0.9281085133552551,Base coefficient,0.9938149905945161,false
14,1,1,Emissions,emissions,Engaged,choice_lag_param,1.0512455701828003,1.0512455701828003,Base coefficient,0.9938149905945161,false
14,1,1,Emissions,emissions,Engaged,bias,0.5128542184829712,0.5128542184829712,Base coefficient,0.9938149905945161,false
14,1,1,Emissions,emissions,Engaged,drug_z_x_stim_param,0.08120180666446686,0.16341432929039001,Drug − saline contrast,0.9938149905945161,false
14,1,1,Emissions,emissions,Engaged,drug_z_x_choice_lag_param,0.1222720816731453,0.24606607854366302,Drug − saline contrast,0.9938149905945161,false
14,1,1,Emissions,emissions,Disengaged,stim_param,0.0,0.0,Base coefficient,0.9938149905945161,true
14,1,1,Emissions,emissions,Disengaged,choice_lag_param,1.1124484539031982,1.1124484539031982,Base coefficient,0.9938149905945161,false
14,1,1,Emissions,emissions,Disengaged,bias,2.301093578338623,2.301093578338623,Base coefficient,0.9938149905945161,false
14,1,1,Emissions,emissions,Disengaged,drug_z_x_stim_param,0.0,0.0,Drug − saline contrast,0.9938149905945161,true
14,1,1,Emissions,emissions,Disengaged,drug_z_x_choice_lag_param,-0.2620624303817749,-0.5273867249488831,Drug − saline contrast,0.9938149905945161,false
14,1,1,Transitions,transitions,Engaged → Disengaged,bias,-7.163311958312988,-7.163311958312988,Base coefficient,0.9938149905945161,false
14,1,1,Transitions,transitions,Engaged → Disengaged,cumulative_reward,0.7812561392784119,0.7812561392784119,Base coefficient,0.9938149905945161,false
14,1,1,Transitions,transitions,Engaged → Disengaged,drug_z,0.031661588698625565,0.06371726840734482,Drug − saline contrast,0.9938149905945161,false
14,1,1,Transitions,transitions,Disengaged → Engaged,bias,-5.834931373596191,-5.834931373596191,Base coefficient,0.9938149905945161,false
14,1,1,Transitions,transitions,Disengaged → Engaged,cumulative_reward,-0.455501526594162,-0.455501526594162,Base coefficient,0.9938149905945161,false
14,1,1,Transitions,transitions,Disengaged → Engaged,drug_z,-0.722338855266571,-1.4536685943603516,Drug − saline contrast,0.9938149905945161,false
14,1,2,Emissions,emissions,Engaged,stim_param,0.9221365451812744,0.9221365451812744,Base coefficient,0.999794616278593,false
14,1,2,Emissions,emissions,Engaged,choice_lag_param,1.0575947761535645,1.0575947761535645,Base coefficient,0.999794616278593,false
14,1,2,Emissions,emissions,Engaged,bias,0.488355427980423,0.488355427980423,Base coefficient,0.999794616278593,false
14,1,2,Emissions,emissions,Engaged,drug_z_x_stim_param,-0.09071307629346848,-0.18146342039108276,Drug − saline contrast,0.999794616278593,false
14,1,2,Emissions,emissions,Engaged,drug_z_x_choice_lag_param,0.14154060184955597,0.28313934803009033,Drug − saline contrast,0.999794616278593,false
14,1,2,Emissions,emissions,Disengaged,stim_param,0.0,0.0,Base coefficient,0.999794616278593,true
14,1,2,Emissions,emissions,Disengaged,choice_lag_param,1.1075986623764038,1.1075986623764038,Base coefficient,0.999794616278593,false
14,1,2,Emissions,emissions,Disengaged,bias,2.2896389961242676,2.2896389961242676,Base coefficient,0.999794616278593,false
14,1,2,Emissions,emissions,Disengaged,drug_z_x_stim_param,0.0,0.0,Drug − saline contrast,0.999794616278593,true
14,1,2,Emissions,emissions,Disengaged,drug_z_x_choice_lag_param,-0.18580946326255798,-0.37169528007507324,Drug − saline contrast,0.999794616278593,false
14,1,2,Transitions,transitions,Engaged → Disengaged,bias,-7.086564064025879,-7.086564064025879,Base coefficient,0.999794616278593,false
14,1,2,Transitions,transitions,Engaged → Disengaged,cumulative_reward,0.8169085383415222,0.8169085383415222,Base coefficient,0.999794616278593,false
14,1,2,Transitions,transitions,Engaged → Disengaged,drug_z,0.3878612220287323,0.775881826877594,Drug − saline contrast,0.999794616278593,false
14,1,2,Transitions,transitions,Disengaged → Engaged,bias,-5.816993236541748,-5.816993236541748,Base coefficient,0.999794616278593,false
14,1,2,Transitions,transitions,Disengaged → Engaged,cumulative_reward,-0.43763798475265503,-0.43763798475265503,Base coefficient,0.999794616278593,false
14,1,2,Transitions,transitions,Disengaged → Engaged,drug_z,-0.6324931383132935,-1.2652461528778076,Drug − saline contrast,0.999794616278593,false
14,1,3,Emissions,emissions,Engaged,stim_param,1.0258522033691406,1.0258522033691406,Base coefficient,0.995621037863491,false
14,1,3,Emissions,emissions,Engaged,choice_lag_param,1.0679270029067993,1.0679270029067993,Base coefficient,0.995621037863491,false
14,1,3,Emissions,emissions,Engaged,bias,0.5044420957565308,0.5044420957565308,Base coefficient,0.995621037863491,false
14,1,3,Emissions,emissions,Engaged,drug_z_x_stim_param,-0.005370946601033211,-0.01078913826495409,Drug − saline contrast,0.995621037863491,false
14,1,3,Emissions,emissions,Engaged,drug_z_x_choice_lag_param,0.10845210403203964,0.2178582102060318,Drug − saline contrast,0.995621037863491,false
14,1,3,Emissions,emissions,Disengaged,stim_param,0.0,0.0,Base coefficient,0.995621037863491,true
14,1,3,Emissions,emissions,Disengaged,choice_lag_param,1.100633978843689,1.100633978843689,Base coefficient,0.995621037863491,false
14,1,3,Emissions,emissions,Disengaged,bias,2.264462471008301,2.264462471008301,Base coefficient,0.995621037863491,false
14,1,3,Emissions,emissions,Disengaged,drug_z_x_stim_param,0.0,0.0,Drug − saline contrast,0.995621037863491,true
14,1,3,Emissions,emissions,Disengaged,drug_z_x_choice_lag_param,-0.23611332476139069,-0.47430360317230225,Drug − saline contrast,0.995621037863491,false
14,1,3,Transitions,transitions,Engaged → Disengaged,bias,-7.084122180938721,-7.084122180938721,Base coefficient,0.995621037863491,false
14,1,3,Transitions,transitions,Engaged → Disengaged,cumulative_reward,0.7991718649864197,0.7991718649864197,Base coefficient,0.995621037863491,false
14,1,3,Transitions,transitions,Engaged → Disengaged,drug_z,0.17165149748325348,0.34481292963027954,Drug − saline contrast,0.995621037863491,false
14,1,3,Transitions,transitions,Disengaged → Engaged,bias,-5.8065595626831055,-5.8065595626831055,Base coefficient,0.995621037863491,false
14,1,3,Transitions,transitions,Disengaged → Engaged,cumulative_reward,-0.4625718891620636,-0.4625718891620636,Base coefficient,0.995621037863491,false
14,1,3,Transitions,transitions,Disengaged → Engaged,drug_z,-0.7235446572303772,-1.4534538984298706,Drug − saline contrast,0.995621037863491,false
14,1,4,Emissions,emissions,Engaged,stim_param,1.0266923904418945,1.0266923904418945,Base coefficient,0.9999405851049955,false
14,1,4,Emissions,emissions,Engaged,choice_lag_param,1.0367743968963623,1.0367743968963623,Base coefficient,0.9999405851049955,false
14,1,4,Emissions,emissions,Engaged,bias,0.45677679777145386,0.45677679777145386,Base coefficient,0.9999405851049955,false
14,1,4,Emissions,emissions,Engaged,drug_z_x_stim_param,0.03815998509526253,0.07632450759410858,Drug − saline contrast,0.9999405851049955,false
14,1,4,Emissions,emissions,Engaged,drug_z_x_choice_lag_param,0.11433747410774231,0.2286885380744934,Drug − saline contrast,0.9999405851049955,false
14,1,4,Emissions,emissions,Disengaged,stim_param,0.0,0.0,Base coefficient,0.9999405851049955,true
14,1,4,Emissions,emissions,Disengaged,choice_lag_param,1.0948814153671265,1.0948814153671265,Base coefficient,0.9999405851049955,false
14,1,4,Emissions,emissions,Disengaged,bias,2.396014928817749,2.396014928817749,Base coefficient,0.9999405851049955,false
14,1,4,Emissions,emissions,Disengaged,drug_z_x_stim_param,0.0,0.0,Drug − saline contrast,0.9999405851049955,true
14,1,4,Emissions,emissions,Disengaged,drug_z_x_choice_lag_param,-0.18352268636226654,-0.3670671880245209,Drug − saline contrast,0.9999405851049955,false
14,1,4,Transitions,transitions,Engaged → Disengaged,bias,-7.223185062408447,-7.223185062408447,Base coefficient,0.9999405851049955,false
14,1,4,Transitions,transitions,Engaged → Disengaged,cumulative_reward,0.31690719723701477,0.31690719723701477,Base coefficient,0.9999405851049955,false
14,1,4,Transitions,transitions,Engaged → Disengaged,drug_z,-0.5839911103248596,-1.1680516004562378,Drug − saline contrast,0.9999405851049955,false
14,1,4,Transitions,transitions,Disengaged → Engaged,bias,-5.721436023712158,-5.721436023712158,Base coefficient,0.9999405851049955,false
14,1,4,Transitions,transitions,Disengaged → Engaged,cumulative_reward,-0.46915075182914734,-0.46915075182914734,Base coefficient,0.9999405851049955,false
14,1,4,Transitions,transitions,Disengaged → Engaged,drug_z,-0.9627545475959778,-1.9256235361099243,Drug − saline contrast,0.9999405851049955,false
14,1,5,Emissions,emissions,Engaged,stim_param,1.0616834163665771,1.0616834163665771,Base coefficient,0.9893928742224756,false
14,1,5,Emissions,emissions,Engaged,choice_lag_param,1.060136318206787,1.060136318206787,Base coefficient,0.9893928742224756,false
14,1,5,Emissions,emissions,Engaged,bias,0.5136815309524536,0.5136815309524536,Base coefficient,0.9893928742224756,false
14,1,5,Emissions,emissions,Engaged,drug_z_x_stim_param,-0.03418584540486336,-0.06910469383001328,Drug − saline contrast,0.9893928742224756,false
14,1,5,Emissions,emissions,Engaged,drug_z_x_choice_lag_param,0.12436208128929138,0.2513906955718994,Drug − saline contrast,0.9893928742224756,false
14,1,5,Emissions,emissions,Disengaged,stim_param,0.0,0.0,Base coefficient,0.9893928742224756,true
14,1,5,Emissions,emissions,Disengaged,choice_lag_param,1.101258635520935,1.101258635520935,Base coefficient,0.9893928742224756,false
14,1,5,Emissions,emissions,Disengaged,bias,2.2369301319122314,2.2369301319122314,Base coefficient,0.9893928742224756,false
14,1,5,Emissions,emissions,Disengaged,drug_z_x_stim_param,0.0,0.0,Drug − saline contrast,0.9893928742224756,true
14,1,5,Emissions,emissions,Disengaged,drug_z_x_choice_lag_param,-0.2340252548456192,-0.4730684161186218,Drug − saline contrast,0.9893928742224756,false
14,1,5,Transitions,transitions,Engaged → Disengaged,bias,-6.9792399406433105,-6.9792399406433105,Base coefficient,0.9893928742224756,false
14,1,5,Transitions,transitions,Engaged → Disengaged,cumulative_reward,0.8859070539474487,0.8859070539474487,Base coefficient,0.9893928742224756,false
14,1,5,Transitions,transitions,Engaged → Disengaged,drug_z,0.08883054554462433,0.17956577241420746,Drug − saline contrast,0.9893928742224756,false
14,1,5,Transitions,transitions,Disengaged → Engaged,bias,-5.779941558837891,-5.779941558837891,Base coefficient,0.9893928742224756,false
14,1,5,Transitions,transitions,Disengaged → Engaged,cumulative_reward,-0.4578452408313751,-0.4578452408313751,Base coefficient,0.9893928742224756,false
14,1,5,Transitions,transitions,Disengaged → Engaged,drug_z,-0.7629331350326538,-1.5422248840332031,Drug − saline contrast,0.9893928742224756,false
14,1,6,Emissions,emissions,Engaged,stim_param,1.0432350635528564,1.0432350635528564,Base coefficient,0.999743796946878,false
14,1,6,Emissions,emissions,Engaged,choice_lag_param,1.0146671533584595,1.0146671533584595,Base coefficient,0.999743796946878,false
14,1,6,Emissions,emissions,Engaged,bias,0.5550506114959717,0.5550506114959717,Base coefficient,0.999743796946878,false
14,1,6,Emissions,emissions,Engaged,drug_z_x_stim_param,0.04744858667254448,0.09492149204015732,Drug − saline contrast,0.999743796946878,false
14,1,6,Emissions,emissions,Engaged,drug_z_x_choice_lag_param,0.10510669648647308,0.21026726067066193,Drug − saline contrast,0.999743796946878,false
14,1,6,Emissions,emissions,Disengaged,stim_param,0.0,0.0,Base coefficient,0.999743796946878,true
14,1,6,Emissions,emissions,Disengaged,choice_lag_param,1.1042357683181763,1.1042357683181763,Base coefficient,0.999743796946878,false
14,1,6,Emissions,emissions,Disengaged,bias,2.2565999031066895,2.2565999031066895,Base coefficient,0.999743796946878,false
14,1,6,Emissions,emissions,Disengaged,drug_z_x_stim_param,0.0,0.0,Drug − saline contrast,0.999743796946878,true
14,1,6,Emissions,emissions,Disengaged,drug_z_x_choice_lag_param,-0.20479658246040344,-0.40969812870025635,Drug − saline contrast,0.999743796946878,false
14,1,6,Transitions,transitions,Engaged → Disengaged,bias,-6.999582767486572,-6.999582767486572,Base coefficient,0.999743796946878,false
14,1,6,Transitions,transitions,Engaged → Disengaged,cumulative_reward,0.8676791191101074,0.8676791191101074,Base coefficient,0.999743796946878,false
14,1,6,Transitions,transitions,Engaged → Disengaged,drug_z,0.44730129837989807,0.8948318362236023,Drug − saline contrast,0.999743796946878,false
14,1,6,Transitions,transitions,Disengaged → Engaged,bias,-5.799441337585449,-5.799441337585449,Base coefficient,0.999743796946878,false
14,1,6,Transitions,transitions,Disengaged → Engaged,cumulative_reward,-0.43641170859336853,-0.43641170859336853,Base coefficient,0.999743796946878,false
14,1,6,Transitions,transitions,Disengaged → Engaged,drug_z,-0.680243730545044,-1.3608360290527344,Drug − saline contrast,0.999743796946878,false
14,1,7,Emissions,emissions,Engaged,stim_param,1.019139051437378,1.019139051437378,Base coefficient,0.9893439505082205,false
14,1,7,Emissions,emissions,Engaged,choice_lag_param,1.0585561990737915,1.0585561990737915,Base coefficient,0.9893439505082205,false
14,1,7,Emissions,emissions,Engaged,bias,0.43817752599716187,0.43817752599716187,Base coefficient,0.9893439505082205,false
14,1,7,Emissions,emissions,Engaged,drug_z_x_stim_param,-0.0032432321459054947,-0.006556328851729631,Drug − saline contrast,0.9893439505082205,false
14,1,7,Emissions,emissions,Engaged,drug_z_x_choice_lag_param,0.12250424921512604,0.2476474493741989,Drug − saline contrast,0.9893439505082205,false
14,1,7,Emissions,emissions,Disengaged,stim_param,0.0,0.0,Base coefficient,0.9893439505082205,true
14,1,7,Emissions,emissions,Disengaged,choice_lag_param,1.0922520160675049,1.0922520160675049,Base coefficient,0.9893439505082205,false
14,1,7,Emissions,emissions,Disengaged,bias,2.203835964202881,2.203835964202881,Base coefficient,0.9893439505082205,false
14,1,7,Emissions,emissions,Disengaged,drug_z_x_stim_param,0.0,0.0,Drug − saline contrast,0.9893439505082205,true
14,1,7,Emissions,emissions,Disengaged,drug_z_x_choice_lag_param,-0.23431342840194702,-0.47367435693740845,Drug − saline contrast,0.9893439505082205,false
14,1,7,Transitions,transitions,Engaged → Disengaged,bias,-6.887526512145996,-6.887526512145996,Base coefficient,0.9893439505082205,false
14,1,7,Transitions,transitions,Engaged → Disengaged,cumulative_reward,0.8066917061805725,0.8066917061805725,Base coefficient,0.9893439505082205,false
14,1,7,Transitions,transitions,Engaged → Disengaged,drug_z,0.13765603303909302,0.2782773971557617,Drug − saline contrast,0.9893439505082205,false
14,1,7,Transitions,transitions,Disengaged → Engaged,bias,-5.7644877433776855,-5.7644877433776855,Base coefficient,0.9893439505082205,false
14,1,7,Transitions,transitions,Disengaged → Engaged,cumulative_reward,-0.4920485317707062,-0.4920485317707062,Base coefficient,0.9893439505082205,false
14,1,7,Transitions,transitions,Disengaged → Engaged,drug_z,-0.760849118232727,-1.5380882024765015,Drug − saline contrast,0.9893439505082205,false
14,1,8,Emissions,emissions,Engaged,stim_param,1.0234241485595703,1.0234241485595703,Base coefficient,0.999716183518695,false
14,1,8,Emissions,emissions,Engaged,choice_lag_param,1.0282422304153442,1.0282422304153442,Base coefficient,0.999716183518695,false
14,1,8,Emissions,emissions,Engaged,bias,0.49346891045570374,0.49346891045570374,Base coefficient,0.999716183518695,false
14,1,8,Emissions,emissions,Engaged,drug_z_x_stim_param,0.030693458393216133,0.06140434741973877,Drug − saline contrast,0.999716183518695,false
14,1,8,Emissions,emissions,Engaged,drug_z_x_choice_lag_param,0.11442124098539352,0.22890745103359222,Drug − saline contrast,0.999716183518695,false
14,1,8,Emissions,emissions,Disengaged,stim_param,0.0,0.0,Base coefficient,0.999716183518695,true
14,1,8,Emissions,emissions,Disengaged,choice_lag_param,1.097525954246521,1.097525954246521,Base coefficient,0.999716183518695,false
14,1,8,Emissions,emissions,Disengaged,bias,2.2127084732055664,2.2127084732055664,Base coefficient,0.999716183518695,false
14,1,8,Emissions,emissions,Disengaged,drug_z_x_stim_param,0.0,0.0,Drug − saline contrast,0.999716183518695,true
14,1,8,Emissions,emissions,Disengaged,drug_z_x_choice_lag_param,-0.1930323839187622,-0.38617438077926636,Drug − saline contrast,0.999716183518695,false
14,1,8,Transitions,transitions,Engaged → Disengaged,bias,-6.909384727478027,-6.909384727478027,Base coefficient,0.999716183518695,false
14,1,8,Transitions,transitions,Engaged → Disengaged,cumulative_reward,0.6222857236862183,0.6222857236862183,Base coefficient,0.999716183518695,false
14,1,8,Transitions,transitions,Engaged → Disengaged,drug_z,0.21838310360908508,0.43689021468162537,Drug − saline contrast,0.999716183518695,false
14,1,8,Transitions,transitions,Disengaged → Engaged,bias,-5.7374773025512695,-5.7374773025512695,Base coefficient,0.999716183518695,false
14,1,8,Transitions,transitions,Disengaged → Engaged,cumulative_reward,-0.4739348888397217,-0.4739348888397217,Base coefficient,0.999716183518695,false
14,1,8,Transitions,transitions,Disengaged → Engaged,drug_z,-0.7888961434364319,-1.5782402753829956,Drug − saline contrast,0.999716183518695,false
14,1,9,Emissions,emissions,Engaged,stim_param,1.0100910663604736,1.0100910663604736,Base coefficient,0.9893928742224756,false
14,1,9,Emissions,emissions,Engaged,choice_lag_param,1.0417537689208984,1.0417537689208984,Base coefficient,0.9893928742224756,false
14,1,9,Emissions,emissions,Engaged,bias,0.405390202999115,0.405390202999115,Base coefficient,0.9893928742224756,false
14,1,9,Emissions,emissions,Engaged,drug_z_x_stim_param,-0.001781794591806829,-0.003601793898269534,Drug − saline contrast,0.9893928742224756,false
14,1,9,Emissions,emissions,Engaged,drug_z_x_choice_lag_param,0.13688786327838898,0.2767108380794525,Drug − saline contrast,0.9893928742224756,false
14,1,9,Emissions,emissions,Disengaged,stim_param,0.0,0.0,Base coefficient,0.9893928742224756,true
14,1,9,Emissions,emissions,Disengaged,choice_lag_param,1.085822343826294,1.085822343826294,Base coefficient,0.9893928742224756,false
14,1,9,Emissions,emissions,Disengaged,bias,2.2295846939086914,2.2295846939086914,Base coefficient,0.9893928742224756,false
14,1,9,Emissions,emissions,Disengaged,drug_z_x_stim_param,0.0,0.0,Drug − saline contrast,0.9893928742224756,true
14,1,9,Emissions,emissions,Disengaged,drug_z_x_choice_lag_param,-0.25529950857162476,-0.5160730481147766,Drug − saline contrast,0.9893928742224756,false
14,1,9,Transitions,transitions,Engaged → Disengaged,bias,-6.979158878326416,-6.979158878326416,Base coefficient,0.9893928742224756,false
14,1,9,Transitions,transitions,Engaged → Disengaged,cumulative_reward,0.9638758301734924,0.9638758301734924,Base coefficient,0.9893928742224756,false
14,1,9,Transitions,transitions,Engaged → Disengaged,drug_z,0.24182197451591492,0.48882901668548584,Drug − saline contrast,0.9893928742224756,false
14,1,9,Transitions,transitions,Disengaged → Engaged,bias,-5.8060503005981445,-5.8060503005981445,Base coefficient,0.9893928742224756,false
14,1,9,Transitions,transitions,Disengaged → Engaged,cumulative_reward,-0.49165433645248413,-0.49165433645248413,Base coefficient,0.9893928742224756,false
14,1,9,Transitions,transitions,Disengaged → Engaged,drug_z,-0.7037904262542725,-1.4226713180541992,Drug − saline contrast,0.9893928742224756,false
14,1,10,Emissions,emissions,Engaged,stim_param,1.0043715238571167,1.0043715238571167,Base coefficient,0.9997504698222082,false
14,1,10,Emissions,emissions,Engaged,choice_lag_param,1.0517017841339111,1.0517017841339111,Base coefficient,0.9997504698222082,false
14,1,10,Emissions,emissions,Engaged,bias,0.46226605772972107,0.46226605772972107,Base coefficient,0.9997504698222082,false
14,1,10,Emissions,emissions,Engaged,drug_z_x_stim_param,0.015645131468772888,0.03129807114601135,Drug − saline contrast,0.9997504698222082,false
14,1,10,Emissions,emissions,Engaged,drug_z_x_choice_lag_param,0.12155739963054657,0.2431754767894745,Drug − saline contrast,0.9997504698222082,false
14,1,10,Emissions,emissions,Disengaged,stim_param,0.0,0.0,Base coefficient,0.9997504698222082,true
14,1,10,Emissions,emissions,Disengaged,choice_lag_param,1.1108779907226562,1.1108779907226562,Base coefficient,0.9997504698222082,false
14,1,10,Emissions,emissions,Disengaged,bias,2.38039231300354,2.38039231300354,Base coefficient,0.9997504698222082,false
14,1,10,Emissions,emissions,Disengaged,drug_z_x_stim_param,0.0,0.0,Drug − saline contrast,0.9997504698222082,true
14,1,10,Emissions,emissions,Disengaged,drug_z_x_choice_lag_param,-0.2569168210029602,-0.5139618515968323,Drug − saline contrast,0.9997504698222082,false
14,1,10,Transitions,transitions,Engaged → Disengaged,bias,-7.389619827270508,-7.389619827270508,Base coefficient,0.9997504698222082,false
14,1,10,Transitions,transitions,Engaged → Disengaged,cumulative_reward,0.542761504650116,0.542761504650116,Base coefficient,0.9997504698222082,false
14,1,10,Transitions,transitions,Engaged → Disengaged,drug_z,-0.10292865335941315,-0.20590868592262268,Drug − saline contrast,0.9997504698222082,false
14,1,10,Transitions,transitions,Disengaged → Engaged,bias,-8.229748725891113,-8.229748725891113,Base coefficient,0.9997504698222082,false
14,1,10,Transitions,transitions,Disengaged → Engaged,cumulative_reward,-2.581158399581909,-2.581158399581909,Base coefficient,0.9997504698222082,false
14,1,10,Transitions,transitions,Disengaged → Engaged,drug_z,-1.4937608242034912,-2.988267183303833,Drug − saline contrast,0.9997504698222082,false
14,1,11,Emissions,emissions,Engaged,stim_param,0.9717051386833191,0.9717051386833191,Base coefficient,0.9892948838569454,false
14,1,11,Emissions,emissions,Engaged,choice_lag_param,1.0640541315078735,1.0640541315078735,Base coefficient,0.9892948838569454,false
14,1,11,Emissions,emissions,Engaged,bias,0.4807145297527313,0.4807145297527313,Base coefficient,0.9892948838569454,false
14,1,11,Emissions,emissions,Engaged,drug_z_x_stim_param,0.044782739132642746,0.09053466469049454,Drug − saline contrast,0.9892948838569454,false
14,1,11,Emissions,emissions,Engaged,drug_z_x_choice_lag_param,0.11283094435930252,0.22810377180576324,Drug − saline contrast,0.9892948838569454,false
14,1,11,Emissions,emissions,Disengaged,stim_param,0.0,0.0,Base coefficient,0.9892948838569454,true
14,1,11,Emissions,emissions,Disengaged,choice_lag_param,1.1549434661865234,1.1549434661865234,Base coefficient,0.9892948838569454,false
14,1,11,Emissions,emissions,Disengaged,bias,2.171438694000244,2.171438694000244,Base coefficient,0.9892948838569454,false
14,1,11,Emissions,emissions,Disengaged,drug_z_x_stim_param,0.0,0.0,Drug − saline contrast,0.9892948838569454,true
14,1,11,Emissions,emissions,Disengaged,drug_z_x_choice_lag_param,-0.3322973847389221,-0.6717863082885742,Drug − saline contrast,0.9892948838569454,false
14,1,11,Transitions,transitions,Engaged → Disengaged,bias,-7.0907087326049805,-7.0907087326049805,Base coefficient,0.9892948838569454,false
14,1,11,Transitions,transitions,Engaged → Disengaged,cumulative_reward,0.9192860722541809,0.9192860722541809,Base coefficient,0.9892948838569454,false
14,1,11,Transitions,transitions,Engaged → Disengaged,drug_z,0.2605016827583313,0.5266411304473877,Drug − saline contrast,0.9892948838569454,false
14,1,11,Transitions,transitions,Disengaged → Engaged,bias,-6.2426652908325195,-6.2426652908325195,Base coefficient,0.9892948838569454,false
14,1,11,Transitions,transitions,Disengaged → Engaged,cumulative_reward,0.21256892383098602,0.21256892383098602,Base coefficient,0.9892948838569454,false
14,1,11,Transitions,transitions,Disengaged → Engaged,drug_z,0.3996788263320923,0.8080074787139893,Drug − saline contrast,0.9892948838569454,false
14,1,12,Emissions,emissions,Engaged,stim_param,1.016979694366455,1.016979694366455,Base coefficient,0.9997090488837856,false
14,1,12,Emissions,emissions,Engaged,choice_lag_param,1.0281169414520264,1.0281169414520264,Base coefficient,0.9997090488837856,false
14,1,12,Emissions,emissions,Engaged,bias,0.3341373801231384,0.3341373801231384,Base coefficient,0.9997090488837856,false
14,1,12,Emissions,emissions,Engaged,drug_z_x_stim_param,-0.0004928391426801682,-0.0009859651327133179,Drug − saline contrast,0.9997090488837856,false
14,1,12,Emissions,emissions,Engaged,drug_z_x_choice_lag_param,0.14401818811893463,0.28812021017074585,Drug − saline contrast,0.9997090488837856,false
14,1,12,Emissions,emissions,Disengaged,stim_param,0.0,0.0,Base coefficient,0.9997090488837856,true
14,1,12,Emissions,emissions,Disengaged,choice_lag_param,0.7015748620033264,0.7015748620033264,Base coefficient,0.9997090488837856,false
14,1,12,Emissions,emissions,Disengaged,bias,1.9736621379852295,1.9736621379852295,Base coefficient,0.9997090488837856,false
14,1,12,Emissions,emissions,Disengaged,drug_z_x_stim_param,0.0,0.0,Drug − saline contrast,0.9997090488837856,true
14,1,12,Emissions,emissions,Disengaged,drug_z_x_choice_lag_param,0.1659315824508667,0.3319597542285919,Drug − saline contrast,0.9997090488837856,false
14,1,12,Transitions,transitions,Engaged → Disengaged,bias,-6.57952880859375,-6.57952880859375,Base coefficient,0.9997090488837856,false
14,1,12,Transitions,transitions,Engaged → Disengaged,cumulative_reward,-0.2764298915863037,-0.2764298915863037,Base coefficient,0.9997090488837856,false
14,1,12,Transitions,transitions,Engaged → Disengaged,drug_z,-0.25671523809432983,-0.5135799050331116,Drug − saline contrast,0.9997090488837856,false
14,1,12,Transitions,transitions,Disengaged → Engaged,bias,-10.69836711883545,-10.69836711883545,Base coefficient,0.9997090488837856,false
14,1,12,Transitions,transitions,Disengaged → Engaged,cumulative_reward,-4.179561614990234,-4.179561614990234,Base coefficient,0.9997090488837856,false
14,1,12,Transitions,transitions,Disengaged → Engaged,drug_z,-1.29795503616333,-2.596665620803833,Drug − saline contrast,0.9997090488837856,false
14,1,13,Emissions,emissions,Engaged,stim_param,1.034367561340332,1.034367561340332,Base coefficient,0.9898267951214224,false
14,1,13,Emissions,emissions,Engaged,choice_lag_param,1.0596277713775635,1.0596277713775635,Base coefficient,0.9898267951214224,false
14,1,13,Emissions,emissions,Engaged,bias,0.3746555745601654,0.3746555745601654,Base coefficient,0.9898267951214224,false
14,1,13,Emissions,emissions,Engaged,drug_z_x_stim_param,-0.017579637467861176,-0.035520631819963455,Drug − saline contrast,0.9898267951214224,false
14,1,13,Emissions,emissions,Engaged,drug_z_x_choice_lag_param,0.13331441581249237,0.2693691849708557,Drug − saline contrast,0.9898267951214224,false
14,1,13,Emissions,emissions,Disengaged,stim_param,0.0,0.0,Base coefficient,0.9898267951214224,true
14,1,13,Emissions,emissions,Disengaged,choice_lag_param,0.6328518986701965,0.6328518986701965,Base coefficient,0.9898267951214224,false
14,1,13,Emissions,emissions,Disengaged,bias,1.947364091873169,1.947364091873169,Base coefficient,0.9898267951214224,false
14,1,13,Emissions,emissions,Disengaged,drug_z_x_stim_param,0.0,0.0,Drug − saline contrast,0.9898267951214224,true
14,1,13,Emissions,emissions,Disengaged,drug_z_x_choice_lag_param,0.3100748658180237,0.626523494720459,Drug − saline contrast,0.9898267951214224,false
14,1,13,Transitions,transitions,Engaged → Disengaged,bias,-7.074781894683838,-7.074781894683838,Base coefficient,0.9898267951214224,false
14,1,13,Transitions,transitions,Engaged → Disengaged,cumulative_reward,-0.16365830600261688,-0.16365830600261688,Base coefficient,0.9898267951214224,false
14,1,13,Transitions,transitions,Engaged → Disengaged,drug_z,-0.0784623771905899,-0.1585375964641571,Drug − saline contrast,0.9898267951214224,false
14,1,13,Transitions,transitions,Disengaged → Engaged,bias,-10.049653053283691,-10.049653053283691,Base coefficient,0.9898267951214224,false
14,1,13,Transitions,transitions,Disengaged → Engaged,cumulative_reward,-3.548565149307251,-3.548565149307251,Base coefficient,0.9898267951214224,false
14,1,13,Transitions,transitions,Disengaged → Engaged,drug_z,-1.1610453128814697,-2.345956563949585,Drug − saline contrast,0.9898267951214224,false
14,1,14,Emissions,emissions,Engaged,stim_param,1.0125468969345093,1.0125468969345093,Base coefficient,0.9997301749361651,false
14,1,14,Emissions,emissions,Engaged,choice_lag_param,1.0523191690444946,1.0523191690444946,Base coefficient,0.9997301749361651,false
14,1,14,Emissions,emissions,Engaged,bias,0.3919070363044739,0.3919070363044739,Base coefficient,0.9997301749361651,false
14,1,14,Emissions,emissions,Engaged,drug_z_x_stim_param,0.009857799857854843,0.01972092129290104,Drug − saline contrast,0.9997301749361651,false
14,1,14,Emissions,emissions,Engaged,drug_z_x_choice_lag_param,0.14113542437553406,0.28234702348709106,Drug − saline contrast,0.9997301749361651,false
14,1,14,Emissions,emissions,Disengaged,stim_param,0.0,0.0,Base coefficient,0.9997301749361651,true
14,1,14,Emissions,emissions,Disengaged,choice_lag_param,0.5469858050346375,0.5469858050346375,Base coefficient,0.9997301749361651,false
14,1,14,Emissions,emissions,Disengaged,bias,1.9624255895614624,1.9624255895614624,Base coefficient,0.9997301749361651,false
14,1,14,Emissions,emissions,Disengaged,drug_z_x_stim_param,0.0,0.0,Drug − saline contrast,0.9997301749361651,true
14,1,14,Emissions,emissions,Disengaged,drug_z_x_choice_lag_param,0.06285391002893448,0.12574175000190735,Drug − saline contrast,0.9997301749361651,false
14,1,14,Transitions,transitions,Engaged → Disengaged,bias,-6.726817607879639,-6.726817607879639,Base coefficient,0.9997301749361651,false
14,1,14,Transitions,transitions,Engaged → Disengaged,cumulative_reward,-0.3014758229255676,-0.3014758229255676,Base coefficient,0.9997301749361651,false
14,1,14,Transitions,transitions,Engaged → Disengaged,drug_z,-0.27089059352874756,-0.5419273972511292,Drug − saline contrast,0.9997301749361651,false
14,1,14,Transitions,transitions,Disengaged → Engaged,bias,-19.183975219726562,-19.183975219726562,Base coefficient,0.9997301749361651,false
14,1,14,Transitions,transitions,Disengaged → Engaged,cumulative_reward,9.591471672058105,9.591471672058105,Base coefficient,0.9997301749361651,false
14,1,14,Transitions,transitions,Disengaged → Engaged,drug_z,-1.2342506647109985,-2.469167470932007,Drug − saline contrast,0.9997301749361651,false
16,1,1,Emissions,emissions,Engaged,stim_param,1.015102744102478,1.015102744102478,Base coefficient,0.9987653406996799,false
16,1,1,Emissions,emissions,Engaged,choice_lag_param,1.0515990257263184,1.0515990257263184,Base coefficient,0.9987653406996799,false
16,1,1,Emissions,emissions,Engaged,bias,-0.0007455302984453738,-0.0007455302984453738,Base coefficient,0.9987653406996799,false
16,1,1,Emissions,emissions,Engaged,drug_z_x_stim_param,-0.12689641118049622,-0.2541065514087677,Drug − saline contrast,0.9987653406996799,false
16,1,1,Emissions,emissions,Engaged,drug_z_x_choice_lag_param,0.14082160592079163,0.2819913625717163,Drug − saline contrast,0.9987653406996799,false
16,1,1,Emissions,emissions,Disengaged,stim_param,0.0,0.0,Base coefficient,0.9987653406996799,true
16,1,1,Emissions,emissions,Disengaged,choice_lag_param,1.6535685062408447,1.6535685062408447,Base coefficient,0.9987653406996799,false
16,1,1,Emissions,emissions,Disengaged,bias,0.11499187350273132,0.11499187350273132,Base coefficient,0.9987653406996799,false
16,1,1,Emissions,emissions,Disengaged,drug_z_x_stim_param,0.0,0.0,Drug − saline contrast,0.9987653406996799,true
16,1,1,Emissions,emissions,Disengaged,drug_z_x_choice_lag_param,0.28504684567451477,0.5707984566688538,Drug − saline contrast,0.9987653406996799,false
16,1,1,Transitions,transitions,Engaged → Disengaged,bias,-6.481105327606201,-6.481105327606201,Base coefficient,0.9987653406996799,false
16,1,1,Transitions,transitions,Engaged → Disengaged,cumulative_reward,0.6444424986839294,0.6444424986839294,Base coefficient,0.9987653406996799,false
16,1,1,Transitions,transitions,Engaged → Disengaged,drug_z,3.2166404724121094,6.4412336349487305,Drug − saline contrast,0.9987653406996799,false
16,1,1,Transitions,transitions,Disengaged → Engaged,bias,-4.535005569458008,-4.535005569458008,Base coefficient,0.9987653406996799,false
16,1,1,Transitions,transitions,Disengaged → Engaged,cumulative_reward,0.24816763401031494,0.24816763401031494,Base coefficient,0.9987653406996799,false
16,1,1,Transitions,transitions,Disengaged → Engaged,drug_z,2.3172554969787598,4.64024019241333,Drug − saline contrast,0.9987653406996799,false
16,1,2,Emissions,emissions,Engaged,stim_param,1.0355240106582642,1.0355240106582642,Base coefficient,0.9988154106069534,false
16,1,2,Emissions,emissions,Engaged,choice_lag_param,1.0929036140441895,1.0929036140441895,Base coefficient,0.9988154106069534,false
16,1,2,Emissions,emissions,Engaged,bias,-0.12719665467739105,-0.12719665467739105,Base coefficient,0.9988154106069534,false
16,1,2,Emissions,emissions,Engaged,drug_z_x_stim_param,-0.08667801320552826,-0.17356161773204803,Drug − saline contrast,0.9988154106069534,false
16,1,2,Emissions,emissions,Engaged,drug_z_x_choice_lag_param,0.22861525416374207,0.45777279138565063,Drug − saline contrast,0.9988154106069534,false
16,1,2,Emissions,emissions,Disengaged,stim_param,0.0,0.0,Base coefficient,0.9988154106069534,true
16,1,2,Emissions,emissions,Disengaged,choice_lag_param,0.8242357969284058,0.8242357969284058,Base coefficient,0.9988154106069534,false
16,1,2,Emissions,emissions,Disengaged,bias,0.9321025013923645,0.9321025013923645,Base coefficient,0.9988154106069534,false
16,1,2,Emissions,emissions,Disengaged,drug_z_x_stim_param,0.0,0.0,Drug − saline contrast,0.9988154106069534,true
16,1,2,Emissions,emissions,Disengaged,drug_z_x_choice_lag_param,-0.10644944757223129,-0.21315139532089233,Drug − saline contrast,0.9988154106069534,false
16,1,2,Transitions,transitions,Engaged → Disengaged,bias,-7.798252582550049,-7.798252582550049,Base coefficient,0.9988154106069534,false
16,1,2,Transitions,transitions,Engaged → Disengaged,cumulative_reward,-1.9138472080230713,-1.9138472080230713,Base coefficient,0.9988154106069534,false
16,1,2,Transitions,transitions,Engaged → Disengaged,drug_z,0.9025895595550537,1.80731999874115,Drug − saline contrast,0.9988154106069534,false
16,1,2,Transitions,transitions,Disengaged → Engaged,bias,-6.716452121734619,-6.716452121734619,Base coefficient,0.9988154106069534,false
16,1,2,Transitions,transitions,Disengaged → Engaged,cumulative_reward,-2.7470109462738037,-2.7470109462738037,Base coefficient,0.9988154106069534,false
16,1,2,Transitions,transitions,Disengaged → Engaged,drug_z,0.42813342809677124,0.8572824001312256,Drug − saline contrast,0.9988154106069534,false
16,1,3,Emissions,emissions,Engaged,stim_param,1.0183765888214111,1.0183765888214111,Base coefficient,0.9973260746199073,false
16,1,3,Emissions,emissions,Engaged,choice_lag_param,1.0391229391098022,1.0391229391098022,Base coefficient,0.9973260746199073,false
16,1,3,Emissions,emissions,Engaged,bias,-0.003556285984814167,-0.003556285984814167,Base coefficient,0.9973260746199073,false
16,1,3,Emissions,emissions,Engaged,drug_z_x_stim_param,-0.13087564706802368,-0.2624530792236328,Drug − saline contrast,0.9973260746199073,false
16,1,3,Emissions,emissions,Engaged,drug_z_x_choice_lag_param,0.15718837082386017,0.31521961092948914,Drug − saline contrast,0.9973260746199073,false
16,1,3,Emissions,emissions,Disengaged,stim_param,0.0,0.0,Base coefficient,0.9973260746199073,true
16,1,3,Emissions,emissions,Disengaged,choice_lag_param,1.6527493000030518,1.6527493000030518,Base coefficient,0.9973260746199073,false
16,1,3,Emissions,emissions,Disengaged,bias,0.12078168988227844,0.12078168988227844,Base coefficient,0.9973260746199073,false
16,1,3,Emissions,emissions,Disengaged,drug_z_x_stim_param,0.0,0.0,Drug − saline contrast,0.9973260746199073,true
16,1,3,Emissions,emissions,Disengaged,drug_z_x_choice_lag_param,0.2588476538658142,0.5190833210945129,Drug − saline contrast,0.9973260746199073,false
16,1,3,Transitions,transitions,Engaged → Disengaged,bias,-6.342677593231201,-6.342677593231201,Base coefficient,0.9973260746199073,false
16,1,3,Transitions,transitions,Engaged → Disengaged,cumulative_reward,0.4720612168312073,0.4720612168312073,Base coefficient,0.9973260746199073,false
16,1,3,Transitions,transitions,Engaged → Disengaged,drug_z,3.250600576400757,6.518631458282471,Drug − saline contrast,0.9973260746199073,false
16,1,3,Transitions,transitions,Disengaged → Engaged,bias,-4.460970878601074,-4.460970878601074,Base coefficient,0.9973260746199073,false
16,1,3,Transitions,transitions,Disengaged → Engaged,cumulative_reward,0.16579297184944153,0.16579297184944153,Base coefficient,0.9973260746199073,false
16,1,3,Transitions,transitions,Disengaged → Engaged,drug_z,2.3225955963134766,4.657645225524902,Drug − saline contrast,0.9973260746199073,false
16,1,4,Emissions,emissions,Engaged,stim_param,1.019561529159546,1.019561529159546,Base coefficient,0.9989181941669406,false
16,1,4,Emissions,emissions,Engaged,choice_lag_param,1.0376267433166504,1.0376267433166504,Base coefficient,0.9989181941669406,false
16,1,4,Emissions,emissions,Engaged,bias,-0.010486197657883167,-0.010486197657883167,Base coefficient,0.9989181941669406,false
16,1,4,Emissions,emissions,Engaged,drug_z_x_stim_param,-0.11121070384979248,-0.2226622849702835,Drug − saline contrast,0.9989181941669406,false
16,1,4,Emissions,emissions,Engaged,drug_z_x_choice_lag_param,0.15770219266414642,0.3157459795475006,Drug − saline contrast,0.9989181941669406,false
16,1,4,Emissions,emissions,Disengaged,stim_param,0.0,0.0,Base coefficient,0.9989181941669406,true
16,1,4,Emissions,emissions,Disengaged,choice_lag_param,1.8615447282791138,1.8615447282791138,Base coefficient,0.9989181941669406,false
16,1,4,Emissions,emissions,Disengaged,bias,-0.11787712574005127,-0.11787712574005127,Base coefficient,0.9989181941669406,false
16,1,4,Emissions,emissions,Disengaged,drug_z_x_stim_param,0.0,0.0,Drug − saline contrast,0.9989181941669406,true
16,1,4,Emissions,emissions,Disengaged,drug_z_x_choice_lag_param,0.08457455039024353,0.16933229565620422,Drug − saline contrast,0.9989181941669406,false
16,1,4,Transitions,transitions,Engaged → Disengaged,bias,-7.926868438720703,-7.926868438720703,Base coefficient,0.9989181941669406,false
16,1,4,Transitions,transitions,Engaged → Disengaged,cumulative_reward,1.6776762008666992,1.6776762008666992,Base coefficient,0.9989181941669406,false
16,1,4,Transitions,transitions,Engaged → Disengaged,drug_z,1.2889320850372314,2.580656051635742,Drug − saline contrast,0.9989181941669406,false
16,1,4,Transitions,transitions,Disengaged → Engaged,bias,-4.575485706329346,-4.575485706329346,Base coefficient,0.9989181941669406,false
16,1,4,Transitions,transitions,Disengaged → Engaged,cumulative_reward,-0.0352458618581295,-0.0352458618581295,Base coefficient,0.9989181941669406,false
16,1,4,Transitions,transitions,Disengaged → Engaged,drug_z,0.14808174967765808,0.29648423194885254,Drug − saline contrast,0.9989181941669406,false
16,1,5,Emissions,emissions,Engaged,stim_param,1.045548677444458,1.045548677444458,Base coefficient,0.9973584277053892,false
16,1,5,Emissions,emissions,Engaged,choice_lag_param,1.0611854791641235,1.0611854791641235,Base coefficient,0.9973584277053892,false
16,1,5,Emissions,emissions,Engaged,bias,-0.019285887479782104,-0.019285887479782104,Base coefficient,0.9973584277053892,false
16,1,5,Emissions,emissions,Engaged,drug_z_x_stim_param,-0.15029726922512054,-0.301390677690506,Drug − saline contrast,0.9973584277053892,false
16,1,5,Emissions,emissions,Engaged,drug_z_x_choice_lag_param,0.13429343700408936,0.269298255443573,Drug − saline contrast,0.9973584277053892,false
16,1,5,Emissions,emissions,Disengaged,stim_param,0.0,0.0,Base coefficient,0.9973584277053892,true
16,1,5,Emissions,emissions,Disengaged,choice_lag_param,1.6285359859466553,1.6285359859466553,Base coefficient,0.9973584277053892,false
16,1,5,Emissions,emissions,Disengaged,bias,0.1267193853855133,0.1267193853855133,Base coefficient,0.9973584277053892,false
16,1,5,Emissions,emissions,Disengaged,drug_z_x_stim_param,0.0,0.0,Drug − saline contrast,0.9973584277053892,true
16,1,5,Emissions,emissions,Disengaged,drug_z_x_choice_lag_param,0.26364871859550476,0.5286940336227417,Drug − saline contrast,0.9973584277053892,false
16,1,5,Transitions,transitions,Engaged → Disengaged,bias,-6.159912586212158,-6.159912586212158,Base coefficient,0.9973584277053892,false
16,1,5,Transitions,transitions,Engaged → Disengaged,cumulative_reward,0.5426616072654724,0.5426616072654724,Base coefficient,0.9973584277053892,false
16,1,5,Transitions,transitions,Engaged → Disengaged,drug_z,3.1315715312957764,6.279731273651123,Drug − saline contrast,0.9973584277053892,false
16,1,5,Transitions,transitions,Disengaged → Engaged,bias,-4.333560943603516,-4.333560943603516,Base coefficient,0.9973584277053892,false
16,1,5,Transitions,transitions,Disengaged → Engaged,cumulative_reward,0.20579659938812256,0.20579659938812256,Base coefficient,0.9973584277053892,false
16,1,5,Transitions,transitions,Disengaged → Engaged,drug_z,2.2410197257995605,4.493910312652588,Drug − saline contrast,0.9973584277053892,false
16,1,6,Emissions,emissions,Engaged,stim_param,1.0350652933120728,1.0350652933120728,Base coefficient,0.998846781092303,false
16,1,6,Emissions,emissions,Engaged,choice_lag_param,1.0122060775756836,1.0122060775756836,Base coefficient,0.998846781092303,false
16,1,6,Emissions,emissions,Engaged,bias,0.010494465939700603,0.010494465939700603,Base coefficient,0.998846781092303,false
16,1,6,Emissions,emissions,Engaged,drug_z_x_stim_param,-0.1442481130361557,-0.28882932662963867,Drug − saline contrast,0.998846781092303,false
16,1,6,Emissions,emissions,Engaged,drug_z_x_choice_lag_param,0.1403135508298874,0.2809511125087738,Drug − saline contrast,0.998846781092303,false
16,1,6,Emissions,emissions,Disengaged,stim_param,0.0,0.0,Base coefficient,0.998846781092303,true
16,1,6,Emissions,emissions,Disengaged,choice_lag_param,1.6319947242736816,1.6319947242736816,Base coefficient,0.998846781092303,false
16,1,6,Emissions,emissions,Disengaged,bias,0.12725958228111267,0.12725958228111267,Base coefficient,0.998846781092303,false
16,1,6,Emissions,emissions,Disengaged,drug_z_x_stim_param,0.0,0.0,Drug − saline contrast,0.998846781092303,true
16,1,6,Emissions,emissions,Disengaged,drug_z_x_choice_lag_param,0.30755841732025146,0.6158270239830017,Drug − saline contrast,0.998846781092303,false
16,1,6,Transitions,transitions,Engaged → Disengaged,bias,-6.2875657081604,-6.2875657081604,Base coefficient,0.998846781092303,false
16,1,6,Transitions,transitions,Engaged → Disengaged,cumulative_reward,0.5182596445083618,0.5182596445083618,Base coefficient,0.998846781092303,false
16,1,6,Transitions,transitions,Engaged → Disengaged,drug_z,2.971893072128296,5.950648784637451,Drug − saline contrast,0.998846781092303,false
16,1,6,Transitions,transitions,Disengaged → Engaged,bias,-4.451240539550781,-4.451240539550781,Base coefficient,0.998846781092303,false
16,1,6,Transitions,transitions,Disengaged → Engaged,cumulative_reward,0.14040765166282654,0.14040765166282654,Base coefficient,0.998846781092303,false
16,1,6,Transitions,transitions,Disengaged → Engaged,drug_z,2.0583152770996094,4.1213836669921875,Drug − saline contrast,0.998846781092303,false
16,1,7,Emissions,emissions,Engaged,stim_param,1.0332081317901611,1.0332081317901611,Base coefficient,0.9974383309535545,false
16,1,7,Emissions,emissions,Engaged,choice_lag_param,1.0400639772415161,1.0400639772415161,Base coefficient,0.9974383309535545,false
16,1,7,Emissions,emissions,Engaged,bias,0.017719902098178864,0.017719902098178864,Base coefficient,0.9974383309535545,false
16,1,7,Emissions,emissions,Engaged,drug_z_x_stim_param,-0.14873312413692474,-0.29823023080825806,Drug − saline contrast,0.9974383309535545,false
16,1,7,Emissions,emissions,Engaged,drug_z_x_choice_lag_param,0.15233464539051056,0.30545175075531006,Drug − saline contrast,0.9974383309535545,false
16,1,7,Emissions,emissions,Disengaged,stim_param,0.0,0.0,Base coefficient,0.9974383309535545,true
16,1,7,Emissions,emissions,Disengaged,choice_lag_param,1.6504172086715698,1.6504172086715698,Base coefficient,0.9974383309535545,false
16,1,7,Emissions,emissions,Disengaged,bias,0.10940899699926376,0.10940899699926376,Base coefficient,0.9974383309535545,false
16,1,7,Emissions,emissions,Disengaged,drug_z_x_stim_param,0.0,0.0,Drug − saline contrast,0.9974383309535545,true
16,1,7,Emissions,emissions,Disengaged,drug_z_x_choice_lag_param,0.32370486855506897,0.6490724682807922,Drug − saline contrast,0.9974383309535545,false
16,1,7,Transitions,transitions,Engaged → Disengaged,bias,-6.25728178024292,-6.25728178024292,Base coefficient,0.9974383309535545,false
16,1,7,Transitions,transitions,Engaged → Disengaged,cumulative_reward,0.6287904977798462,0.6287904977798462,Base coefficient,0.9974383309535545,false
16,1,7,Transitions,transitions,Engaged → Disengaged,drug_z,3.137345790863037,6.290806770324707,Drug − saline contrast,0.9974383309535545,false
16,1,7,Transitions,transitions,Disengaged → Engaged,bias,-4.376061916351318,-4.376061916351318,Base coefficient,0.9974383309535545,false
16,1,7,Transitions,transitions,Disengaged → Engaged,cumulative_reward,0.24053515493869781,0.24053515493869781,Base coefficient,0.9974383309535545,false
16,1,7,Transitions,transitions,Disengaged → Engaged,drug_z,2.226991653442383,4.4654221534729,Drug − saline contrast,0.9974383309535545,false
16,1,8,Emissions,emissions,Engaged,stim_param,1.0468358993530273,1.0468358993530273,Base coefficient,0.9988674392732683,false
16,1,8,Emissions,emissions,Engaged,choice_lag_param,0.9955284595489502,0.9955284595489502,Base coefficient,0.9988674392732683,false
16,1,8,Emissions,emissions,Engaged,bias,-0.007493048906326294,-0.007493048906326294,Base coefficient,0.9988674392732683,false
16,1,8,Emissions,emissions,Engaged,drug_z_x_stim_param,-0.12396702915430069,-0.24821516871452332,Drug − saline contrast,0.9988674392732683,false
16,1,8,Emissions,emissions,Engaged,drug_z_x_choice_lag_param,0.12735284864902496,0.2549944818019867,Drug − saline contrast,0.9988674392732683,false
16,1,8,Emissions,emissions,Disengaged,stim_param,0.0,0.0,Base coefficient,0.9988674392732683,true
16,1,8,Emissions,emissions,Disengaged,choice_lag_param,1.6234564781188965,1.6234564781188965,Base coefficient,0.9988674392732683,false
16,1,8,Emissions,emissions,Disengaged,bias,0.12949791550636292,0.12949791550636292,Base coefficient,0.9988674392732683,false
16,1,8,Emissions,emissions,Disengaged,drug_z_x_stim_param,0.0,0.0,Drug − saline contrast,0.9988674392732683,true
16,1,8,Emissions,emissions,Disengaged,drug_z_x_choice_lag_param,0.18059870600700378,0.3616069555282593,Drug − saline contrast,0.9988674392732683,false
16,1,8,Transitions,transitions,Engaged → Disengaged,bias,-6.209887504577637,-6.209887504577637,Base coefficient,0.9988674392732683,false
16,1,8,Transitions,transitions,Engaged → Disengaged,cumulative_reward,0.4922020435333252,0.4922020435333252,Base coefficient,0.9988674392732683,false
16,1,8,Transitions,transitions,Engaged → Disengaged,drug_z,2.7817044258117676,5.569716930389404,Drug − saline contrast,0.9988674392732683,false
16,1,8,Transitions,transitions,Disengaged → Engaged,bias,-4.430239677429199,-4.430239677429199,Base coefficient,0.9988674392732683,false
16,1,8,Transitions,transitions,Disengaged → Engaged,cumulative_reward,0.15623383224010468,0.15623383224010468,Base coefficient,0.9988674392732683,false
16,1,8,Transitions,transitions,Disengaged → Engaged,drug_z,1.9114412069320679,3.827216863632202,Drug − saline contrast,0.9988674392732683,false
16,1,9,Emissions,emissions,Engaged,stim_param,1.0101503133773804,1.0101503133773804,Base coefficient,0.9972771235281478,false
16,1,9,Emissions,emissions,Engaged,choice_lag_param,1.0229456424713135,1.0229456424713135,Base coefficient,0.9972771235281478,false
16,1,9,Emissions,emissions,Engaged,bias,0.022509748116135597,0.022509748116135597,Base coefficient,0.9972771235281478,false
16,1,9,Emissions,emissions,Engaged,drug_z_x_stim_param,-0.12881650030612946,-0.2583364248275757,Drug − saline contrast,0.9972771235281478,false
16,1,9,Emissions,emissions,Engaged,drug_z_x_choice_lag_param,0.1673988550901413,0.335711807012558,Drug − saline contrast,0.9972771235281478,false
16,1,9,Emissions,emissions,Disengaged,stim_param,0.0,0.0,Base coefficient,0.9972771235281478,true
16,1,9,Emissions,emissions,Disengaged,choice_lag_param,1.6707526445388794,1.6707526445388794,Base coefficient,0.9972771235281478,false
16,1,9,Emissions,emissions,Disengaged,bias,0.10252215713262558,0.10252215713262558,Base coefficient,0.9972771235281478,false
16,1,9,Emissions,emissions,Disengaged,drug_z_x_stim_param,0.0,0.0,Drug − saline contrast,0.9972771235281478,true
16,1,9,Emissions,emissions,Disengaged,drug_z_x_choice_lag_param,0.32592228055000305,0.6536242961883545,Drug − saline contrast,0.9972771235281478,false
16,1,9,Transitions,transitions,Engaged → Disengaged,bias,-6.35356330871582,-6.35356330871582,Base coefficient,0.9972771235281478,false
16,1,9,Transitions,transitions,Engaged → Disengaged,cumulative_reward,0.7046728134155273,0.7046728134155273,Base coefficient,0.9972771235281478,false
16,1,9,Transitions,transitions,Engaged → Disengaged,drug_z,3.1280882358551025,6.273257732391357,Drug − saline contrast,0.9972771235281478,false
16,1,9,Transitions,transitions,Disengaged → Engaged,bias,-4.419270038604736,-4.419270038604736,Base coefficient,0.9972771235281478,false
16,1,9,Transitions,transitions,Disengaged → Engaged,cumulative_reward,0.2764925956726074,0.2764925956726074,Base coefficient,0.9972771235281478,false
16,1,9,Transitions,transitions,Disengaged → Engaged,drug_z,2.214435577392578,4.440963268280029,Drug − saline contrast,0.9972771235281478,false
16,1,10,Emissions,emissions,Engaged,stim_param,1.0507057905197144,1.0507057905197144,Base coefficient,0.9989578861404096,false
16,1,10,Emissions,emissions,Engaged,choice_lag_param,1.0627186298370361,1.0627186298370361,Base coefficient,0.9989578861404096,false
16,1,10,Emissions,emissions,Engaged,bias,-0.04133927822113037,-0.04133927822113037,Base coefficient,0.9989578861404096,false
16,1,10,Emissions,emissions,Engaged,drug_z_x_stim_param,-0.06571484357118607,-0.13156679272651672,Drug − saline contrast,0.9989578861404096,false
16,1,10,Emissions,emissions,Engaged,drug_z_x_choice_lag_param,0.19305294752120972,0.38650867342948914,Drug − saline contrast,0.9989578861404096,false
16,1,10,Emissions,emissions,Disengaged,stim_param,0.0,0.0,Base coefficient,0.9989578861404096,true
16,1,10,Emissions,emissions,Disengaged,choice_lag_param,0.8363035321235657,0.8363035321235657,Base coefficient,0.9989578861404096,false
16,1,10,Emissions,emissions,Disengaged,bias,0.9355345964431763,0.9355345964431763,Base coefficient,0.9989578861404096,false
16,1,10,Emissions,emissions,Disengaged,drug_z_x_stim_param,0.0,0.0,Drug − saline contrast,0.9989578861404096,true
16,1,10,Emissions,emissions,Disengaged,drug_z_x_choice_lag_param,-0.10506010800600052,-0.21033941209316254,Drug − saline contrast,0.9989578861404096,false
16,1,10,Transitions,transitions,Engaged → Disengaged,bias,-7.72945499420166,-7.72945499420166,Base coefficient,0.9989578861404096,false
16,1,10,Transitions,transitions,Engaged → Disengaged,cumulative_reward,-1.8404839038848877,-1.8404839038848877,Base coefficient,0.9989578861404096,false
16,1,10,Transitions,transitions,Engaged → Disengaged,drug_z,0.9903221726417542,1.982710599899292,Drug − saline contrast,0.9989578861404096,false
16,1,10,Transitions,transitions,Disengaged → Engaged,bias,-6.742596626281738,-6.742596626281738,Base coefficient,0.9989578861404096,false
16,1,10,Transitions,transitions,Disengaged → Engaged,cumulative_reward,-2.781238317489624,-2.781238317489624,Base coefficient,0.9989578861404096,false
16,1,10,Transitions,transitions,Disengaged → Engaged,drug_z,0.5091546177864075,1.019371509552002,Drug − saline contrast,0.9989578861404096,false
16,1,11,Emissions,emissions,Engaged,stim_param,1.027921438217163,1.027921438217163,Base coefficient,0.9973098138523481,false
16,1,11,Emissions,emissions,Engaged,choice_lag_param,1.0333858728408813,1.0333858728408813,Base coefficient,0.9973098138523481,false
16,1,11,Emissions,emissions,Engaged,bias,-0.048850808292627335,-0.048850808292627335,Base coefficient,0.9973098138523481,false
16,1,11,Emissions,emissions,Engaged,drug_z_x_stim_param,-0.12487976998090744,-0.2504332661628723,Drug − saline contrast,0.9973098138523481,false
16,1,11,Emissions,emissions,Engaged,drug_z_x_choice_lag_param,0.16320966184139252,0.3272998332977295,Drug − saline contrast,0.9973098138523481,false
16,1,11,Emissions,emissions,Disengaged,stim_param,0.0,0.0,Base coefficient,0.9973098138523481,true
16,1,11,Emissions,emissions,Disengaged,choice_lag_param,1.6310561895370483,1.6310561895370483,Base coefficient,0.9973098138523481,false
16,1,11,Emissions,emissions,Disengaged,bias,0.13762079179286957,0.13762079179286957,Base coefficient,0.9973098138523481,false
16,1,11,Emissions,emissions,Disengaged,drug_z_x_stim_param,0.0,0.0,Drug − saline contrast,0.9973098138523481,true
16,1,11,Emissions,emissions,Disengaged,drug_z_x_choice_lag_param,0.18188001215457916,0.3647412359714508,Drug − saline contrast,0.9973098138523481,false
16,1,11,Transitions,transitions,Engaged → Disengaged,bias,-6.101560115814209,-6.101560115814209,Base coefficient,0.9973098138523481,false
16,1,11,Transitions,transitions,Engaged → Disengaged,cumulative_reward,0.40967079997062683,0.40967079997062683,Base coefficient,0.9973098138523481,false
16,1,11,Transitions,transitions,Engaged → Disengaged,drug_z,3.116511821746826,6.2498369216918945,Drug − saline contrast,0.9973098138523481,false
16,1,11,Transitions,transitions,Disengaged → Engaged,bias,-4.316194534301758,-4.316194534301758,Base coefficient,0.9973098138523481,false
16,1,11,Transitions,transitions,Disengaged → Engaged,cumulative_reward,0.12422670423984528,0.12422670423984528,Base coefficient,0.9973098138523481,false
16,1,11,Transitions,transitions,Disengaged → Engaged,drug_z,2.2269842624664307,4.465982913970947,Drug − saline contrast,0.9973098138523481,false
16,1,12,Emissions,emissions,Engaged,stim_param,1.0311778783798218,1.0311778783798218,Base coefficient,0.9987942407497762,false
16,1,12,Emissions,emissions,Engaged,choice_lag_param,1.0010120868682861,1.0010120868682861,Base coefficient,0.9987942407497762,false
16,1,12,Emissions,emissions,Engaged,bias,0.00020166185277048498,0.00020166185277048498,Base coefficient,0.9987942407497762,false
16,1,12,Emissions,emissions,Engaged,drug_z_x_stim_param,-0.1556932032108307,-0.3117623031139374,Drug − saline contrast,0.9987942407497762,false
16,1,12,Emissions,emissions,Engaged,drug_z_x_choice_lag_param,0.1340133249759674,0.268350213766098,Drug − saline contrast,0.9987942407497762,false
16,1,12,Emissions,emissions,Disengaged,stim_param,0.0,0.0,Base coefficient,0.9987942407497762,true
16,1,12,Emissions,emissions,Disengaged,choice_lag_param,1.6492587327957153,1.6492587327957153,Base coefficient,0.9987942407497762,false
16,1,12,Emissions,emissions,Disengaged,bias,0.11628139764070511,0.11628139764070511,Base coefficient,0.9987942407497762,false
16,1,12,Emissions,emissions,Disengaged,drug_z_x_stim_param,0.0,0.0,Drug − saline contrast,0.9987942407497762,true
16,1,12,Emissions,emissions,Disengaged,drug_z_x_choice_lag_param,0.3503737449645996,0.7015934586524963,Drug − saline contrast,0.9987942407497762,false
16,1,12,Transitions,transitions,Engaged → Disengaged,bias,-6.083249092102051,-6.083249092102051,Base coefficient,0.9987942407497762,false
16,1,12,Transitions,transitions,Engaged → Disengaged,cumulative_reward,0.5883306860923767,0.5883306860923767,Base coefficient,0.9987942407497762,false
16,1,12,Transitions,transitions,Engaged → Disengaged,drug_z,2.9093103408813477,5.8256449699401855,Drug − saline contrast,0.9987942407497762,false
16,1,12,Transitions,transitions,Disengaged → Engaged,bias,-4.2680182456970215,-4.2680182456970215,Base coefficient,0.9987942407497762,false
16,1,12,Transitions,transitions,Disengaged → Engaged,cumulative_reward,0.2249280959367752,0.2249280959367752,Base coefficient,0.9987942407497762,false
16,1,12,Transitions,transitions,Disengaged → Engaged,drug_z,1.921841025352478,3.8483221530914307,Drug − saline contrast,0.9987942407497762,false
16,1,13,Emissions,emissions,Engaged,stim_param,1.0091134309768677,1.0091134309768677,Base coefficient,0.9972934968444223,false
16,1,13,Emissions,emissions,Engaged,choice_lag_param,1.1217705011367798,1.1217705011367798,Base coefficient,0.9972934968444223,false
16,1,13,Emissions,emissions,Engaged,bias,-0.11935099214315414,-0.11935099214315414,Base coefficient,0.9972934968444223,false
16,1,13,Emissions,emissions,Engaged,drug_z_x_stim_param,-0.0728127509355545,-0.14602071046829224,Drug − saline contrast,0.9972934968444223,false
16,1,13,Emissions,emissions,Engaged,drug_z_x_choice_lag_param,0.23354047536849976,0.46834856271743774,Drug − saline contrast,0.9972934968444223,false
16,1,13,Emissions,emissions,Disengaged,stim_param,0.0,0.0,Base coefficient,0.9972934968444223,true
16,1,13,Emissions,emissions,Disengaged,choice_lag_param,0.8220142722129822,0.8220142722129822,Base coefficient,0.9972934968444223,false
16,1,13,Emissions,emissions,Disengaged,bias,0.9348181486129761,0.9348181486129761,Base coefficient,0.9972934968444223,false
16,1,13,Emissions,emissions,Disengaged,drug_z_x_stim_param,0.0,0.0,Drug − saline contrast,0.9972934968444223,true
16,1,13,Emissions,emissions,Disengaged,drug_z_x_choice_lag_param,-0.12666912376880646,-0.25402578711509705,Drug − saline contrast,0.9972934968444223,false
16,1,13,Transitions,transitions,Engaged → Disengaged,bias,-7.8078508377075195,-7.8078508377075195,Base coefficient,0.9972934968444223,false
16,1,13,Transitions,transitions,Engaged → Disengaged,cumulative_reward,-1.9149821996688843,-1.9149821996688843,Base coefficient,0.9972934968444223,false
16,1,13,Transitions,transitions,Engaged → Disengaged,drug_z,0.8577691912651062,1.7201941013336182,Drug − saline contrast,0.9972934968444223,false
16,1,13,Transitions,transitions,Disengaged → Engaged,bias,-6.876349925994873,-6.876349925994873,Base coefficient,0.9972934968444223,false
16,1,13,Transitions,transitions,Disengaged → Engaged,cumulative_reward,-2.8867180347442627,-2.8867180347442627,Base coefficient,0.9972934968444223,false
16,1,13,Transitions,transitions,Disengaged → Engaged,drug_z,0.4621566832065582,0.9268218278884888,Drug − saline contrast,0.9972934968444223,false
16,1,14,Emissions,emissions,Engaged,stim_param,1.04136323928833,1.04136323928833,Base coefficient,0.9988048513398677,false
16,1,14,Emissions,emissions,Engaged,choice_lag_param,1.0182745456695557,1.0182745456695557,Base coefficient,0.9988048513398677,false
16,1,14,Emissions,emissions,Engaged,bias,-0.06402574479579926,-0.06402574479579926,Base coefficient,0.9988048513398677,false
16,1,14,Emissions,emissions,Engaged,drug_z_x_stim_param,-0.11355584859848022,-0.22738344967365265,Drug − saline contrast,0.9988048513398677,false
16,1,14,Emissions,emissions,Engaged,drug_z_x_choice_lag_param,0.16693919897079468,0.3342778980731964,Drug − saline contrast,0.9988048513398677,false
16,1,14,Emissions,emissions,Disengaged,stim_param,0.0,0.0,Base coefficient,0.9988048513398677,true
16,1,14,Emissions,emissions,Disengaged,choice_lag_param,1.6227785348892212,1.6227785348892212,Base coefficient,0.9988048513398677,false
16,1,14,Emissions,emissions,Disengaged,bias,0.1289014369249344,0.1289014369249344,Base coefficient,0.9988048513398677,false
16,1,14,Emissions,emissions,Disengaged,drug_z_x_stim_param,0.0,0.0,Drug − saline contrast,0.9988048513398677,true
16,1,14,Emissions,emissions,Disengaged,drug_z_x_choice_lag_param,0.06738956272602081,0.13494040071964264,Drug − saline contrast,0.9988048513398677,false
16,1,14,Transitions,transitions,Engaged → Disengaged,bias,-6.337948799133301,-6.337948799133301,Base coefficient,0.9988048513398677,false
16,1,14,Transitions,transitions,Engaged → Disengaged,cumulative_reward,0.17334817349910736,0.17334817349910736,Base coefficient,0.9988048513398677,false
16,1,14,Transitions,transitions,Engaged → Disengaged,drug_z,2.8886351585388184,5.784183025360107,Drug − saline contrast,0.9988048513398677,false
16,1,14,Transitions,transitions,Disengaged → Engaged,bias,-4.602766036987305,-4.602766036987305,Base coefficient,0.9988048513398677,false
16,1,14,Transitions,transitions,Disengaged → Engaged,cumulative_reward,-0.13801828026771545,-0.13801828026771545,Base coefficient,0.9988048513398677,false
16,1,14,Transitions,transitions,Disengaged → Engaged,drug_z,2.0274436473846436,4.059739112854004,Drug − saline contrast,0.9988048513398677,false
16,1,15,Emissions,emissions,Engaged,stim_param,1.019916296005249,1.019916296005249,Base coefficient,0.9973422792149891,false
16,1,15,Emissions,emissions,Engaged,choice_lag_param,1.050724983215332,1.050724983215332,Base coefficient,0.9973422792149891,false
16,1,15,Emissions,emissions,Engaged,bias,-0.02976951003074646,-0.02976951003074646,Base coefficient,0.9973422792149891,false
16,1,15,Emissions,emissions,Engaged,drug_z_x_stim_param,-0.13519638776779175,-0.2711133062839508,Drug − saline contrast,0.9973422792149891,false
16,1,15,Emissions,emissions,Engaged,drug_z_x_choice_lag_param,0.14743009209632874,0.29564592242240906,Drug − saline contrast,0.9973422792149891,false
16,1,15,Emissions,emissions,Disengaged,stim_param,0.0,0.0,Base coefficient,0.9973422792149891,true
16,1,15,Emissions,emissions,Disengaged,choice_lag_param,1.5918861627578735,1.5918861627578735,Base coefficient,0.9973422792149891,false
16,1,15,Emissions,emissions,Disengaged,bias,0.078031025826931,0.078031025826931,Base coefficient,0.9973422792149891,false
16,1,15,Emissions,emissions,Disengaged,drug_z_x_stim_param,0.0,0.0,Drug − saline contrast,0.9973422792149891,true
16,1,15,Emissions,emissions,Disengaged,drug_z_x_choice_lag_param,0.5324693322181702,1.0677765607833862,Drug − saline contrast,0.9973422792149891,false
16,1,15,Transitions,transitions,Engaged → Disengaged,bias,-6.7855024337768555,-6.7855024337768555,Base coefficient,0.9973422792149891,false
16,1,15,Transitions,transitions,Engaged → Disengaged,cumulative_reward,0.9611789584159851,0.9611789584159851,Base coefficient,0.9973422792149891,false
16,1,15,Transitions,transitions,Engaged → Disengaged,drug_z,3.237616777420044,6.492488861083984,Drug − saline contrast,0.9973422792149891,false
16,1,15,Transitions,transitions,Disengaged → Engaged,bias,-5.880418300628662,-5.880418300628662,Base coefficient,0.9973422792149891,false
16,1,15,Transitions,transitions,Disengaged → Engaged,cumulative_reward,1.4391388893127441,1.4391388893127441,Base coefficient,0.9973422792149891,false
16,1,15,Transitions,transitions,Disengaged → Engaged,drug_z,2.872530221939087,5.760369777679443,Drug − saline contrast,0.9973422792149891,false
16,1,16,Emissions,emissions,Engaged,stim_param,1.0234802961349487,1.0234802961349487,Base coefficient,0.9987835787743388,false
16,1,16,Emissions,emissions,Engaged,choice_lag_param,1.0277003049850464,1.0277003049850464,Base coefficient,0.9987835787743388,false
16,1,16,Emissions,emissions,Engaged,bias,-0.028276342898607254,-0.028276342898607254,Base coefficient,0.9987835787743388,false
16,1,16,Emissions,emissions,Engaged,drug_z_x_stim_param,-0.1567455530166626,-0.31387290358543396,Drug − saline contrast,0.9987835787743388,false
16,1,16,Emissions,emissions,Engaged,drug_z_x_choice_lag_param,0.15932177007198334,0.31903162598609924,Drug − saline contrast,0.9987835787743388,false
16,1,16,Emissions,emissions,Disengaged,stim_param,0.0,0.0,Base coefficient,0.9987835787743388,true
16,1,16,Emissions,emissions,Disengaged,choice_lag_param,1.6424611806869507,1.6424611806869507,Base coefficient,0.9987835787743388,false
16,1,16,Emissions,emissions,Disengaged,bias,0.11842832714319229,0.11842832714319229,Base coefficient,0.9987835787743388,false
16,1,16,Emissions,emissions,Disengaged,drug_z_x_stim_param,0.0,0.0,Drug − saline contrast,0.9987835787743388,true
16,1,16,Emissions,emissions,Disengaged,drug_z_x_choice_lag_param,0.33469340205192566,0.6702020168304443,Drug − saline contrast,0.9987835787743388,false
16,1,16,Transitions,transitions,Engaged → Disengaged,bias,-6.516739368438721,-6.516739368438721,Base coefficient,0.9987835787743388,false
16,1,16,Transitions,transitions,Engaged → Disengaged,cumulative_reward,0.8934930562973022,0.8934930562973022,Base coefficient,0.9987835787743388,false
16,1,16,Transitions,transitions,Engaged → Disengaged,drug_z,3.298158645629883,6.604351043701172,Drug − saline contrast,0.9987835787743388,false
16,1,16,Transitions,transitions,Disengaged → Engaged,bias,-4.614868640899658,-4.614868640899658,Base coefficient,0.9987835787743388,false
16,1,16,Transitions,transitions,Disengaged → Engaged,cumulative_reward,0.4514507055282593,0.4514507055282593,Base coefficient,0.9987835787743388,false
16,1,16,Transitions,transitions,Disengaged → Engaged,drug_z,2.310957431793213,4.627543926239014,Drug − saline contrast,0.9987835787743388,false
16,1,17,Emissions,emissions,Engaged,stim_param,1.0378944873809814,1.0378944873809814,Base coefficient,0.9977441023650349,false
16,1,17,Emissions,emissions,Engaged,choice_lag_param,1.0506623983383179,1.0506623983383179,Base coefficient,0.9977441023650349,false
16,1,17,Emissions,emissions,Engaged,bias,0.012408796697854996,0.012408796697854996,Base coefficient,0.9977441023650349,false
16,1,17,Emissions,emissions,Engaged,drug_z_x_stim_param,-0.13190126419067383,-0.264398992061615,Drug − saline contrast,0.9977441023650349,false
16,1,17,Emissions,emissions,Engaged,drug_z_x_choice_lag_param,0.15291187167167664,0.3065152168273926,Drug − saline contrast,0.9977441023650349,false
16,1,17,Emissions,emissions,Disengaged,stim_param,0.0,0.0,Base coefficient,0.9977441023650349,true
16,1,17,Emissions,emissions,Disengaged,choice_lag_param,1.665848731994629,1.665848731994629,Base coefficient,0.9977441023650349,false
16,1,17,Emissions,emissions,Disengaged,bias,0.1163502186536789,0.1163502186536789,Base coefficient,0.9977441023650349,false
16,1,17,Emissions,emissions,Disengaged,drug_z_x_stim_param,0.0,0.0,Drug − saline contrast,0.9977441023650349,true
16,1,17,Emissions,emissions,Disengaged,drug_z_x_choice_lag_param,0.04488687217235565,0.0899767279624939,Drug − saline contrast,0.9977441023650349,false
16,1,17,Transitions,transitions,Engaged → Disengaged,bias,-6.421530246734619,-6.421530246734619,Base coefficient,0.9977441023650349,false
16,1,17,Transitions,transitions,Engaged → Disengaged,cumulative_reward,0.414190411567688,0.414190411567688,Base coefficient,0.9977441023650349,false
16,1,17,Transitions,transitions,Engaged → Disengaged,drug_z,3.358989953994751,6.7331695556640625,Drug − saline contrast,0.9977441023650349,false
16,1,17,Transitions,transitions,Disengaged → Engaged,bias,-4.552071571350098,-4.552071571350098,Base coefficient,0.9977441023650349,false
16,1,17,Transitions,transitions,Disengaged → Engaged,cumulative_reward,0.05268609896302223,0.05268609896302223,Base coefficient,0.9977441023650349,false
16,1,17,Transitions,transitions,Disengaged → Engaged,drug_z,2.445286273956299,4.901630401611328,Drug − saline contrast,0.9977441023650349,false
16,1,18,Emissions,emissions,Engaged,stim_param,1.0625431537628174,1.0625431537628174,Base coefficient,0.998846781092303,false
16,1,18,Emissions,emissions,Engaged,choice_lag_param,1.078004002571106,1.078004002571106,Base coefficient,0.998846781092303,false
16,1,18,Emissions,emissions,Engaged,bias,-0.037572264671325684,-0.037572264671325684,Base coefficient,0.998846781092303,false
16,1,18,Emissions,emissions,Engaged,drug_z_x_stim_param,-0.06284873187541962,-0.12584258615970612,Drug − saline contrast,0.998846781092303,false
16,1,18,Emissions,emissions,Engaged,drug_z_x_choice_lag_param,0.21983633935451508,0.44018030166625977,Drug − saline contrast,0.998846781092303,false
16,1,18,Emissions,emissions,Disengaged,stim_param,0.0,0.0,Base coefficient,0.998846781092303,true
16,1,18,Emissions,emissions,Disengaged,choice_lag_param,1.4797608852386475,1.4797608852386475,Base coefficient,0.998846781092303,false
16,1,18,Emissions,emissions,Disengaged,bias,0.055861495435237885,0.055861495435237885,Base coefficient,0.998846781092303,false
16,1,18,Emissions,emissions,Disengaged,drug_z_x_stim_param,0.0,0.0,Drug − saline contrast,0.998846781092303,true
16,1,18,Emissions,emissions,Disengaged,drug_z_x_choice_lag_param,-0.0620182529091835,-0.12417971342802048,Drug − saline contrast,0.998846781092303,false
16,1,18,Transitions,transitions,Engaged → Disengaged,bias,-11.010769844055176,-11.010769844055176,Base coefficient,0.998846781092303,false
16,1,18,Transitions,transitions,Engaged → Disengaged,cumulative_reward,-4.315850734710693,-4.315850734710693,Base coefficient,0.998846781092303,false
16,1,18,Transitions,transitions,Engaged → Disengaged,drug_z,0.8143925666809082,1.63066565990448,Drug − saline contrast,0.998846781092303,false
16,1,18,Transitions,transitions,Disengaged → Engaged,bias,-10.416535377502441,-10.416535377502441,Base coefficient,0.998846781092303,false
16,1,18,Transitions,transitions,Disengaged → Engaged,cumulative_reward,-5.239007949829102,-5.239007949829102,Base coefficient,0.998846781092303,false
16,1,18,Transitions,transitions,Disengaged → Engaged,drug_z,-0.016271596774458885,-0.03258076682686806,Drug − saline contrast,0.998846781092303,false
17,1,1,Emissions,emissions,Engaged,stim_param,1.0239548683166504,1.0239548683166504,Base coefficient,0.9993148992013481,false
17,1,1,Emissions,emissions,Engaged,choice_lag_param,0.9254820942878723,0.9254820942878723,Base coefficient,0.9993148992013481,false
17,1,1,Emissions,emissions,Engaged,bias,-0.15971004962921143,-0.15971004962921143,Base coefficient,0.9993148992013481,false
17,1,1,Emissions,emissions,Engaged,drug_z_x_stim_param,-0.13462837040424347,-0.2694413363933563,Drug − saline contrast,0.9993148992013481,false
17,1,1,Emissions,emissions,Engaged,drug_z_x_choice_lag_param,0.4049108922481537,0.8103769421577454,Drug − saline contrast,0.9993148992013481,false
17,1,1,Emissions,emissions,Disengaged,stim_param,0.0,0.0,Base coefficient,0.9993148992013481,true
17,1,1,Emissions,emissions,Disengaged,choice_lag_param,3.2474822998046875,3.2474822998046875,Base coefficient,0.9993148992013481,false
17,1,1,Emissions,emissions,Disengaged,bias,-0.696731448173523,-0.696731448173523,Base coefficient,0.9993148992013481,false
17,1,1,Emissions,emissions,Disengaged,drug_z_x_stim_param,0.0,0.0,Drug − saline contrast,0.9993148992013481,true
17,1,1,Emissions,emissions,Disengaged,drug_z_x_choice_lag_param,0.4882411062717438,0.97715163230896,Drug − saline contrast,0.9993148992013481,false
17,1,1,Transitions,transitions,Engaged → Disengaged,bias,-5.117447853088379,-5.117447853088379,Base coefficient,0.9993148992013481,false
17,1,1,Transitions,transitions,Engaged → Disengaged,cumulative_reward,0.5760505199432373,0.5760505199432373,Base coefficient,0.9993148992013481,false
17,1,1,Transitions,transitions,Engaged → Disengaged,drug_z,2.520669460296631,5.044795036315918,Drug − saline contrast,0.9993148992013481,false
17,1,1,Transitions,transitions,Disengaged → Engaged,bias,-2.947082042694092,-2.947082042694092,Base coefficient,0.9993148992013481,false
17,1,1,Transitions,transitions,Disengaged → Engaged,cumulative_reward,0.5244376063346863,0.5244376063346863,Base coefficient,0.9993148992013481,false
17,1,1,Transitions,transitions,Disengaged → Engaged,drug_z,1.0923453569412231,2.1861884593963623,Drug − saline contrast,0.9993148992013481,false
17,1,2,Emissions,emissions,Engaged,stim_param,1.0417585372924805,1.0417585372924805,Base coefficient,0.9977524727306232,false
17,1,2,Emissions,emissions,Engaged,choice_lag_param,0.8578693270683289,0.8578693270683289,Base coefficient,0.9977524727306232,false
17,1,2,Emissions,emissions,Engaged,bias,-0.1500876545906067,-0.1500876545906067,Base coefficient,0.9977524727306232,false
17,1,2,Emissions,emissions,Engaged,drug_z_x_stim_param,-0.15769371390342712,-0.31609785556793213,Drug − saline contrast,0.9977524727306232,false
17,1,2,Emissions,emissions,Engaged,drug_z_x_choice_lag_param,0.41129371523857117,0.8244403600692749,Drug − saline contrast,0.9977524727306232,false
17,1,2,Emissions,emissions,Disengaged,stim_param,0.0,0.0,Base coefficient,0.9977524727306232,true
17,1,2,Emissions,emissions,Disengaged,choice_lag_param,2.8966784477233887,2.8966784477233887,Base coefficient,0.9977524727306232,false
17,1,2,Emissions,emissions,Disengaged,bias,-0.45386454463005066,-0.45386454463005066,Base coefficient,0.9977524727306232,false
17,1,2,Emissions,emissions,Disengaged,drug_z_x_stim_param,0.0,0.0,Drug − saline contrast,0.9977524727306232,true
17,1,2,Emissions,emissions,Disengaged,drug_z_x_choice_lag_param,1.270304560661316,2.5463321208953857,Drug − saline contrast,0.9977524727306232,false
17,1,2,Transitions,transitions,Engaged → Disengaged,bias,-4.890389442443848,-4.890389442443848,Base coefficient,0.9977524727306232,false
17,1,2,Transitions,transitions,Engaged → Disengaged,cumulative_reward,0.45194315910339355,0.45194315910339355,Base coefficient,0.9977524727306232,false
17,1,2,Transitions,transitions,Engaged → Disengaged,drug_z,2.8035202026367188,5.619670867919922,Drug − saline contrast,0.9977524727306232,false
17,1,2,Transitions,transitions,Disengaged → Engaged,bias,-2.767575263977051,-2.767575263977051,Base coefficient,0.9977524727306232,false
17,1,2,Transitions,transitions,Disengaged → Engaged,cumulative_reward,0.24926595389842987,0.24926595389842987,Base coefficient,0.9977524727306232,false
17,1,2,Transitions,transitions,Disengaged → Engaged,drug_z,1.3429757356643677,2.6920018196105957,Drug − saline contrast,0.9977524727306232,false
17,1,3,Emissions,emissions,Engaged,stim_param,1.0336823463439941,1.0336823463439941,Base coefficient,0.9993288950172922,false
17,1,3,Emissions,emissions,Engaged,choice_lag_param,0.8916202783584595,0.8916202783584595,Base coefficient,0.9993288950172922,false
17,1,3,Emissions,emissions,Engaged,bias,-0.1861199140548706,-0.1861199140548706,Base coefficient,0.9993288950172922,false
17,1,3,Emissions,emissions,Engaged,drug_z_x_stim_param,-0.15360085666179657,-0.30740800499916077,Drug − saline contrast,0.9993288950172922,false
17,1,3,Emissions,emissions,Engaged,drug_z_x_choice_lag_param,0.4282492399215698,0.8570736646652222,Drug − saline contrast,0.9993288950172922,false
17,1,3,Emissions,emissions,Disengaged,stim_param,0.0,0.0,Base coefficient,0.9993288950172922,true
17,1,3,Emissions,emissions,Disengaged,choice_lag_param,3.166294574737549,3.166294574737549,Base coefficient,0.9993288950172922,false
17,1,3,Emissions,emissions,Disengaged,bias,-0.6511520147323608,-0.6511520147323608,Base coefficient,0.9993288950172922,false
17,1,3,Emissions,emissions,Disengaged,drug_z_x_stim_param,0.0,0.0,Drug − saline contrast,0.9993288950172922,true
17,1,3,Emissions,emissions,Disengaged,drug_z_x_choice_lag_param,1.346039891242981,2.693887710571289,Drug − saline contrast,0.9993288950172922,false
17,1,3,Transitions,transitions,Engaged → Disengaged,bias,-5.101316452026367,-5.101316452026367,Base coefficient,0.9993288950172922,false
17,1,3,Transitions,transitions,Engaged → Disengaged,cumulative_reward,0.47874560952186584,0.47874560952186584,Base coefficient,0.9993288950172922,false
17,1,3,Transitions,transitions,Engaged → Disengaged,drug_z,2.6273512840270996,5.258231163024902,Drug − saline contrast,0.9993288950172922,false
17,1,3,Transitions,transitions,Disengaged → Engaged,bias,-2.9677577018737793,-2.9677577018737793,Base coefficient,0.9993288950172922,false
17,1,3,Transitions,transitions,Disengaged → Engaged,cumulative_reward,0.4448224902153015,0.4448224902153015,Base coefficient,0.9993288950172922,false
17,1,3,Transitions,transitions,Disengaged → Engaged,drug_z,1.1468390226364136,2.2952182292938232,Drug − saline contrast,0.9993288950172922,false
17,1,4,Emissions,emissions,Engaged,stim_param,1.0313102006912231,1.0313102006912231,Base coefficient,0.9976329742640493,false
17,1,4,Emissions,emissions,Engaged,choice_lag_param,0.8921268582344055,0.8921268582344055,Base coefficient,0.9976329742640493,false
17,1,4,Emissions,emissions,Engaged,bias,-0.15186811983585358,-0.15186811983585358,Base coefficient,0.9976329742640493,false
17,1,4,Emissions,emissions,Engaged,drug_z_x_stim_param,-0.13883553445339203,-0.27832987904548645,Drug − saline contrast,0.9976329742640493,false
17,1,4,Emissions,emissions,Engaged,drug_z_x_choice_lag_param,0.4087558686733246,0.8194513916969299,Drug − saline contrast,0.9976329742640493,false
17,1,4,Emissions,emissions,Disengaged,stim_param,0.0,0.0,Base coefficient,0.9976329742640493,true
17,1,4,Emissions,emissions,Disengaged,choice_lag_param,3.2780628204345703,3.2780628204345703,Base coefficient,0.9976329742640493,false
17,1,4,Emissions,emissions,Disengaged,bias,-0.5898439288139343,-0.5898439288139343,Base coefficient,0.9976329742640493,false
17,1,4,Emissions,emissions,Disengaged,drug_z_x_stim_param,0.0,0.0,Drug − saline contrast,0.9976329742640493,true
17,1,4,Emissions,emissions,Disengaged,drug_z_x_choice_lag_param,1.065621256828308,2.1362991333007812,Drug − saline contrast,0.9976329742640493,false
17,1,4,Transitions,transitions,Engaged → Disengaged,bias,-5.340554237365723,-5.340554237365723,Base coefficient,0.9976329742640493,false
17,1,4,Transitions,transitions,Engaged → Disengaged,cumulative_reward,0.6534891724586487,0.6534891724586487,Base coefficient,0.9976329742640493,false
17,1,4,Transitions,transitions,Engaged → Disengaged,drug_z,2.4859204292297363,4.98363733291626,Drug − saline contrast,0.9976329742640493,false
17,1,4,Transitions,transitions,Disengaged → Engaged,bias,-3.0398802757263184,-3.0398802757263184,Base coefficient,0.9976329742640493,false
17,1,4,Transitions,transitions,Disengaged → Engaged,cumulative_reward,0.48845744132995605,0.48845744132995605,Base coefficient,0.9976329742640493,false
17,1,4,Transitions,transitions,Disengaged → Engaged,drug_z,1.0852396488189697,2.175629138946533,Drug − saline contrast,0.9976329742640493,false
17,1,5,Emissions,emissions,Engaged,stim_param,1.0234259366989136,1.0234259366989136,Base coefficient,0.9993219164643903,false
17,1,5,Emissions,emissions,Engaged,choice_lag_param,0.8917858600616455,0.8917858600616455,Base coefficient,0.9993219164643903,false
17,1,5,Emissions,emissions,Engaged,bias,-0.13156121969223022,-0.13156121969223022,Base coefficient,0.9993219164643903,false
17,1,5,Emissions,emissions,Engaged,drug_z_x_stim_param,-0.13239912688732147,-0.26497793197631836,Drug − saline contrast,0.9993219164643903,false
17,1,5,Emissions,emissions,Engaged,drug_z_x_choice_lag_param,0.437265008687973,0.8751233816146851,Drug − saline contrast,0.9993219164643903,false
17,1,5,Emissions,emissions,Disengaged,stim_param,0.0,0.0,Base coefficient,0.9993219164643903,true
17,1,5,Emissions,emissions,Disengaged,choice_lag_param,3.251234292984009,3.251234292984009,Base coefficient,0.9993219164643903,false
17,1,5,Emissions,emissions,Disengaged,bias,-0.7436834573745728,-0.7436834573745728,Base coefficient,0.9993219164643903,false
17,1,5,Emissions,emissions,Disengaged,drug_z_x_stim_param,0.0,0.0,Drug − saline contrast,0.9993219164643903,true
17,1,5,Emissions,emissions,Disengaged,drug_z_x_choice_lag_param,0.3274437189102173,0.6553317904472351,Drug − saline contrast,0.9993219164643903,false
17,1,5,Transitions,transitions,Engaged → Disengaged,bias,-4.910279750823975,-4.910279750823975,Base coefficient,0.9993219164643903,false
17,1,5,Transitions,transitions,Engaged → Disengaged,cumulative_reward,0.7185512185096741,0.7185512185096741,Base coefficient,0.9993219164643903,false
17,1,5,Transitions,transitions,Engaged → Disengaged,drug_z,2.4528865814208984,4.909101963043213,Drug − saline contrast,0.9993219164643903,false
17,1,5,Transitions,transitions,Disengaged → Engaged,bias,-2.836761474609375,-2.836761474609375,Base coefficient,0.9993219164643903,false
17,1,5,Transitions,transitions,Disengaged → Engaged,cumulative_reward,0.5857486724853516,0.5857486724853516,Base coefficient,0.9993219164643903,false
17,1,5,Transitions,transitions,Disengaged → Engaged,drug_z,1.0669950246810913,2.1354379653930664,Drug − saline contrast,0.9993219164643903,false
17,1,6,Emissions,emissions,Engaged,stim_param,1.044098973274231,1.044098973274231,Base coefficient,0.9976464248695882,false
17,1,6,Emissions,emissions,Engaged,choice_lag_param,0.856806755065918,0.856806755065918,Base coefficient,0.9976464248695882,false
17,1,6,Emissions,emissions,Engaged,bias,-0.158452108502388,-0.158452108502388,Base coefficient,0.9976464248695882,false
17,1,6,Emissions,emissions,Engaged,drug_z_x_stim_param,-0.15975630283355713,-0.32026636600494385,Drug − saline contrast,0.9976464248695882,false
17,1,6,Emissions,emissions,Engaged,drug_z_x_choice_lag_param,0.40969929099082947,0.8213316202163696,Drug − saline contrast,0.9976464248695882,false
17,1,6,Emissions,emissions,Disengaged,stim_param,0.0,0.0,Base coefficient,0.9976464248695882,true
17,1,6,Emissions,emissions,Disengaged,choice_lag_param,2.709123373031616,2.709123373031616,Base coefficient,0.9976464248695882,false
17,1,6,Emissions,emissions,Disengaged,bias,-0.3630526065826416,-0.3630526065826416,Base coefficient,0.9976464248695882,false
17,1,6,Emissions,emissions,Disengaged,drug_z_x_stim_param,0.0,0.0,Drug − saline contrast,0.9976464248695882,true
17,1,6,Emissions,emissions,Disengaged,drug_z_x_choice_lag_param,1.0383752584457397,2.0816497802734375,Drug − saline contrast,0.9976464248695882,false
17,1,6,Transitions,transitions,Engaged → Disengaged,bias,-5.014631748199463,-5.014631748199463,Base coefficient,0.9976464248695882,false
17,1,6,Transitions,transitions,Engaged → Disengaged,cumulative_reward,0.455549418926239,0.455549418926239,Base coefficient,0.9976464248695882,false
17,1,6,Transitions,transitions,Engaged → Disengaged,drug_z,2.553105592727661,5.11825704574585,Drug − saline contrast,0.9976464248695882,false
17,1,6,Transitions,transitions,Disengaged → Engaged,bias,-2.9531290531158447,-2.9531290531158447,Base coefficient,0.9976464248695882,false
17,1,6,Transitions,transitions,Disengaged → Engaged,cumulative_reward,0.33482760190963745,0.33482760190963745,Base coefficient,0.9976464248695882,false
17,1,6,Transitions,transitions,Disengaged → Engaged,drug_z,1.119864821434021,2.245013475418091,Drug − saline contrast,0.9976464248695882,false
17,1,7,Emissions,emissions,Engaged,stim_param,1.0148571729660034,1.0148571729660034,Base coefficient,0.9993219164643903,false
17,1,7,Emissions,emissions,Engaged,choice_lag_param,0.9224253296852112,0.9224253296852112,Base coefficient,0.9993219164643903,false
17,1,7,Emissions,emissions,Engaged,bias,-0.1609361320734024,-0.1609361320734024,Base coefficient,0.9993219164643903,false
17,1,7,Emissions,emissions,Engaged,drug_z_x_stim_param,-0.12418510019779205,-0.24853873252868652,Drug − saline contrast,0.9993219164643903,false
17,1,7,Emissions,emissions,Engaged,drug_z_x_choice_lag_param,0.40413767099380493,0.8088237643241882,Drug − saline contrast,0.9993219164643903,false
17,1,7,Emissions,emissions,Disengaged,stim_param,0.0,0.0,Base coefficient,0.9993219164643903,true
17,1,7,Emissions,emissions,Disengaged,choice_lag_param,3.277080535888672,3.277080535888672,Base coefficient,0.9993219164643903,false
17,1,7,Emissions,emissions,Disengaged,bias,-0.6900284290313721,-0.6900284290313721,Base coefficient,0.9993219164643903,false
17,1,7,Emissions,emissions,Disengaged,drug_z_x_stim_param,0.0,0.0,Drug − saline contrast,0.9993219164643903,true
17,1,7,Emissions,emissions,Disengaged,drug_z_x_choice_lag_param,0.3838629424571991,0.7682468295097351,Drug − saline contrast,0.9993219164643903,false
17,1,7,Transitions,transitions,Engaged → Disengaged,bias,-5.062840938568115,-5.062840938568115,Base coefficient,0.9993219164643903,false
17,1,7,Transitions,transitions,Engaged → Disengaged,cumulative_reward,0.6602254509925842,0.6602254509925842,Base coefficient,0.9993219164643903,false
17,1,7,Transitions,transitions,Engaged → Disengaged,drug_z,2.382533550262451,4.768300533294678,Drug − saline contrast,0.9993219164643903,false
17,1,7,Transitions,transitions,Disengaged → Engaged,bias,-2.8980660438537598,-2.8980660438537598,Base coefficient,0.9993219164643903,false
17,1,7,Transitions,transitions,Disengaged → Engaged,cumulative_reward,0.5621153116226196,0.5621153116226196,Base coefficient,0.9993219164643903,false
17,1,7,Transitions,transitions,Disengaged → Engaged,drug_z,1.0014640092849731,2.004287004470825,Drug − saline contrast,0.9993219164643903,false
17,1,8,Emissions,emissions,Engaged,stim_param,1.0274542570114136,1.0274542570114136,Base coefficient,0.9976329742640493,false
17,1,8,Emissions,emissions,Engaged,choice_lag_param,0.8722768425941467,0.8722768425941467,Base coefficient,0.9976329742640493,false
17,1,8,Emissions,emissions,Engaged,bias,-0.16643519699573517,-0.16643519699573517,Base coefficient,0.9976329742640493,false
17,1,8,Emissions,emissions,Engaged,drug_z_x_stim_param,-0.14458967745304108,-0.2898654639720917,Drug − saline contrast,0.9976329742640493,false
17,1,8,Emissions,emissions,Engaged,drug_z_x_choice_lag_param,0.3822540044784546,0.7663218975067139,Drug − saline contrast,0.9976329742640493,false
17,1,8,Emissions,emissions,Disengaged,stim_param,0.0,0.0,Base coefficient,0.9976329742640493,true
17,1,8,Emissions,emissions,Disengaged,choice_lag_param,3.1933186054229736,3.1933186054229736,Base coefficient,0.9976329742640493,false
17,1,8,Emissions,emissions,Disengaged,bias,-0.4735267758369446,-0.4735267758369446,Base coefficient,0.9976329742640493,false
17,1,8,Emissions,emissions,Disengaged,drug_z_x_stim_param,0.0,0.0,Drug − saline contrast,0.9976329742640493,true
17,1,8,Emissions,emissions,Disengaged,drug_z_x_choice_lag_param,0.8262830376625061,1.656486988067627,Drug − saline contrast,0.9976329742640493,false
17,1,8,Transitions,transitions,Engaged → Disengaged,bias,-5.461548328399658,-5.461548328399658,Base coefficient,0.9976329742640493,false
17,1,8,Transitions,transitions,Engaged → Disengaged,cumulative_reward,0.6336418390274048,0.6336418390274048,Base coefficient,0.9976329742640493,false
17,1,8,Transitions,transitions,Engaged → Disengaged,drug_z,2.4267261028289795,4.8649678230285645,Drug − saline contrast,0.9976329742640493,false
17,1,8,Transitions,transitions,Disengaged → Engaged,bias,-3.0924839973449707,-3.0924839973449707,Base coefficient,0.9976329742640493,false
17,1,8,Transitions,transitions,Disengaged → Engaged,cumulative_reward,0.509559154510498,0.509559154510498,Base coefficient,0.9976329742640493,false
17,1,8,Transitions,transitions,Disengaged → Engaged,drug_z,1.0161786079406738,2.0371792316436768,Drug − saline contrast,0.9976329742640493,false
17,1,9,Emissions,emissions,Engaged,stim_param,1.0295544862747192,1.0295544862747192,Base coefficient,0.9993288950172923,false
17,1,9,Emissions,emissions,Engaged,choice_lag_param,0.9226932525634766,0.9226932525634766,Base coefficient,0.9993288950172923,false
17,1,9,Emissions,emissions,Engaged,bias,-0.17362697422504425,-0.17362697422504425,Base coefficient,0.9993288950172923,false
17,1,9,Emissions,emissions,Engaged,drug_z_x_stim_param,-0.14046639204025269,-0.2811214327812195,Drug − saline contrast,0.9993288950172923,false
17,1,9,Emissions,emissions,Engaged,drug_z_x_choice_lag_param,0.40092164278030396,0.8023817539215088,Drug − saline contrast,0.9993288950172923,false
17,1,9,Emissions,emissions,Disengaged,stim_param,0.0,0.0,Base coefficient,0.9993288950172923,true
17,1,9,Emissions,emissions,Disengaged,choice_lag_param,3.2350285053253174,3.2350285053253174,Base coefficient,0.9993288950172923,false
17,1,9,Emissions,emissions,Disengaged,bias,-0.6789823770523071,-0.6789823770523071,Base coefficient,0.9993288950172923,false
17,1,9,Emissions,emissions,Disengaged,drug_z_x_stim_param,0.0,0.0,Drug − saline contrast,0.9993288950172923,true
17,1,9,Emissions,emissions,Disengaged,drug_z_x_choice_lag_param,0.6267776489257812,1.2543971538543701,Drug − saline contrast,0.9993288950172923,false
17,1,9,Transitions,transitions,Engaged → Disengaged,bias,-5.07118034362793,-5.07118034362793,Base coefficient,0.9993288950172923,false
17,1,9,Transitions,transitions,Engaged → Disengaged,cumulative_reward,0.6194484233856201,0.6194484233856201,Base coefficient,0.9993288950172923,false
17,1,9,Transitions,transitions,Engaged → Disengaged,drug_z,2.4216134548187256,4.846479415893555,Drug − saline contrast,0.9993288950172923,false
17,1,9,Transitions,transitions,Disengaged → Engaged,bias,-2.91801118850708,-2.91801118850708,Base coefficient,0.9993288950172923,false
17,1,9,Transitions,transitions,Disengaged → Engaged,cumulative_reward,0.533562421798706,0.533562421798706,Base coefficient,0.9993288950172923,false
17,1,9,Transitions,transitions,Disengaged → Engaged,drug_z,1.0289654731750488,2.0593128204345703,Drug − saline contrast,0.9993288950172923,false
17,1,10,Emissions,emissions,Engaged,stim_param,1.0414366722106934,1.0414366722106934,Base coefficient,0.9975787373359556,false
17,1,10,Emissions,emissions,Engaged,choice_lag_param,0.8784990906715393,0.8784990906715393,Base coefficient,0.9975787373359556,false
17,1,10,Emissions,emissions,Engaged,bias,-0.13621430099010468,-0.13621430099010468,Base coefficient,0.9975787373359556,false
17,1,10,Emissions,emissions,Engaged,drug_z_x_stim_param,-0.14085455238819122,-0.28239285945892334,Drug − saline contrast,0.9975787373359556,false
17,1,10,Emissions,emissions,Engaged,drug_z_x_choice_lag_param,0.4489540159702301,0.9000873565673828,Drug − saline contrast,0.9975787373359556,false
17,1,10,Emissions,emissions,Disengaged,stim_param,0.0,0.0,Base coefficient,0.9975787373359556,true
17,1,10,Emissions,emissions,Disengaged,choice_lag_param,3.1225671768188477,3.1225671768188477,Base coefficient,0.9975787373359556,false
17,1,10,Emissions,emissions,Disengaged,bias,-0.6245153546333313,-0.6245153546333313,Base coefficient,0.9975787373359556,false
17,1,10,Emissions,emissions,Disengaged,drug_z_x_stim_param,0.0,0.0,Drug − saline contrast,0.9975787373359556,true
17,1,10,Emissions,emissions,Disengaged,drug_z_x_choice_lag_param,0.6913226842880249,1.3860012292861938,Drug − saline contrast,0.9975787373359556,false
17,1,10,Transitions,transitions,Engaged → Disengaged,bias,-4.949010372161865,-4.949010372161865,Base coefficient,0.9975787373359556,false
17,1,10,Transitions,transitions,Engaged → Disengaged,cumulative_reward,0.7409132122993469,0.7409132122993469,Base coefficient,0.9975787373359556,false
17,1,10,Transitions,transitions,Engaged → Disengaged,drug_z,2.4894702434539795,4.991024971008301,Drug − saline contrast,0.9975787373359556,false
17,1,10,Transitions,transitions,Disengaged → Engaged,bias,-2.8904001712799072,-2.8904001712799072,Base coefficient,0.9975787373359556,false
17,1,10,Transitions,transitions,Disengaged → Engaged,cumulative_reward,0.5694060921669006,0.5694060921669006,Base coefficient,0.9975787373359556,false
17,1,10,Transitions,transitions,Disengaged → Engaged,drug_z,1.0280932188034058,2.0611770153045654,Drug − saline contrast,0.9975787373359556,false
17,1,11,Emissions,emissions,Engaged,stim_param,1.0121420621871948,1.0121420621871948,Base coefficient,0.999314899201348,false
17,1,11,Emissions,emissions,Engaged,choice_lag_param,0.9426460862159729,0.9426460862159729,Base coefficient,0.999314899201348,false
17,1,11,Emissions,emissions,Engaged,bias,-0.1747523844242096,-0.1747523844242096,Base coefficient,0.999314899201348,false
17,1,11,Emissions,emissions,Engaged,drug_z_x_stim_param,-0.12222082167863846,-0.24460922181606293,Drug − saline contrast,0.999314899201348,false
17,1,11,Emissions,emissions,Engaged,drug_z_x_choice_lag_param,0.3863716423511505,0.7732730507850647,Drug − saline contrast,0.999314899201348,false
17,1,11,Emissions,emissions,Disengaged,stim_param,0.0,0.0,Base coefficient,0.999314899201348,true
17,1,11,Emissions,emissions,Disengaged,choice_lag_param,3.2907941341400146,3.2907941341400146,Base coefficient,0.999314899201348,false
17,1,11,Emissions,emissions,Disengaged,bias,-0.6687973737716675,-0.6687973737716675,Base coefficient,0.999314899201348,false
17,1,11,Emissions,emissions,Disengaged,drug_z_x_stim_param,0.0,0.0,Drug − saline contrast,0.999314899201348,true
17,1,11,Emissions,emissions,Disengaged,drug_z_x_choice_lag_param,0.4083975553512573,0.8173550963401794,Drug − saline contrast,0.999314899201348,false
17,1,11,Transitions,transitions,Engaged → Disengaged,bias,-5.146332740783691,-5.146332740783691,Base coefficient,0.999314899201348,false
17,1,11,Transitions,transitions,Engaged → Disengaged,cumulative_reward,0.645033061504364,0.645033061504364,Base coefficient,0.999314899201348,false
17,1,11,Transitions,transitions,Engaged → Disengaged,drug_z,2.3317651748657227,4.666727542877197,Drug − saline contrast,0.999314899201348,false
17,1,11,Transitions,transitions,Disengaged → Engaged,bias,-2.932035446166992,-2.932035446166992,Base coefficient,0.999314899201348,false
17,1,11,Transitions,transitions,Disengaged → Engaged,cumulative_reward,0.5642154216766357,0.5642154216766357,Base coefficient,0.999314899201348,false
17,1,11,Transitions,transitions,Disengaged → Engaged,drug_z,0.9606456160545349,1.9226083755493164,Drug − saline contrast,0.999314899201348,false
17,1,12,Emissions,emissions,Engaged,stim_param,1.0294634103775024,1.0294634103775024,Base coefficient,0.9976194802544552,false
17,1,12,Emissions,emissions,Engaged,choice_lag_param,0.8894751071929932,0.8894751071929932,Base coefficient,0.9976194802544552,false
17,1,12,Emissions,emissions,Engaged,bias,-0.14510874450206757,-0.14510874450206757,Base coefficient,0.9976194802544552,false
17,1,12,Emissions,emissions,Engaged,drug_z_x_stim_param,-0.1380220502614975,-0.27670279145240784,Drug − saline contrast,0.9976194802544552,false
17,1,12,Emissions,emissions,Engaged,drug_z_x_choice_lag_param,0.4068652391433716,0.8156721591949463,Drug − saline contrast,0.9976194802544552,false
17,1,12,Emissions,emissions,Disengaged,stim_param,0.0,0.0,Base coefficient,0.9976194802544552,true
17,1,12,Emissions,emissions,Disengaged,choice_lag_param,3.0871403217315674,3.0871403217315674,Base coefficient,0.9976194802544552,false
17,1,12,Emissions,emissions,Disengaged,bias,-0.7374854683876038,-0.7374854683876038,Base coefficient,0.9976194802544552,false
17,1,12,Emissions,emissions,Disengaged,drug_z_x_stim_param,0.0,0.0,Drug − saline contrast,0.9976194802544552,true
17,1,12,Emissions,emissions,Disengaged,drug_z_x_choice_lag_param,0.32693198323249817,0.655424177646637,Drug − saline contrast,0.9976194802544552,false
17,1,12,Transitions,transitions,Engaged → Disengaged,bias,-5.5078582763671875,-5.5078582763671875,Base coefficient,0.9976194802544552,false
17,1,12,Transitions,transitions,Engaged → Disengaged,cumulative_reward,0.9433441162109375,0.9433441162109375,Base coefficient,0.9976194802544552,false
17,1,12,Transitions,transitions,Engaged → Disengaged,drug_z,2.337730646133423,4.686617851257324,Drug − saline contrast,0.9976194802544552,false
17,1,12,Transitions,transitions,Disengaged → Engaged,bias,-3.064389228820801,-3.064389228820801,Base coefficient,0.9976194802544552,false
17,1,12,Transitions,transitions,Disengaged → Engaged,cumulative_reward,0.6095646023750305,0.6095646023750305,Base coefficient,0.9976194802544552,false
17,1,12,Transitions,transitions,Disengaged → Engaged,drug_z,0.9075444340705872,1.8194199800491333,Drug − saline contrast,0.9976194802544552,false
17,1,13,Emissions,emissions,Engaged,stim_param,1.0370060205459595,1.0370060205459595,Base coefficient,0.999363208593442,false
17,1,13,Emissions,emissions,Engaged,choice_lag_param,0.8793243765830994,0.8793243765830994,Base coefficient,0.999363208593442,false
17,1,13,Emissions,emissions,Engaged,bias,-0.18936561048030853,-0.18936561048030853,Base coefficient,0.999363208593442,false
17,1,13,Emissions,emissions,Engaged,drug_z_x_stim_param,-0.1556806117296219,-0.31155961751937866,Drug − saline contrast,0.999363208593442,false
17,1,13,Emissions,emissions,Engaged,drug_z_x_choice_lag_param,0.4368259310722351,0.8742085695266724,Drug − saline contrast,0.999363208593442,false
17,1,13,Emissions,emissions,Disengaged,stim_param,0.0,0.0,Base coefficient,0.999363208593442,true
17,1,13,Emissions,emissions,Disengaged,choice_lag_param,3.1398589611053467,3.1398589611053467,Base coefficient,0.999363208593442,false
17,1,13,Emissions,emissions,Disengaged,bias,-0.6128943562507629,-0.6128943562507629,Base coefficient,0.999363208593442,false
17,1,13,Emissions,emissions,Disengaged,drug_z_x_stim_param,0.0,0.0,Drug − saline contrast,0.999363208593442,true
17,1,13,Emissions,emissions,Disengaged,drug_z_x_choice_lag_param,1.2435851097106934,2.488754987716675,Drug − saline contrast,0.999363208593442,false
17,1,13,Transitions,transitions,Engaged → Disengaged,bias,-5.060454845428467,-5.060454845428467,Base coefficient,0.999363208593442,false
17,1,13,Transitions,transitions,Engaged → Disengaged,cumulative_reward,0.5303283333778381,0.5303283333778381,Base coefficient,0.999363208593442,false
17,1,13,Transitions,transitions,Engaged → Disengaged,drug_z,2.6061253547668457,5.215571880340576,Drug − saline contrast,0.999363208593442,false
17,1,13,Transitions,transitions,Disengaged → Engaged,bias,-2.9552323818206787,-2.9552323818206787,Base coefficient,0.999363208593442,false
17,1,13,Transitions,transitions,Disengaged → Engaged,cumulative_reward,0.45717543363571167,0.45717543363571167,Base coefficient,0.999363208593442,false
17,1,13,Transitions,transitions,Disengaged → Engaged,drug_z,1.1432305574417114,2.2879180908203125,Drug − saline contrast,0.999363208593442,false
17,1,14,Emissions,emissions,Engaged,stim_param,1.0348337888717651,1.0348337888717651,Base coefficient,0.9975650692444731,false
17,1,14,Emissions,emissions,Engaged,choice_lag_param,0.8608747124671936,0.8608747124671936,Base coefficient,0.9975650692444731,false
17,1,14,Emissions,emissions,Engaged,bias,-0.14552687108516693,-0.14552687108516693,Base coefficient,0.9975650692444731,false
17,1,14,Emissions,emissions,Engaged,drug_z_x_stim_param,-0.15191532671451569,-0.3045722544193268,Drug − saline contrast,0.9975650692444731,false
17,1,14,Emissions,emissions,Engaged,drug_z_x_choice_lag_param,0.4189532399177551,0.8399516940116882,Drug − saline contrast,0.9975650692444731,false
17,1,14,Emissions,emissions,Disengaged,stim_param,0.0,0.0,Base coefficient,0.9975650692444731,true
17,1,14,Emissions,emissions,Disengaged,choice_lag_param,3.0857596397399902,3.0857596397399902,Base coefficient,0.9975650692444731,false
17,1,14,Emissions,emissions,Disengaged,bias,-0.6158455610275269,-0.6158455610275269,Base coefficient,0.9975650692444731,false
17,1,14,Emissions,emissions,Disengaged,drug_z_x_stim_param,0.0,0.0,Drug − saline contrast,0.9975650692444731,true
17,1,14,Emissions,emissions,Disengaged,drug_z_x_choice_lag_param,0.697084903717041,1.3975727558135986,Drug − saline contrast,0.9975650692444731,false
17,1,14,Transitions,transitions,Engaged → Disengaged,bias,-4.96979284286499,-4.96979284286499,Base coefficient,0.9975650692444731,false
17,1,14,Transitions,transitions,Engaged → Disengaged,cumulative_reward,0.5987647175788879,0.5987647175788879,Base coefficient,0.9975650692444731,false
17,1,14,Transitions,transitions,Engaged → Disengaged,drug_z,2.583167791366577,5.178946018218994,Drug − saline contrast,0.9975650692444731,false
17,1,14,Transitions,transitions,Disengaged → Engaged,bias,-2.9435980319976807,-2.9435980319976807,Base coefficient,0.9975650692444731,false
17,1,14,Transitions,transitions,Disengaged → Engaged,cumulative_reward,0.5894080996513367,0.5894080996513367,Base coefficient,0.9975650692444731,false
17,1,14,Transitions,transitions,Disengaged → Engaged,drug_z,1.1344294548034668,2.2743968963623047,Drug − saline contrast,0.9975650692444731,false
17,1,15,Emissions,emissions,Engaged,stim_param,0.9996868371963501,0.9996868371963501,Base coefficient,0.9992646909483055,false
17,1,15,Emissions,emissions,Engaged,choice_lag_param,0.9366569519042969,0.9366569519042969,Base coefficient,0.9992646909483055,false
17,1,15,Emissions,emissions,Engaged,bias,-0.15757997334003448,-0.15757997334003448,Base coefficient,0.9992646909483055,false
17,1,15,Emissions,emissions,Engaged,drug_z_x_stim_param,-0.1122109442949295,-0.22458702325820923,Drug − saline contrast,0.9992646909483055,false
17,1,15,Emissions,emissions,Engaged,drug_z_x_choice_lag_param,0.39787688851356506,0.7963393330574036,Drug − saline contrast,0.9992646909483055,false
17,1,15,Emissions,emissions,Disengaged,stim_param,0.0,0.0,Base coefficient,0.9992646909483055,true
17,1,15,Emissions,emissions,Disengaged,choice_lag_param,3.3200981616973877,3.3200981616973877,Base coefficient,0.9992646909483055,false
17,1,15,Emissions,emissions,Disengaged,bias,-0.7144525647163391,-0.7144525647163391,Base coefficient,0.9992646909483055,false
17,1,15,Emissions,emissions,Disengaged,drug_z_x_stim_param,0.0,0.0,Drug − saline contrast,0.9992646909483055,true
17,1,15,Emissions,emissions,Disengaged,drug_z_x_choice_lag_param,0.26706138253211975,0.5345157980918884,Drug − saline contrast,0.9992646909483055,false
17,1,15,Transitions,transitions,Engaged → Disengaged,bias,-5.133235454559326,-5.133235454559326,Base coefficient,0.9992646909483055,false
17,1,15,Transitions,transitions,Engaged → Disengaged,cumulative_reward,0.6388463973999023,0.6388463973999023,Base coefficient,0.9992646909483055,false
17,1,15,Transitions,transitions,Engaged → Disengaged,drug_z,2.3674778938293457,4.738440036773682,Drug − saline contrast,0.9992646909483055,false
17,1,15,Transitions,transitions,Disengaged → Engaged,bias,-2.9294886589050293,-2.9294886589050293,Base coefficient,0.9992646909483055,false
17,1,15,Transitions,transitions,Disengaged → Engaged,cumulative_reward,0.5677041411399841,0.5677041411399841,Base coefficient,0.9992646909483055,false
17,1,15,Transitions,transitions,Disengaged → Engaged,drug_z,0.9898719787597656,1.9812006950378418,Drug − saline contrast,0.9992646909483055,false
17,1,16,Emissions,emissions,Engaged,stim_param,1.0390857458114624,1.0390857458114624,Base coefficient,0.9976059427942954,false
17,1,16,Emissions,emissions,Engaged,choice_lag_param,0.8710910677909851,0.8710910677909851,Base coefficient,0.9976059427942954,false
17,1,16,Emissions,emissions,Engaged,bias,-0.13612383604049683,-0.13612383604049683,Base coefficient,0.9976059427942954,false
17,1,16,Emissions,emissions,Engaged,drug_z_x_stim_param,-0.1403300017118454,-0.2813335359096527,Drug − saline contrast,0.9976059427942954,false
17,1,16,Emissions,emissions,Engaged,drug_z_x_choice_lag_param,0.4281061291694641,0.8582670092582703,Drug − saline contrast,0.9976059427942954,false
17,1,16,Emissions,emissions,Disengaged,stim_param,0.0,0.0,Base coefficient,0.9976059427942954,true
17,1,16,Emissions,emissions,Disengaged,choice_lag_param,3.093355655670166,3.093355655670166,Base coefficient,0.9976059427942954,false
17,1,16,Emissions,emissions,Disengaged,bias,-0.6495611667633057,-0.6495611667633057,Base coefficient,0.9976059427942954,false
17,1,16,Emissions,emissions,Disengaged,drug_z_x_stim_param,0.0,0.0,Drug − saline contrast,0.9976059427942954,true
17,1,16,Emissions,emissions,Disengaged,drug_z_x_choice_lag_param,0.6487020254135132,1.3005175590515137,Drug − saline contrast,0.9976059427942954,false
17,1,16,Transitions,transitions,Engaged → Disengaged,bias,-4.965972900390625,-4.965972900390625,Base coefficient,0.9976059427942954,false
17,1,16,Transitions,transitions,Engaged → Disengaged,cumulative_reward,0.5828850865364075,0.5828850865364075,Base coefficient,0.9976059427942954,false
17,1,16,Transitions,transitions,Engaged → Disengaged,drug_z,2.5635018348693848,5.139307498931885,Drug − saline contrast,0.9976059427942954,false
17,1,16,Transitions,transitions,Disengaged → Engaged,bias,-2.911302089691162,-2.911302089691162,Base coefficient,0.9976059427942954,false
17,1,16,Transitions,transitions,Disengaged → Engaged,cumulative_reward,0.5467557907104492,0.5467557907104492,Base coefficient,0.9976059427942954,false
17,1,16,Transitions,transitions,Disengaged → Engaged,drug_z,1.1052039861679077,2.215712547302246,Drug − saline contrast,0.9976059427942954,false
17,1,17,Emissions,emissions,Engaged,stim_param,1.0260804891586304,1.0260804891586304,Base coefficient,0.9993495988336187,false
17,1,17,Emissions,emissions,Engaged,choice_lag_param,0.9388695359230042,0.9388695359230042,Base coefficient,0.9993495988336187,false
17,1,17,Emissions,emissions,Engaged,bias,-0.14736910164356232,-0.14736910164356232,Base coefficient,0.9993495988336187,false
17,1,17,Emissions,emissions,Engaged,drug_z_x_stim_param,-0.13569355010986328,-0.27156373858451843,Drug − saline contrast,0.9993495988336187,false
17,1,17,Emissions,emissions,Engaged,drug_z_x_choice_lag_param,0.39543473720550537,0.791384220123291,Drug − saline contrast,0.9993495988336187,false
17,1,17,Emissions,emissions,Disengaged,stim_param,0.0,0.0,Base coefficient,0.9993495988336187,true
17,1,17,Emissions,emissions,Disengaged,choice_lag_param,3.235067367553711,3.235067367553711,Base coefficient,0.9993495988336187,false
17,1,17,Emissions,emissions,Disengaged,bias,-0.687305748462677,-0.687305748462677,Base coefficient,0.9993495988336187,false
17,1,17,Emissions,emissions,Disengaged,drug_z_x_stim_param,0.0,0.0,Drug − saline contrast,0.9993495988336187,true
17,1,17,Emissions,emissions,Disengaged,drug_z_x_choice_lag_param,0.4861663281917572,0.9729654788970947,Drug − saline contrast,0.9993495988336187,false
17,1,17,Transitions,transitions,Engaged → Disengaged,bias,-5.15441370010376,-5.15441370010376,Base coefficient,0.9993495988336187,false
17,1,17,Transitions,transitions,Engaged → Disengaged,cumulative_reward,0.5954299569129944,0.5954299569129944,Base coefficient,0.9993495988336187,false
17,1,17,Transitions,transitions,Engaged → Disengaged,drug_z,2.512049436569214,5.027368545532227,Drug − saline contrast,0.9993495988336187,false
17,1,17,Transitions,transitions,Disengaged → Engaged,bias,-2.946091890335083,-2.946091890335083,Base coefficient,0.9993495988336187,false
17,1,17,Transitions,transitions,Disengaged → Engaged,cumulative_reward,0.5234488844871521,0.5234488844871521,Base coefficient,0.9993495988336187,false
17,1,17,Transitions,transitions,Disengaged → Engaged,drug_z,1.0678600072860718,2.1371099948883057,Drug − saline contrast,0.9993495988336187,false
17,1,18,Emissions,emissions,Engaged,stim_param,1.0550174713134766,1.0550174713134766,Base coefficient,0.9976997941794308,false
17,1,18,Emissions,emissions,Engaged,choice_lag_param,0.869739830493927,0.869739830493927,Base coefficient,0.9976997941794308,false
17,1,18,Emissions,emissions,Engaged,bias,-0.18338172137737274,-0.18338172137737274,Base coefficient,0.9976997941794308,false
17,1,18,Emissions,emissions,Engaged,drug_z_x_stim_param,-0.11088170856237411,-0.22227469086647034,Drug − saline contrast,0.9976997941794308,false
17,1,18,Emissions,emissions,Engaged,drug_z_x_choice_lag_param,0.41584882140159607,0.8336151242256165,Drug − saline contrast,0.9976997941794308,false
17,1,18,Emissions,emissions,Disengaged,stim_param,0.0,0.0,Base coefficient,0.9976997941794308,true
17,1,18,Emissions,emissions,Disengaged,choice_lag_param,3.2576446533203125,3.2576446533203125,Base coefficient,0.9976997941794308,false
17,1,18,Emissions,emissions,Disengaged,bias,-0.8979891538619995,-0.8979891538619995,Base coefficient,0.9976997941794308,false
17,1,18,Emissions,emissions,Disengaged,drug_z_x_stim_param,0.0,0.0,Drug − saline contrast,0.9976997941794308,true
17,1,18,Emissions,emissions,Disengaged,drug_z_x_choice_lag_param,-0.11917577683925629,-0.2389010787010193,Drug − saline contrast,0.9976997941794308,false
17,1,18,Transitions,transitions,Engaged → Disengaged,bias,-5.005975723266602,-5.005975723266602,Base coefficient,0.9976997941794308,false
17,1,18,Transitions,transitions,Engaged → Disengaged,cumulative_reward,0.7029677629470825,0.7029677629470825,Base coefficient,0.9976997941794308,false
17,1,18,Transitions,transitions,Engaged → Disengaged,drug_z,2.5012545585632324,5.014042377471924,Drug − saline contrast,0.9976997941794308,false
17,1,18,Transitions,transitions,Disengaged → Engaged,bias,-2.738105058670044,-2.738105058670044,Base coefficient,0.9976997941794308,false
17,1,18,Transitions,transitions,Disengaged → Engaged,cumulative_reward,0.7091569304466248,0.7091569304466248,Base coefficient,0.9976997941794308,false
17,1,18,Transitions,transitions,Disengaged → Engaged,drug_z,1.050536036491394,2.1059160232543945,Drug − saline contrast,0.9976997941794308,false
17,1,19,Emissions,emissions,Engaged,stim_param,1.0570666790008545,1.0570666790008545,Base coefficient,0.999363208593442,false
17,1,19,Emissions,emissions,Engaged,choice_lag_param,0.8830088376998901,0.8830088376998901,Base coefficient,0.999363208593442,false
17,1,19,Emissions,emissions,Engaged,bias,-0.13804271817207336,-0.13804271817207336,Base coefficient,0.999363208593442,false
17,1,19,Emissions,emissions,Engaged,drug_z_x_stim_param,-0.1575009673833847,-0.31520265340805054,Drug − saline contrast,0.999363208593442,false
17,1,19,Emissions,emissions,Engaged,drug_z_x_choice_lag_param,0.4423009753227234,0.8851656317710876,Drug − saline contrast,0.999363208593442,false
17,1,19,Emissions,emissions,Disengaged,stim_param,0.0,0.0,Base coefficient,0.999363208593442,true
17,1,19,Emissions,emissions,Disengaged,choice_lag_param,3.0845589637756348,3.0845589637756348,Base coefficient,0.999363208593442,false
17,1,19,Emissions,emissions,Disengaged,bias,-0.6239529848098755,-0.6239529848098755,Base coefficient,0.999363208593442,false
17,1,19,Emissions,emissions,Disengaged,drug_z_x_stim_param,0.0,0.0,Drug − saline contrast,0.999363208593442,true
17,1,19,Emissions,emissions,Disengaged,drug_z_x_choice_lag_param,0.3563813865184784,0.7132169604301453,Drug − saline contrast,0.999363208593442,false
17,1,19,Transitions,transitions,Engaged → Disengaged,bias,-4.936619281768799,-4.936619281768799,Base coefficient,0.999363208593442,false
17,1,19,Transitions,transitions,Engaged → Disengaged,cumulative_reward,0.5337266325950623,0.5337266325950623,Base coefficient,0.999363208593442,false
17,1,19,Transitions,transitions,Engaged → Disengaged,drug_z,2.662147045135498,5.327686786651611,Drug − saline contrast,0.999363208593442,false
17,1,19,Transitions,transitions,Disengaged → Engaged,bias,-2.9000885486602783,-2.9000885486602783,Base coefficient,0.999363208593442,false
17,1,19,Transitions,transitions,Disengaged → Engaged,cumulative_reward,0.44833675026893616,0.44833675026893616,Base coefficient,0.999363208593442,false
17,1,19,Transitions,transitions,Disengaged → Engaged,drug_z,1.1821513175964355,2.365809202194214,Drug − saline contrast,0.999363208593442,false
17,1,20,Emissions,emissions,Engaged,stim_param,1.0622974634170532,1.0622974634170532,Base coefficient,0.9977262196151618,false
17,1,20,Emissions,emissions,Engaged,choice_lag_param,0.867596447467804,0.867596447467804,Base coefficient,0.9977262196151618,false
17,1,20,Emissions,emissions,Engaged,bias,-0.1508454531431198,-0.1508454531431198,Base coefficient,0.9977262196151618,false
17,1,20,Emissions,emissions,Engaged,drug_z_x_stim_param,-0.10305587202310562,-0.2065814733505249,Drug − saline contrast,0.9977262196151618,false
17,1,20,Emissions,emissions,Engaged,drug_z_x_choice_lag_param,0.41614389419555664,0.8341845273971558,Drug − saline contrast,0.9977262196151618,false
17,1,20,Emissions,emissions,Disengaged,stim_param,0.0,0.0,Base coefficient,0.9977262196151618,true
17,1,20,Emissions,emissions,Disengaged,choice_lag_param,3.36336612701416,3.36336612701416,Base coefficient,0.9977262196151618,false
17,1,20,Emissions,emissions,Disengaged,bias,-0.6200031638145447,-0.6200031638145447,Base coefficient,0.9977262196151618,false
17,1,20,Emissions,emissions,Disengaged,drug_z_x_stim_param,0.0,0.0,Drug − saline contrast,0.9977262196151618,true
17,1,20,Emissions,emissions,Disengaged,drug_z_x_choice_lag_param,0.5756546854972839,1.1539331674575806,Drug − saline contrast,0.9977262196151618,false
17,1,20,Transitions,transitions,Engaged → Disengaged,bias,-5.0821146965026855,-5.0821146965026855,Base coefficient,0.9977262196151618,false
17,1,20,Transitions,transitions,Engaged → Disengaged,cumulative_reward,0.6513057351112366,0.6513057351112366,Base coefficient,0.9977262196151618,false
17,1,20,Transitions,transitions,Engaged → Disengaged,drug_z,2.166407346725464,4.342689037322998,Drug − saline contrast,0.9977262196151618,false
17,1,20,Transitions,transitions,Disengaged → Engaged,bias,-2.9012279510498047,-2.9012279510498047,Base coefficient,0.9977262196151618,false
17,1,20,Transitions,transitions,Disengaged → Engaged,cumulative_reward,0.5843861103057861,0.5843861103057861,Base coefficient,0.9977262196151618,false
17,1,20,Transitions,transitions,Disengaged → Engaged,drug_z,0.834204912185669,1.6722121238708496,Drug − saline contrast,0.9977262196151618,false
18,1,1,Emissions,emissions,Engaged,stim_param,1.0999252796173096,1.0999252796173096,Base coefficient,0.9887119603516059,false
18,1,1,Emissions,emissions,Engaged,choice_lag_param,0.9591326713562012,0.9591326713562012,Base coefficient,0.9887119603516059,false
18,1,1,Emissions,emissions,Engaged,bias,-0.17631715536117554,-0.17631715536117554,Base coefficient,0.9887119603516059,false
18,1,1,Emissions,emissions,Engaged,drug_z_x_stim_param,-0.1956317275762558,-0.39573046565055847,Drug − saline contrast,0.9887119603516059,false
18,1,1,Emissions,emissions,Engaged,drug_z_x_choice_lag_param,-0.037042584270238876,-0.07493099570274353,Drug − saline contrast,0.9887119603516059,false
18,1,1,Emissions,emissions,Disengaged,stim_param,0.0,0.0,Base coefficient,0.9887119603516059,true
18,1,1,Emissions,emissions,Disengaged,choice_lag_param,1.0404486656188965,1.0404486656188965,Base coefficient,0.9887119603516059,false
18,1,1,Emissions,emissions,Disengaged,bias,0.6161920428276062,0.6161920428276062,Base coefficient,0.9887119603516059,false
18,1,1,Emissions,emissions,Disengaged,drug_z_x_stim_param,0.0,0.0,Drug − saline contrast,0.9887119603516059,true
18,1,1,Emissions,emissions,Disengaged,drug_z_x_choice_lag_param,0.06081235781311989,0.12301329523324966,Drug − saline contrast,0.9887119603516059,false
18,1,1,Transitions,transitions,Engaged → Disengaged,bias,-5.789926052093506,-5.789926052093506,Base coefficient,0.9887119603516059,false
18,1,1,Transitions,transitions,Engaged → Disengaged,cumulative_reward,0.10776569694280624,0.10776569694280624,Base coefficient,0.9887119603516059,false
18,1,1,Transitions,transitions,Engaged → Disengaged,drug_z,1.150987148284912,2.3282556533813477,Drug − saline contrast,0.9887119603516059,false
18,1,1,Transitions,transitions,Disengaged → Engaged,bias,-5.659091949462891,-5.659091949462891,Base coefficient,0.9887119603516059,false
18,1,1,Transitions,transitions,Disengaged → Engaged,cumulative_reward,0.20326198637485504,0.20326198637485504,Base coefficient,0.9887119603516059,false
18,1,1,Transitions,transitions,Disengaged → Engaged,drug_z,0.5284020304679871,1.0688694715499878,Drug − saline contrast,0.9887119603516059,false
18,1,2,Emissions,emissions,Engaged,stim_param,1.287915825843811,1.287915825843811,Base coefficient,0.9967168224017611,false
18,1,2,Emissions,emissions,Engaged,choice_lag_param,0.9483997225761414,0.9483997225761414,Base coefficient,0.9967168224017611,false
18,1,2,Emissions,emissions,Engaged,bias,-0.20349657535552979,-0.20349657535552979,Base coefficient,0.9967168224017611,false
18,1,2,Emissions,emissions,Engaged,drug_z_x_stim_param,-0.1740223616361618,-0.34919118881225586,Drug − saline contrast,0.9967168224017611,false
18,1,2,Emissions,emissions,Engaged,drug_z_x_choice_lag_param,-0.04454083740711212,-0.08937510848045349,Drug − saline contrast,0.9967168224017611,false
18,1,2,Emissions,emissions,Disengaged,stim_param,0.0,0.0,Base coefficient,0.9967168224017611,true
18,1,2,Emissions,emissions,Disengaged,choice_lag_param,1.0351359844207764,1.0351359844207764,Base coefficient,0.9967168224017611,false
18,1,2,Emissions,emissions,Disengaged,bias,0.3883886933326721,0.3883886933326721,Base coefficient,0.9967168224017611,false
18,1,2,Emissions,emissions,Disengaged,drug_z_x_stim_param,0.0,0.0,Drug − saline contrast,0.9967168224017611,true
18,1,2,Emissions,emissions,Disengaged,drug_z_x_choice_lag_param,0.010126842185854912,0.020320400595664978,Drug − saline contrast,0.9967168224017611,false
18,1,2,Transitions,transitions,Engaged → Disengaged,bias,-17.011465072631836,-17.011465072631836,Base coefficient,0.9967168224017611,false
18,1,2,Transitions,transitions,Engaged → Disengaged,cumulative_reward,9.3898344039917,9.3898344039917,Base coefficient,0.9967168224017611,false
18,1,2,Transitions,transitions,Engaged → Disengaged,drug_z,-0.7027978897094727,-1.4102258682250977,Drug − saline contrast,0.9967168224017611,false
18,1,2,Transitions,transitions,Disengaged → Engaged,bias,-7.167144775390625,-7.167144775390625,Base coefficient,0.9967168224017611,false
18,1,2,Transitions,transitions,Disengaged → Engaged,cumulative_reward,1.5080331563949585,1.5080331563949585,Base coefficient,0.9967168224017611,false
18,1,2,Transitions,transitions,Disengaged → Engaged,drug_z,-0.14585234224796295,-0.29266557097435,Drug − saline contrast,0.9967168224017611,false
18,1,3,Emissions,emissions,Engaged,stim_param,0.9548004269599915,0.9548004269599915,Base coefficient,0.9914520759360447,false
18,1,3,Emissions,emissions,Engaged,choice_lag_param,1.0501987934112549,1.0501987934112549,Base coefficient,0.9914520759360447,false
18,1,3,Emissions,emissions,Engaged,bias,0.11461226642131805,0.11461226642131805,Base coefficient,0.9914520759360447,false
18,1,3,Emissions,emissions,Engaged,drug_z_x_stim_param,-0.25889211893081665,-0.522248387336731,Drug − saline contrast,0.9914520759360447,false
18,1,3,Emissions,emissions,Engaged,drug_z_x_choice_lag_param,0.04824221879243851,0.09731628745794296,Drug − saline contrast,0.9914520759360447,false
18,1,3,Emissions,emissions,Disengaged,stim_param,0.0,0.0,Base coefficient,0.9914520759360447,true
18,1,3,Emissions,emissions,Disengaged,choice_lag_param,-3.6630311012268066,-3.6630311012268066,Base coefficient,0.9914520759360447,false
18,1,3,Emissions,emissions,Disengaged,bias,-7.644326210021973,-7.644326210021973,Base coefficient,0.9914520759360447,false
18,1,3,Emissions,emissions,Disengaged,drug_z_x_stim_param,0.0,0.0,Drug − saline contrast,0.9914520759360447,true
18,1,3,Emissions,emissions,Disengaged,drug_z_x_choice_lag_param,-1.0382126569747925,-2.094327449798584,Drug − saline contrast,0.9914520759360447,false
18,1,3,Transitions,transitions,Engaged → Disengaged,bias,-9.581241607666016,-9.581241607666016,Base coefficient,0.9914520759360447,false
18,1,3,Transitions,transitions,Engaged → Disengaged,cumulative_reward,-0.9561575055122375,-0.9561575055122375,Base coefficient,0.9914520759360447,false
18,1,3,Transitions,transitions,Engaged → Disengaged,drug_z,-4.500194549560547,-9.077986717224121,Drug − saline contrast,0.9914520759360447,false
18,1,3,Transitions,transitions,Disengaged → Engaged,bias,-2.3527753353118896,-2.3527753353118896,Base coefficient,0.9914520759360447,false
18,1,3,Transitions,transitions,Disengaged → Engaged,cumulative_reward,-0.6736364960670471,-0.6736364960670471,Base coefficient,0.9914520759360447,false
18,1,3,Transitions,transitions,Disengaged → Engaged,drug_z,-0.15091896057128906,-0.3044402599334717,Drug − saline contrast,0.9914520759360447,false
18,1,4,Emissions,emissions,Engaged,stim_param,1.4536172151565552,1.4536172151565552,Base coefficient,0.9960483193700047,false
18,1,4,Emissions,emissions,Engaged,choice_lag_param,1.0017892122268677,1.0017892122268677,Base coefficient,0.9960483193700047,false
18,1,4,Emissions,emissions,Engaged,bias,-0.17256265878677368,-0.17256265878677368,Base coefficient,0.9960483193700047,false
18,1,4,Emissions,emissions,Engaged,drug_z_x_stim_param,0.09999994933605194,0.20079337060451508,Drug − saline contrast,0.9960483193700047,false
18,1,4,Emissions,emissions,Engaged,drug_z_x_choice_lag_param,0.03787612169981003,0.07605277746915817,Drug − saline contrast,0.9960483193700047,false
18,1,4,Emissions,emissions,Disengaged,stim_param,0.0,0.0,Base coefficient,0.9960483193700047,true
18,1,4,Emissions,emissions,Disengaged,choice_lag_param,1.057342767715454,1.057342767715454,Base coefficient,0.9960483193700047,false
18,1,4,Emissions,emissions,Disengaged,bias,0.395932137966156,0.395932137966156,Base coefficient,0.9960483193700047,false
18,1,4,Emissions,emissions,Disengaged,drug_z_x_stim_param,0.0,0.0,Drug − saline contrast,0.9960483193700047,true
18,1,4,Emissions,emissions,Disengaged,drug_z_x_choice_lag_param,0.013254577293992043,0.026614325121045113,Drug − saline contrast,0.9960483193700047,false
18,1,4,Transitions,transitions,Engaged → Disengaged,bias,-19.598417282104492,-19.598417282104492,Base coefficient,0.9960483193700047,false
18,1,4,Transitions,transitions,Engaged → Disengaged,cumulative_reward,11.81383228302002,11.81383228302002,Base coefficient,0.9960483193700047,false
18,1,4,Transitions,transitions,Engaged → Disengaged,drug_z,-0.04728678986430168,-0.09494878351688385,Drug − saline contrast,0.9960483193700047,false
18,1,4,Transitions,transitions,Disengaged → Engaged,bias,-6.449047088623047,-6.449047088623047,Base coefficient,0.9960483193700047,false
18,1,4,Transitions,transitions,Disengaged → Engaged,cumulative_reward,1.9728734493255615,1.9728734493255615,Base coefficient,0.9960483193700047,false
18,1,4,Transitions,transitions,Disengaged → Engaged,drug_z,0.07499903440475464,0.15059316158294678,Drug − saline contrast,0.9960483193700047,false
18,1,5,Emissions,emissions,Engaged,stim_param,1.3576236963272095,1.3576236963272095,Base coefficient,0.9917002509604916,false
18,1,5,Emissions,emissions,Engaged,choice_lag_param,0.9539901614189148,0.9539901614189148,Base coefficient,0.9917002509604916,false
18,1,5,Emissions,emissions,Engaged,bias,-0.19077354669570923,-0.19077354669570923,Base coefficient,0.9917002509604916,false
18,1,5,Emissions,emissions,Engaged,drug_z_x_stim_param,-0.14700859785079956,-0.29647788405418396,Drug − saline contrast,0.9917002509604916,false
18,1,5,Emissions,emissions,Engaged,drug_z_x_choice_lag_param,-0.045403867959976196,-0.09156772494316101,Drug − saline contrast,0.9917002509604916,false
18,1,5,Emissions,emissions,Disengaged,stim_param,0.0,0.0,Base coefficient,0.9917002509604916,true
18,1,5,Emissions,emissions,Disengaged,choice_lag_param,1.0815824270248413,1.0815824270248413,Base coefficient,0.9917002509604916,false
18,1,5,Emissions,emissions,Disengaged,bias,0.3717157244682312,0.3717157244682312,Base coefficient,0.9917002509604916,false
18,1,5,Emissions,emissions,Disengaged,drug_z_x_stim_param,0.0,0.0,Drug − saline contrast,0.9917002509604916,true
18,1,5,Emissions,emissions,Disengaged,drug_z_x_choice_lag_param,0.02688952535390854,0.054229140281677246,Drug − saline contrast,0.9917002509604916,false
18,1,5,Transitions,transitions,Engaged → Disengaged,bias,-15.153647422790527,-15.153647422790527,Base coefficient,0.9917002509604916,false
18,1,5,Transitions,transitions,Engaged → Disengaged,cumulative_reward,8.42093563079834,8.42093563079834,Base coefficient,0.9917002509604916,false
18,1,5,Transitions,transitions,Engaged → Disengaged,drug_z,-0.4622591435909271,-0.9322558045387268,Drug − saline contrast,0.9917002509604916,false
18,1,5,Transitions,transitions,Disengaged → Engaged,bias,-6.538743019104004,-6.538743019104004,Base coefficient,0.9917002509604916,false
18,1,5,Transitions,transitions,Disengaged → Engaged,cumulative_reward,1.9418408870697021,1.9418408870697021,Base coefficient,0.9917002509604916,false
18,1,5,Transitions,transitions,Disengaged → Engaged,drug_z,-0.09761597961187363,-0.19686590135097504,Drug − saline contrast,0.9917002509604916,false
18,1,6,Emissions,emissions,Engaged,stim_param,1.314175009727478,1.314175009727478,Base coefficient,0.9957950005878325,false
18,1,6,Emissions,emissions,Engaged,choice_lag_param,0.9571452736854553,0.9571452736854553,Base coefficient,0.9957950005878325,false
18,1,6,Emissions,emissions,Engaged,bias,-0.19865533709526062,-0.19865533709526062,Base coefficient,0.9957950005878325,false
18,1,6,Emissions,emissions,Engaged,drug_z_x_stim_param,-0.13870012760162354,-0.27857163548469543,Drug − saline contrast,0.9957950005878325,false
18,1,6,Emissions,emissions,Engaged,drug_z_x_choice_lag_param,-0.03636058047413826,-0.07302824407815933,Drug − saline contrast,0.9957950005878325,false
18,1,6,Emissions,emissions,Disengaged,stim_param,0.0,0.0,Base coefficient,0.9957950005878325,true
18,1,6,Emissions,emissions,Disengaged,choice_lag_param,0.9807323217391968,0.9807323217391968,Base coefficient,0.9957950005878325,false
18,1,6,Emissions,emissions,Disengaged,bias,0.3785066306591034,0.3785066306591034,Base coefficient,0.9957950005878325,false
18,1,6,Emissions,emissions,Disengaged,drug_z_x_stim_param,0.0,0.0,Drug − saline contrast,0.9957950005878325,true
18,1,6,Emissions,emissions,Disengaged,drug_z_x_choice_lag_param,0.0061941854655742645,0.012440684251487255,Drug − saline contrast,0.9957950005878325,false
18,1,6,Transitions,transitions,Engaged → Disengaged,bias,-16.3046875,-16.3046875,Base coefficient,0.9957950005878325,false
18,1,6,Transitions,transitions,Engaged → Disengaged,cumulative_reward,9.11226749420166,9.11226749420166,Base coefficient,0.9957950005878325,false
18,1,6,Transitions,transitions,Engaged → Disengaged,drug_z,-0.5295130610466003,-1.0634981393814087,Drug − saline contrast,0.9957950005878325,false
18,1,6,Transitions,transitions,Disengaged → Engaged,bias,-5.892036437988281,-5.892036437988281,Base coefficient,0.9957950005878325,false
18,1,6,Transitions,transitions,Disengaged → Engaged,cumulative_reward,1.507777214050293,1.507777214050293,Base coefficient,0.9957950005878325,false
18,1,6,Transitions,transitions,Disengaged → Engaged,drug_z,0.016767622902989388,0.03367685526609421,Drug − saline contrast,0.9957950005878325,false
18,1,7,Emissions,emissions,Engaged,stim_param,1.3764822483062744,1.3764822483062744,Base coefficient,0.9906800122159504,false
18,1,7,Emissions,emissions,Engaged,choice_lag_param,0.9255107641220093,0.9255107641220093,Base coefficient,0.9906800122159504,false
18,1,7,Emissions,emissions,Engaged,bias,-0.19387970864772797,-0.19387970864772797,Base coefficient,0.9906800122159504,false
18,1,7,Emissions,emissions,Engaged,drug_z_x_stim_param,-0.150188609957695,-0.3032030463218689,Drug − saline contrast,0.9906800122159504,false
18,1,7,Emissions,emissions,Engaged,drug_z_x_choice_lag_param,-0.030842112377285957,-0.06226452812552452,Drug − saline contrast,0.9906800122159504,false
18,1,7,Emissions,emissions,Disengaged,stim_param,0.0,0.0,Base coefficient,0.9906800122159504,true
18,1,7,Emissions,emissions,Disengaged,choice_lag_param,1.095573902130127,1.095573902130127,Base coefficient,0.9906800122159504,false
18,1,7,Emissions,emissions,Disengaged,bias,0.3672160506248474,0.3672160506248474,Base coefficient,0.9906800122159504,false
18,1,7,Emissions,emissions,Disengaged,drug_z_x_stim_param,0.0,0.0,Drug − saline contrast,0.9906800122159504,true
18,1,7,Emissions,emissions,Disengaged,drug_z_x_choice_lag_param,-0.0001432398275937885,-0.0002891747571993619,Drug − saline contrast,0.9906800122159504,false
18,1,7,Transitions,transitions,Engaged → Disengaged,bias,-17.672277450561523,-17.672277450561523,Base coefficient,0.9906800122159504,false
18,1,7,Transitions,transitions,Engaged → Disengaged,cumulative_reward,10.011626243591309,10.011626243591309,Base coefficient,0.9906800122159504,false
18,1,7,Transitions,transitions,Engaged → Disengaged,drug_z,-0.02112269401550293,-0.04264281690120697,Drug − saline contrast,0.9906800122159504,false
18,1,7,Transitions,transitions,Disengaged → Engaged,bias,-6.703425884246826,-6.703425884246826,Base coefficient,0.9906800122159504,false
18,1,7,Transitions,transitions,Disengaged → Engaged,cumulative_reward,2.155019760131836,2.155019760131836,Base coefficient,0.9906800122159504,false
18,1,7,Transitions,transitions,Disengaged → Engaged,drug_z,-0.10691262781620026,-0.21583685278892517,Drug − saline contrast,0.9906800122159504,false
18,1,8,Emissions,emissions,Engaged,stim_param,1.2794852256774902,1.2794852256774902,Base coefficient,0.996935800313972,false
18,1,8,Emissions,emissions,Engaged,choice_lag_param,0.9414697289466858,0.9414697289466858,Base coefficient,0.996935800313972,false
18,1,8,Emissions,emissions,Engaged,bias,-0.2141137272119522,-0.2141137272119522,Base coefficient,0.996935800313972,false
18,1,8,Emissions,emissions,Engaged,drug_z_x_stim_param,-0.167367622256279,-0.3357641100883484,Drug − saline contrast,0.996935800313972,false
18,1,8,Emissions,emissions,Engaged,drug_z_x_choice_lag_param,-0.04981329292058945,-0.09993280470371246,Drug − saline contrast,0.996935800313972,false
18,1,8,Emissions,emissions,Disengaged,stim_param,0.0,0.0,Base coefficient,0.996935800313972,true
18,1,8,Emissions,emissions,Disengaged,choice_lag_param,1.0905438661575317,1.0905438661575317,Base coefficient,0.996935800313972,false
18,1,8,Emissions,emissions,Disengaged,bias,0.466181218624115,0.466181218624115,Base coefficient,0.996935800313972,false
18,1,8,Emissions,emissions,Disengaged,drug_z_x_stim_param,0.0,0.0,Drug − saline contrast,0.996935800313972,true
18,1,8,Emissions,emissions,Disengaged,drug_z_x_choice_lag_param,0.021548420190811157,0.04322930425405502,Drug − saline contrast,0.996935800313972,false
18,1,8,Transitions,transitions,Engaged → Disengaged,bias,-14.239934921264648,-14.239934921264648,Base coefficient,0.996935800313972,false
18,1,8,Transitions,transitions,Engaged → Disengaged,cumulative_reward,7.316009521484375,7.316009521484375,Base coefficient,0.996935800313972,false
18,1,8,Transitions,transitions,Engaged → Disengaged,drug_z,-0.7028082013130188,-1.409936785697937,Drug − saline contrast,0.996935800313972,false
18,1,8,Transitions,transitions,Disengaged → Engaged,bias,-6.508811950683594,-6.508811950683594,Base coefficient,0.996935800313972,false
18,1,8,Transitions,transitions,Disengaged → Engaged,cumulative_reward,0.9355958104133606,0.9355958104133606,Base coefficient,0.996935800313972,false
18,1,8,Transitions,transitions,Disengaged → Engaged,drug_z,-0.09593147039413452,-0.19245265424251556,Drug − saline contrast,0.996935800313972,false
18,1,9,Emissions,emissions,Engaged,stim_param,1.198171854019165,1.198171854019165,Base coefficient,0.9903459162625283,false
18,1,9,Emissions,emissions,Engaged,choice_lag_param,0.9425055980682373,0.9425055980682373,Base coefficient,0.9903459162625283,false
18,1,9,Emissions,emissions,Engaged,bias,-0.21233506500720978,-0.21233506500720978,Base coefficient,0.9903459162625283,false
18,1,9,Emissions,emissions,Engaged,drug_z_x_stim_param,-0.24223579466342926,-0.4891943335533142,Drug − saline contrast,0.9903459162625283,false
18,1,9,Emissions,emissions,Engaged,drug_z_x_choice_lag_param,-0.03307443484663963,-0.06679370254278183,Drug − saline contrast,0.9903459162625283,false
18,1,9,Emissions,emissions,Disengaged,stim_param,0.0,0.0,Base coefficient,0.9903459162625283,true
18,1,9,Emissions,emissions,Disengaged,choice_lag_param,1.037097692489624,1.037097692489624,Base coefficient,0.9903459162625283,false
18,1,9,Emissions,emissions,Disengaged,bias,0.5963851809501648,0.5963851809501648,Base coefficient,0.9903459162625283,false
18,1,9,Emissions,emissions,Disengaged,drug_z_x_stim_param,0.0,0.0,Drug − saline contrast,0.9903459162625283,true
18,1,9,Emissions,emissions,Disengaged,drug_z_x_choice_lag_param,0.06527283787727356,0.1318182647228241,Drug − saline contrast,0.9903459162625283,false
18,1,9,Transitions,transitions,Engaged → Disengaged,bias,-5.659788131713867,-5.659788131713867,Base coefficient,0.9903459162625283,false
18,1,9,Transitions,transitions,Engaged → Disengaged,cumulative_reward,0.6891014575958252,0.6891014575958252,Base coefficient,0.9903459162625283,false
18,1,9,Transitions,transitions,Engaged → Disengaged,drug_z,0.7895317673683167,1.5944565534591675,Drug − saline contrast,0.9903459162625283,false
18,1,9,Transitions,transitions,Disengaged → Engaged,bias,-5.646873950958252,-5.646873950958252,Base coefficient,0.9903459162625283,false
18,1,9,Transitions,transitions,Disengaged → Engaged,cumulative_reward,0.44280073046684265,0.44280073046684265,Base coefficient,0.9903459162625283,false
18,1,9,Transitions,transitions,Disengaged → Engaged,drug_z,0.4364318251609802,0.8813725113868713,Drug − saline contrast,0.9903459162625283,false
18,1,10,Emissions,emissions,Engaged,stim_param,1.1923158168792725,1.1923158168792725,Base coefficient,0.9961715395172334,false
18,1,10,Emissions,emissions,Engaged,choice_lag_param,0.9410701990127563,0.9410701990127563,Base coefficient,0.9961715395172334,false
18,1,10,Emissions,emissions,Engaged,bias,-0.17313319444656372,-0.17313319444656372,Base coefficient,0.9961715395172334,false
18,1,10,Emissions,emissions,Engaged,drug_z_x_stim_param,-0.2489793300628662,-0.4998724162578583,Drug − saline contrast,0.9961715395172334,false
18,1,10,Emissions,emissions,Engaged,drug_z_x_choice_lag_param,-0.04387920722365379,-0.08809568732976913,Drug − saline contrast,0.9961715395172334,false
18,1,10,Emissions,emissions,Disengaged,stim_param,0.0,0.0,Base coefficient,0.9961715395172334,true
18,1,10,Emissions,emissions,Disengaged,choice_lag_param,1.2642600536346436,1.2642600536346436,Base coefficient,0.9961715395172334,false
18,1,10,Emissions,emissions,Disengaged,bias,0.6302990913391113,0.6302990913391113,Base coefficient,0.9961715395172334,false
18,1,10,Emissions,emissions,Disengaged,drug_z_x_stim_param,0.0,0.0,Drug − saline contrast,0.9961715395172334,true
18,1,10,Emissions,emissions,Disengaged,drug_z_x_choice_lag_param,0.1156284287571907,0.23214562237262726,Drug − saline contrast,0.9961715395172334,false
18,1,10,Transitions,transitions,Engaged → Disengaged,bias,-5.813825607299805,-5.813825607299805,Base coefficient,0.9961715395172334,false
18,1,10,Transitions,transitions,Engaged → Disengaged,cumulative_reward,0.2893722355365753,0.2893722355365753,Base coefficient,0.9961715395172334,false
18,1,10,Transitions,transitions,Engaged → Disengaged,drug_z,0.9955384135246277,1.99872887134552,Drug − saline contrast,0.9961715395172334,false
18,1,10,Transitions,transitions,Disengaged → Engaged,bias,-5.221671104431152,-5.221671104431152,Base coefficient,0.9961715395172334,false
18,1,10,Transitions,transitions,Disengaged → Engaged,cumulative_reward,0.5106222033500671,0.5106222033500671,Base coefficient,0.9961715395172334,false
18,1,10,Transitions,transitions,Disengaged → Engaged,drug_z,0.3825308084487915,0.768001914024353,Drug − saline contrast,0.9961715395172334,false
19,1,1,Emissions,emissions,Engaged,stim_param,1.0212866067886353,1.0212866067886353,Base coefficient,0.990725151374744,false
19,1,1,Emissions,emissions,Engaged,choice_lag_param,1.0133109092712402,1.0133109092712402,Base coefficient,0.990725151374744,false
19,1,1,Emissions,emissions,Engaged,bias,0.08056720346212387,0.08056720346212387,Base coefficient,0.990725151374744,false
19,1,1,Emissions,emissions,Engaged,drug_z_x_stim_param,0.02621425688266754,0.052919331938028336,Drug − saline contrast,0.990725151374744,false
19,1,1,Emissions,emissions,Engaged,drug_z_x_choice_lag_param,0.1050640121102333,0.21209517121315002,Drug − saline contrast,0.990725151374744,false
19,1,1,Emissions,emissions,Disengaged,stim_param,0.0,0.0,Base coefficient,0.990725151374744,true
19,1,1,Emissions,emissions,Disengaged,choice_lag_param,0.9912093281745911,0.9912093281745911,Base coefficient,0.990725151374744,false
19,1,1,Emissions,emissions,Disengaged,bias,-2.1231532096862793,-2.1231532096862793,Base coefficient,0.990725151374744,false
19,1,1,Emissions,emissions,Disengaged,drug_z_x_stim_param,0.0,0.0,Drug − saline contrast,0.990725151374744,true
19,1,1,Emissions,emissions,Disengaged,drug_z_x_choice_lag_param,-0.0393797904253006,-0.07949690520763397,Drug − saline contrast,0.990725151374744,false
19,1,1,Transitions,transitions,Engaged → Disengaged,bias,-12.448838233947754,-12.448838233947754,Base coefficient,0.990725151374744,false
19,1,1,Transitions,transitions,Engaged → Disengaged,cumulative_reward,-4.866819381713867,-4.866819381713867,Base coefficient,0.990725151374744,false
19,1,1,Transitions,transitions,Engaged → Disengaged,drug_z,-0.11995704472064972,-0.24216008186340332,Drug − saline contrast,0.990725151374744,false
19,1,1,Transitions,transitions,Disengaged → Engaged,bias,-10.434326171875,-10.434326171875,Base coefficient,0.990725151374744,false
19,1,1,Transitions,transitions,Disengaged → Engaged,cumulative_reward,-0.0513540655374527,-0.0513540655374527,Base coefficient,0.990725151374744,false
19,1,1,Transitions,transitions,Disengaged → Engaged,drug_z,-0.21433444321155548,-0.43268194794654846,Drug − saline contrast,0.990725151374744,false
19,1,2,Emissions,emissions,Engaged,stim_param,1.0737979412078857,1.0737979412078857,Base coefficient,0.9881832698853071,false
19,1,2,Emissions,emissions,Engaged,choice_lag_param,0.9725193381309509,0.9725193381309509,Base coefficient,0.9881832698853071,false
19,1,2,Emissions,emissions,Engaged,bias,0.03681618347764015,0.03681618347764015,Base coefficient,0.9881832698853071,false
19,1,2,Emissions,emissions,Engaged,drug_z_x_stim_param,-0.08357512950897217,-0.16914905607700348,Drug − saline contrast,0.9881832698853071,false
19,1,2,Emissions,emissions,Engaged,drug_z_x_choice_lag_param,-0.025486167520284653,-0.051581863313913345,Drug − saline contrast,0.9881832698853071,false
19,1,2,Emissions,emissions,Disengaged,stim_param,0.0,0.0,Base coefficient,0.9881832698853071,true
19,1,2,Emissions,emissions,Disengaged,choice_lag_param,0.9903117418289185,0.9903117418289185,Base coefficient,0.9881832698853071,false
19,1,2,Emissions,emissions,Disengaged,bias,-2.128101348876953,-2.128101348876953,Base coefficient,0.9881832698853071,false
19,1,2,Emissions,emissions,Disengaged,drug_z_x_stim_param,0.0,0.0,Drug − saline contrast,0.9881832698853071,true
19,1,2,Emissions,emissions,Disengaged,drug_z_x_choice_lag_param,-0.029310008510947227,-0.059320997446775436,Drug − saline contrast,0.9881832698853071,false
19,1,2,Transitions,transitions,Engaged → Disengaged,bias,-12.242409706115723,-12.242409706115723,Base coefficient,0.9881832698853071,false
19,1,2,Transitions,transitions,Engaged → Disengaged,cumulative_reward,-4.73296594619751,-4.73296594619751,Base coefficient,0.9881832698853071,false
19,1,2,Transitions,transitions,Engaged → Disengaged,drug_z,0.42175689339637756,0.8536005616188049,Drug − saline contrast,0.9881832698853071,false
19,1,2,Transitions,transitions,Disengaged → Engaged,bias,-10.433107376098633,-10.433107376098633,Base coefficient,0.9881832698853071,false
19,1,2,Transitions,transitions,Disengaged → Engaged,cumulative_reward,-0.060293518006801605,-0.060293518006801605,Base coefficient,0.9881832698853071,false
19,1,2,Transitions,transitions,Disengaged → Engaged,drug_z,-0.47519558668136597,-0.9617559909820557,Drug − saline contrast,0.9881832698853071,false
19,1,3,Emissions,emissions,Engaged,stim_param,1.0430076122283936,1.0430076122283936,Base coefficient,0.9904749950323193,false
19,1,3,Emissions,emissions,Engaged,choice_lag_param,1.057941198348999,1.057941198348999,Base coefficient,0.9904749950323193,false
19,1,3,Emissions,emissions,Engaged,bias,0.1056475043296814,0.1056475043296814,Base coefficient,0.9904749950323193,false
19,1,3,Emissions,emissions,Engaged,drug_z_x_stim_param,0.009825533255934715,0.019840043038129807,Drug − saline contrast,0.9904749950323193,false
19,1,3,Emissions,emissions,Engaged,drug_z_x_choice_lag_param,0.06461383402347565,0.1304703950881958,Drug − saline contrast,0.9904749950323193,false
19,1,3,Emissions,emissions,Disengaged,stim_param,0.0,0.0,Base coefficient,0.9904749950323193,true
19,1,3,Emissions,emissions,Disengaged,choice_lag_param,0.9928888082504272,0.9928888082504272,Base coefficient,0.9904749950323193,false
19,1,3,Emissions,emissions,Disengaged,bias,-2.116056442260742,-2.116056442260742,Base coefficient,0.9904749950323193,false
19,1,3,Emissions,emissions,Disengaged,drug_z_x_stim_param,0.0,0.0,Drug − saline contrast,0.9904749950323193,true
19,1,3,Emissions,emissions,Disengaged,drug_z_x_choice_lag_param,-0.03680577129125595,-0.07431943714618683,Drug − saline contrast,0.9904749950323193,false
19,1,3,Transitions,transitions,Engaged → Disengaged,bias,-12.409141540527344,-12.409141540527344,Base coefficient,0.9904749950323193,false
19,1,3,Transitions,transitions,Engaged → Disengaged,cumulative_reward,-4.828042507171631,-4.828042507171631,Base coefficient,0.9904749950323193,false
19,1,3,Transitions,transitions,Engaged → Disengaged,drug_z,-0.13109946250915527,-0.2647203803062439,Drug − saline contrast,0.9904749950323193,false
19,1,3,Transitions,transitions,Disengaged → Engaged,bias,-10.421231269836426,-10.421231269836426,Base coefficient,0.9904749950323193,false
19,1,3,Transitions,transitions,Disengaged → Engaged,cumulative_reward,-0.07245342433452606,-0.07245342433452606,Base coefficient,0.9904749950323193,false
19,1,3,Transitions,transitions,Disengaged → Engaged,drug_z,-0.22078350186347961,-0.44581338763237,Drug − saline contrast,0.9904749950323193,false
19,1,4,Emissions,emissions,Engaged,stim_param,1.1505321264266968,1.1505321264266968,Base coefficient,0.9872132908084749,false
19,1,4,Emissions,emissions,Engaged,choice_lag_param,1.0686942338943481,1.0686942338943481,Base coefficient,0.9872132908084749,false
19,1,4,Emissions,emissions,Engaged,bias,0.08245862275362015,0.08245862275362015,Base coefficient,0.9872132908084749,false
19,1,4,Emissions,emissions,Engaged,drug_z_x_stim_param,0.055386584252119064,0.11220793426036835,Drug − saline contrast,0.9872132908084749,false
19,1,4,Emissions,emissions,Engaged,drug_z_x_choice_lag_param,0.14810810983181,0.3000529110431671,Drug − saline contrast,0.9872132908084749,false
19,1,4,Emissions,emissions,Disengaged,stim_param,0.0,0.0,Base coefficient,0.9872132908084749,true
19,1,4,Emissions,emissions,Disengaged,choice_lag_param,0.9972866773605347,0.9972866773605347,Base coefficient,0.9872132908084749,false
19,1,4,Emissions,emissions,Disengaged,bias,-2.1094231605529785,-2.1094231605529785,Base coefficient,0.9872132908084749,false
19,1,4,Emissions,emissions,Disengaged,drug_z_x_stim_param,0.0,0.0,Drug − saline contrast,0.9872132908084749,true
19,1,4,Emissions,emissions,Disengaged,drug_z_x_choice_lag_param,-0.028188327327370644,-0.057106863707304,Drug − saline contrast,0.9872132908084749,false
19,1,4,Transitions,transitions,Engaged → Disengaged,bias,-12.940841674804688,-12.940841674804688,Base coefficient,0.9872132908084749,false
19,1,4,Transitions,transitions,Engaged → Disengaged,cumulative_reward,-5.211238861083984,-5.211238861083984,Base coefficient,0.9872132908084749,false
19,1,4,Transitions,transitions,Engaged → Disengaged,drug_z,0.6037717461585999,1.2231839895248413,Drug − saline contrast,0.9872132908084749,false
19,1,4,Transitions,transitions,Disengaged → Engaged,bias,-10.420001983642578,-10.420001983642578,Base coefficient,0.9872132908084749,false
19,1,4,Transitions,transitions,Disengaged → Engaged,cumulative_reward,-0.07079765945672989,-0.07079765945672989,Base coefficient,0.9872132908084749,false
19,1,4,Transitions,transitions,Disengaged → Engaged,drug_z,-0.47183525562286377,-0.9558932185173035,Drug − saline contrast,0.9872132908084749,false
19,1,5,Emissions,emissions,Engaged,stim_param,1.1026510000228882,1.1026510000228882,Base coefficient,0.9916071383159474,false
19,1,5,Emissions,emissions,Engaged,choice_lag_param,1.0500425100326538,1.0500425100326538,Base coefficient,0.9916071383159474,false
19,1,5,Emissions,emissions,Engaged,bias,0.058825138956308365,0.058825138956308365,Base coefficient,0.9916071383159474,false
19,1,5,Emissions,emissions,Engaged,drug_z_x_stim_param,-0.039255689829587936,-0.07917588949203491,Drug − saline contrast,0.9916071383159474,false
19,1,5,Emissions,emissions,Engaged,drug_z_x_choice_lag_param,0.05543454736471176,0.11180748045444489,Drug − saline contrast,0.9916071383159474,false
19,1,5,Emissions,emissions,Disengaged,stim_param,0.0,0.0,Base coefficient,0.9916071383159474,true
19,1,5,Emissions,emissions,Disengaged,choice_lag_param,1.0369277000427246,1.0369277000427246,Base coefficient,0.9916071383159474,false
19,1,5,Emissions,emissions,Disengaged,bias,-1.9749255180358887,-1.9749255180358887,Base coefficient,0.9916071383159474,false
19,1,5,Emissions,emissions,Disengaged,drug_z_x_stim_param,0.0,0.0,Drug − saline contrast,0.9916071383159474,true
19,1,5,Emissions,emissions,Disengaged,drug_z_x_choice_lag_param,0.0002487811725586653,0.0005017736693844199,Drug − saline contrast,0.9916071383159474,false
19,1,5,Transitions,transitions,Engaged → Disengaged,bias,-10.881670951843262,-10.881670951843262,Base coefficient,0.9916071383159474,false
19,1,5,Transitions,transitions,Engaged → Disengaged,cumulative_reward,0.14132237434387207,0.14132237434387207,Base coefficient,0.9916071383159474,false
19,1,5,Transitions,transitions,Engaged → Disengaged,drug_z,-0.9320780634880066,-1.8799341917037964,Drug − saline contrast,0.9916071383159474,false
19,1,5,Transitions,transitions,Disengaged → Engaged,bias,-10.082432746887207,-10.082432746887207,Base coefficient,0.9916071383159474,false
19,1,5,Transitions,transitions,Disengaged → Engaged,cumulative_reward,0.031160952523350716,0.031160952523350716,Base coefficient,0.9916071383159474,false
19,1,5,Transitions,transitions,Disengaged → Engaged,drug_z,-8.35377025604248,-16.84895133972168,Drug − saline contrast,0.9916071383159474,false
19,1,6,Emissions,emissions,Engaged,stim_param,1.1030335426330566,1.1030335426330566,Base coefficient,0.9899791809593095,false
19,1,6,Emissions,emissions,Engaged,choice_lag_param,1.0401819944381714,1.0401819944381714,Base coefficient,0.9899791809593095,false
19,1,6,Emissions,emissions,Engaged,bias,0.0552198700606823,0.0552198700606823,Base coefficient,0.9899791809593095,false
19,1,6,Emissions,emissions,Engaged,drug_z_x_stim_param,-0.02690398506820202,-0.05435262620449066,Drug − saline contrast,0.9899791809593095,false
19,1,6,Emissions,emissions,Engaged,drug_z_x_choice_lag_param,0.06947070360183716,0.14034780859947205,Drug − saline contrast,0.9899791809593095,false
19,1,6,Emissions,emissions,Disengaged,stim_param,0.0,0.0,Base coefficient,0.9899791809593095,true
19,1,6,Emissions,emissions,Disengaged,choice_lag_param,1.1055372953414917,1.1055372953414917,Base coefficient,0.9899791809593095,false
19,1,6,Emissions,emissions,Disengaged,bias,-2.007301092147827,-2.007301092147827,Base coefficient,0.9899791809593095,false
19,1,6,Emissions,emissions,Disengaged,drug_z_x_stim_param,0.0,0.0,Drug − saline contrast,0.9899791809593095,true
19,1,6,Emissions,emissions,Disengaged,drug_z_x_choice_lag_param,-0.044859737157821655,-0.09062763303518295,Drug − saline contrast,0.9899791809593095,false
19,1,6,Transitions,transitions,Engaged → Disengaged,bias,-13.280735969543457,-13.280735969543457,Base coefficient,0.9899791809593095,false
19,1,6,Transitions,transitions,Engaged → Disengaged,cumulative_reward,-5.41228723526001,-5.41228723526001,Base coefficient,0.9899791809593095,false
19,1,6,Transitions,transitions,Engaged → Disengaged,drug_z,0.2553662061691284,0.5159021615982056,Drug − saline contrast,0.9899791809593095,false
19,1,6,Transitions,transitions,Disengaged → Engaged,bias,-10.045706748962402,-10.045706748962402,Base coefficient,0.9899791809593095,false
19,1,6,Transitions,transitions,Disengaged → Engaged,cumulative_reward,-0.07290385663509369,-0.07290385663509369,Base coefficient,0.9899791809593095,false
19,1,6,Transitions,transitions,Disengaged → Engaged,drug_z,-0.12637865543365479,-0.25531578063964844,Drug − saline contrast,0.9899791809593095,false
19,1,7,Emissions,emissions,Engaged,stim_param,1.1988105773925781,1.1988105773925781,Base coefficient,0.9914508470500871,false
19,1,7,Emissions,emissions,Engaged,choice_lag_param,1.0740987062454224,1.0740987062454224,Base coefficient,0.9914508470500871,false
19,1,7,Emissions,emissions,Engaged,bias,-0.029478183016180992,-0.029478183016180992,Base coefficient,0.9914508470500871,false
19,1,7,Emissions,emissions,Engaged,drug_z_x_stim_param,-0.12255314737558365,-0.24721981585025787,Drug − saline contrast,0.9914508470500871,false
19,1,7,Emissions,emissions,Engaged,drug_z_x_choice_lag_param,0.05485360696911812,0.11065320670604706,Drug − saline contrast,0.9914508470500871,false
19,1,7,Emissions,emissions,Disengaged,stim_param,0.0,0.0,Base coefficient,0.9914508470500871,true
19,1,7,Emissions,emissions,Disengaged,choice_lag_param,1.0017540454864502,1.0017540454864502,Base coefficient,0.9914508470500871,false
19,1,7,Emissions,emissions,Disengaged,bias,-2.102477788925171,-2.102477788925171,Base coefficient,0.9914508470500871,false
19,1,7,Emissions,emissions,Disengaged,drug_z_x_stim_param,0.0,0.0,Drug − saline contrast,0.9914508470500871,true
19,1,7,Emissions,emissions,Disengaged,drug_z_x_choice_lag_param,-0.0348472036421299,-0.07029537111520767,Drug − saline contrast,0.9914508470500871,false
19,1,7,Transitions,transitions,Engaged → Disengaged,bias,-12.639425277709961,-12.639425277709961,Base coefficient,0.9914508470500871,false
19,1,7,Transitions,transitions,Engaged → Disengaged,cumulative_reward,-5.030970573425293,-5.030970573425293,Base coefficient,0.9914508470500871,false
19,1,7,Transitions,transitions,Engaged → Disengaged,drug_z,-0.0431482270359993,-0.08704058080911636,Drug − saline contrast,0.9914508470500871,false
19,1,7,Transitions,transitions,Disengaged → Engaged,bias,-10.412363052368164,-10.412363052368164,Base coefficient,0.9914508470500871,false
19,1,7,Transitions,transitions,Disengaged → Engaged,cumulative_reward,-0.049566078931093216,-0.049566078931093216,Base coefficient,0.9914508470500871,false
19,1,7,Transitions,transitions,Disengaged → Engaged,drug_z,-0.20116500556468964,-0.4057992398738861,Drug − saline contrast,0.9914508470500871,false
19,1,8,Emissions,emissions,Engaged,stim_param,1.0934154987335205,1.0934154987335205,Base coefficient,0.9878011824385532,false
19,1,8,Emissions,emissions,Engaged,choice_lag_param,1.0409555435180664,1.0409555435180664,Base coefficient,0.9878011824385532,false
19,1,8,Emissions,emissions,Engaged,bias,0.056662578135728836,0.056662578135728836,Base coefficient,0.9878011824385532,false
19,1,8,Emissions,emissions,Engaged,drug_z_x_stim_param,-0.03830733522772789,-0.07756081968545914,Drug − saline contrast,0.9878011824385532,false
19,1,8,Emissions,emissions,Engaged,drug_z_x_choice_lag_param,0.07024841010570526,0.14223188161849976,Drug − saline contrast,0.9878011824385532,false
19,1,8,Emissions,emissions,Disengaged,stim_param,0.0,0.0,Base coefficient,0.9878011824385532,true
19,1,8,Emissions,emissions,Disengaged,choice_lag_param,1.034345030784607,1.034345030784607,Base coefficient,0.9878011824385532,false
19,1,8,Emissions,emissions,Disengaged,bias,-2.094106435775757,-2.094106435775757,Base coefficient,0.9878011824385532,false
19,1,8,Emissions,emissions,Disengaged,drug_z_x_stim_param,0.0,0.0,Drug − saline contrast,0.9878011824385532,true
19,1,8,Emissions,emissions,Disengaged,drug_z_x_choice_lag_param,-0.03191295266151428,-0.06461411714553833,Drug − saline contrast,0.9878011824385532,false
19,1,8,Transitions,transitions,Engaged → Disengaged,bias,-12.003344535827637,-12.003344535827637,Base coefficient,0.9878011824385532,false
19,1,8,Transitions,transitions,Engaged → Disengaged,cumulative_reward,-4.280198097229004,-4.280198097229004,Base coefficient,0.9878011824385532,false
19,1,8,Transitions,transitions,Engaged → Disengaged,drug_z,-0.5271403789520264,-1.06730055809021,Drug − saline contrast,0.9878011824385532,false
19,1,8,Transitions,transitions,Disengaged → Engaged,bias,-10.038431167602539,-10.038431167602539,Base coefficient,0.9878011824385532,false
19,1,8,Transitions,transitions,Disengaged → Engaged,cumulative_reward,-0.11514100432395935,-0.11514100432395935,Base coefficient,0.9878011824385532,false
19,1,8,Transitions,transitions,Disengaged → Engaged,drug_z,-0.06221858784556389,-0.1259739100933075,Drug − saline contrast,0.9878011824385532,false
20,1,1,Emissions,emissions,Engaged,stim_param,1.2080416679382324,1.2080416679382324,Base coefficient,0.9993708132488927,false
20,1,1,Emissions,emissions,Engaged,choice_lag_param,1.0814822912216187,1.0814822912216187,Base coefficient,0.9993708132488927,false
20,1,1,Emissions,emissions,Engaged,bias,0.16731904447078705,0.16731904447078705,Base coefficient,0.9993708132488927,false
20,1,1,Emissions,emissions,Engaged,drug_z_x_stim_param,-0.1606774628162384,-0.32155725359916687,Drug − saline contrast,0.9993708132488927,false
20,1,1,Emissions,emissions,Engaged,drug_z_x_choice_lag_param,0.17143234610557556,0.3430805504322052,Drug − saline contrast,0.9993708132488927,false
20,1,1,Emissions,emissions,Disengaged,stim_param,0.0,0.0,Base coefficient,0.9993708132488927,true
20,1,1,Emissions,emissions,Disengaged,choice_lag_param,1.5142439603805542,1.5142439603805542,Base coefficient,0.9993708132488927,false
20,1,1,Emissions,emissions,Disengaged,bias,0.06859231740236282,0.06859231740236282,Base coefficient,0.9993708132488927,false
20,1,1,Emissions,emissions,Disengaged,drug_z_x_stim_param,0.0,0.0,Drug − saline contrast,0.9993708132488927,true
20,1,1,Emissions,emissions,Disengaged,drug_z_x_choice_lag_param,0.14589624106884003,0.2919761836528778,Drug − saline contrast,0.9993708132488927,false
20,1,1,Transitions,transitions,Engaged → Disengaged,bias,-4.333516597747803,-4.333516597747803,Base coefficient,0.9993708132488927,false
20,1,1,Transitions,transitions,Engaged → Disengaged,cumulative_reward,0.8987835049629211,0.8987835049629211,Base coefficient,0.9993708132488927,false
20,1,1,Transitions,transitions,Engaged → Disengaged,drug_z,0.17431855201721191,0.3488565981388092,Drug − saline contrast,0.9993708132488927,false
20,1,1,Transitions,transitions,Disengaged → Engaged,bias,-3.0157511234283447,-3.0157511234283447,Base coefficient,0.9993708132488927,false
20,1,1,Transitions,transitions,Disengaged → Engaged,cumulative_reward,0.33512991666793823,0.33512991666793823,Base coefficient,0.9993708132488927,false
20,1,1,Transitions,transitions,Disengaged → Engaged,drug_z,-0.005978270433843136,-0.011964068748056889,Drug − saline contrast,0.9993708132488927,false
20,1,2,Emissions,emissions,Engaged,stim_param,1.2173413038253784,1.2173413038253784,Base coefficient,0.9981116980723788,false
20,1,2,Emissions,emissions,Engaged,choice_lag_param,1.0422194004058838,1.0422194004058838,Base coefficient,0.9981116980723788,false
20,1,2,Emissions,emissions,Engaged,bias,0.15217243134975433,0.15217243134975433,Base coefficient,0.9981116980723788,false
20,1,2,Emissions,emissions,Engaged,drug_z_x_stim_param,-0.13042323291301727,-0.26133993268013,Drug − saline contrast,0.9981116980723788,false
20,1,2,Emissions,emissions,Engaged,drug_z_x_choice_lag_param,0.22330227494239807,0.4474494457244873,Drug − saline contrast,0.9981116980723788,false
20,1,2,Emissions,emissions,Disengaged,stim_param,0.0,0.0,Base coefficient,0.9981116980723788,true
20,1,2,Emissions,emissions,Disengaged,choice_lag_param,1.5186517238616943,1.5186517238616943,Base coefficient,0.9981116980723788,false
20,1,2,Emissions,emissions,Disengaged,bias,0.10780680179595947,0.10780680179595947,Base coefficient,0.9981116980723788,false
20,1,2,Emissions,emissions,Disengaged,drug_z_x_stim_param,0.0,0.0,Drug − saline contrast,0.9981116980723788,true
20,1,2,Emissions,emissions,Disengaged,drug_z_x_choice_lag_param,0.15357649326324463,0.30773407220840454,Drug − saline contrast,0.9981116980723788,false
20,1,2,Transitions,transitions,Engaged → Disengaged,bias,-4.51517391204834,-4.51517391204834,Base coefficient,0.9981116980723788,false
20,1,2,Transitions,transitions,Engaged → Disengaged,cumulative_reward,0.9932608604431152,0.9932608604431152,Base coefficient,0.9981116980723788,false
20,1,2,Transitions,transitions,Engaged → Disengaged,drug_z,0.15307624638080597,0.3067317008972168,Drug − saline contrast,0.9981116980723788,false
20,1,2,Transitions,transitions,Disengaged → Engaged,bias,-3.109278678894043,-3.109278678894043,Base coefficient,0.9981116980723788,false
20,1,2,Transitions,transitions,Disengaged → Engaged,cumulative_reward,0.35410276055336,0.35410276055336,Base coefficient,0.9981116980723788,false
20,1,2,Transitions,transitions,Disengaged → Engaged,drug_z,-0.06409255415201187,-0.12842760980129242,Drug − saline contrast,0.9981116980723788,false
20,1,3,Emissions,emissions,Engaged,stim_param,1.1609951257705688,1.1609951257705688,Base coefficient,0.9993152473031737,false
20,1,3,Emissions,emissions,Engaged,choice_lag_param,1.069428563117981,1.069428563117981,Base coefficient,0.9993152473031737,false
20,1,3,Emissions,emissions,Engaged,bias,0.12138770520687103,0.12138770520687103,Base coefficient,0.9993152473031737,false
20,1,3,Emissions,emissions,Engaged,drug_z_x_stim_param,-0.11829329282045364,-0.23674869537353516,Drug − saline contrast,0.9993152473031737,false
20,1,3,Emissions,emissions,Engaged,drug_z_x_choice_lag_param,0.18428388237953186,0.36882030963897705,Drug − saline contrast,0.9993152473031737,false
20,1,3,Emissions,emissions,Disengaged,stim_param,0.0,0.0,Base coefficient,0.9993152473031737,true
20,1,3,Emissions,emissions,Disengaged,choice_lag_param,1.540732979774475,1.540732979774475,Base coefficient,0.9993152473031737,false
20,1,3,Emissions,emissions,Disengaged,bias,0.08402162045240402,0.08402162045240402,Base coefficient,0.9993152473031737,false
20,1,3,Emissions,emissions,Disengaged,drug_z_x_stim_param,0.0,0.0,Drug − saline contrast,0.9993152473031737,true
20,1,3,Emissions,emissions,Disengaged,drug_z_x_choice_lag_param,0.13544781506061554,0.27108123898506165,Drug − saline contrast,0.9993152473031737,false
20,1,3,Transitions,transitions,Engaged → Disengaged,bias,-4.473264217376709,-4.473264217376709,Base coefficient,0.9993152473031737,false
20,1,3,Transitions,transitions,Engaged → Disengaged,cumulative_reward,1.0867910385131836,1.0867910385131836,Base coefficient,0.9993152473031737,false
20,1,3,Transitions,transitions,Engaged → Disengaged,drug_z,0.022075152024626732,0.04418055713176727,Drug − saline contrast,0.9993152473031737,false
20,1,3,Transitions,transitions,Disengaged → Engaged,bias,-3.031838893890381,-3.031838893890381,Base coefficient,0.9993152473031737,false
20,1,3,Transitions,transitions,Disengaged → Engaged,cumulative_reward,0.4476243257522583,0.4476243257522583,Base coefficient,0.9993152473031737,false
20,1,3,Transitions,transitions,Disengaged → Engaged,drug_z,-0.12184038758277893,-0.24384774267673492,Drug − saline contrast,0.9993152473031737,false
20,1,4,Emissions,emissions,Engaged,stim_param,1.2136954069137573,1.2136954069137573,Base coefficient,0.9979585651413378,false
20,1,4,Emissions,emissions,Engaged,choice_lag_param,1.0080167055130005,1.0080167055130005,Base coefficient,0.9979585651413378,false
20,1,4,Emissions,emissions,Engaged,bias,0.07407339662313461,0.07407339662313461,Base coefficient,0.9979585651413378,false
20,1,4,Emissions,emissions,Engaged,drug_z_x_stim_param,-0.1681836098432541,-0.3370552957057953,Drug − saline contrast,0.9979585651413378,false
20,1,4,Emissions,emissions,Engaged,drug_z_x_choice_lag_param,0.21705664694309235,0.43500134348869324,Drug − saline contrast,0.9979585651413378,false
20,1,4,Emissions,emissions,Disengaged,stim_param,0.0,0.0,Base coefficient,0.9979585651413378,true
20,1,4,Emissions,emissions,Disengaged,choice_lag_param,1.5201605558395386,1.5201605558395386,Base coefficient,0.9979585651413378,false
20,1,4,Emissions,emissions,Disengaged,bias,0.10467153787612915,0.10467153787612915,Base coefficient,0.9979585651413378,false
20,1,4,Emissions,emissions,Disengaged,drug_z_x_stim_param,0.0,0.0,Drug − saline contrast,0.9979585651413378,true
20,1,4,Emissions,emissions,Disengaged,drug_z_x_choice_lag_param,0.15069304406642914,0.30200260877609253,Drug − saline contrast,0.9979585651413378,false
20,1,4,Transitions,transitions,Engaged → Disengaged,bias,-4.239321231842041,-4.239321231842041,Base coefficient,0.9979585651413378,false
20,1,4,Transitions,transitions,Engaged → Disengaged,cumulative_reward,0.9025242328643799,0.9025242328643799,Base coefficient,0.9979585651413378,false
20,1,4,Transitions,transitions,Engaged → Disengaged,drug_z,0.47507572174072266,0.952095091342926,Drug − saline contrast,0.9979585651413378,false
20,1,4,Transitions,transitions,Disengaged → Engaged,bias,-2.9980926513671875,-2.9980926513671875,Base coefficient,0.9979585651413378,false
20,1,4,Transitions,transitions,Disengaged → Engaged,cumulative_reward,0.34146031737327576,0.34146031737327576,Base coefficient,0.9979585651413378,false
20,1,4,Transitions,transitions,Disengaged → Engaged,drug_z,0.1541863977909088,0.309003621339798,Drug − saline contrast,0.9979585651413378,false
20,1,5,Emissions,emissions,Engaged,stim_param,1.1850274801254272,1.1850274801254272,Base coefficient,0.9994410057590278,false
20,1,5,Emissions,emissions,Engaged,choice_lag_param,1.028043270111084,1.028043270111084,Base coefficient,0.9994410057590278,false
20,1,5,Emissions,emissions,Engaged,bias,0.09036083519458771,0.09036083519458771,Base coefficient,0.9994410057590278,false
20,1,5,Emissions,emissions,Engaged,drug_z_x_stim_param,-0.15401813387870789,-0.30820855498313904,Drug − saline contrast,0.9994410057590278,false
20,1,5,Emissions,emissions,Engaged,drug_z_x_choice_lag_param,0.2193230539560318,0.4388914406299591,Drug − saline contrast,0.9994410057590278,false
20,1,5,Emissions,emissions,Disengaged,stim_param,0.0,0.0,Base coefficient,0.9994410057590278,true
20,1,5,Emissions,emissions,Disengaged,choice_lag_param,1.5211679935455322,1.5211679935455322,Base coefficient,0.9994410057590278,false
20,1,5,Emissions,emissions,Disengaged,bias,0.0657886490225792,0.0657886490225792,Base coefficient,0.9994410057590278,false
20,1,5,Emissions,emissions,Disengaged,drug_z_x_stim_param,0.0,0.0,Drug − saline contrast,0.9994410057590278,true
20,1,5,Emissions,emissions,Disengaged,drug_z_x_choice_lag_param,0.1842496544122696,0.3687053918838501,Drug − saline contrast,0.9994410057590278,false
20,1,5,Transitions,transitions,Engaged → Disengaged,bias,-4.390514373779297,-4.390514373779297,Base coefficient,0.9994410057590278,false
20,1,5,Transitions,transitions,Engaged → Disengaged,cumulative_reward,0.8068709969520569,0.8068709969520569,Base coefficient,0.9994410057590278,false
20,1,5,Transitions,transitions,Engaged → Disengaged,drug_z,0.36819034814834595,0.7367925643920898,Drug − saline contrast,0.9994410057590278,false
20,1,5,Transitions,transitions,Disengaged → Engaged,bias,-3.0355803966522217,-3.0355803966522217,Base coefficient,0.9994410057590278,false
20,1,5,Transitions,transitions,Disengaged → Engaged,cumulative_reward,0.3254075050354004,0.3254075050354004,Base coefficient,0.9994410057590278,false
20,1,5,Transitions,transitions,Disengaged → Engaged,drug_z,0.060556717216968536,0.12118116766214371,Drug − saline contrast,0.9994410057590278,false
20,1,6,Emissions,emissions,Engaged,stim_param,1.2428096532821655,1.2428096532821655,Base coefficient,0.9982066258424733,false
20,1,6,Emissions,emissions,Engaged,choice_lag_param,0.9990329742431641,0.9990329742431641,Base coefficient,0.9982066258424733,false
20,1,6,Emissions,emissions,Engaged,bias,0.07431267946958542,0.07431267946958542,Base coefficient,0.9982066258424733,false
20,1,6,Emissions,emissions,Engaged,drug_z_x_stim_param,-0.152603879570961,-0.3057560920715332,Drug − saline contrast,0.9982066258424733,false
20,1,6,Emissions,emissions,Engaged,drug_z_x_choice_lag_param,0.2101725935935974,0.421100378036499,Drug − saline contrast,0.9982066258424733,false
20,1,6,Emissions,emissions,Disengaged,stim_param,0.0,0.0,Base coefficient,0.9982066258424733,true
20,1,6,Emissions,emissions,Disengaged,choice_lag_param,1.4995875358581543,1.4995875358581543,Base coefficient,0.9982066258424733,false
20,1,6,Emissions,emissions,Disengaged,bias,0.09974458068609238,0.09974458068609238,Base coefficient,0.9982066258424733,false
20,1,6,Emissions,emissions,Disengaged,drug_z_x_stim_param,0.0,0.0,Drug − saline contrast,0.9982066258424733,true
20,1,6,Emissions,emissions,Disengaged,drug_z_x_choice_lag_param,0.14822103083133698,0.29697465896606445,Drug − saline contrast,0.9982066258424733,false
20,1,6,Transitions,transitions,Engaged → Disengaged,bias,-4.232151508331299,-4.232151508331299,Base coefficient,0.9982066258424733,false
20,1,6,Transitions,transitions,Engaged → Disengaged,cumulative_reward,0.822822093963623,0.822822093963623,Base coefficient,0.9982066258424733,false
20,1,6,Transitions,transitions,Engaged → Disengaged,drug_z,0.35933825373649597,0.7199676632881165,Drug − saline contrast,0.9982066258424733,false
20,1,6,Transitions,transitions,Disengaged → Engaged,bias,-3.0449461936950684,-3.0449461936950684,Base coefficient,0.9982066258424733,false
20,1,6,Transitions,transitions,Disengaged → Engaged,cumulative_reward,0.31436946988105774,0.31436946988105774,Base coefficient,0.9982066258424733,false
20,1,6,Transitions,transitions,Disengaged → Engaged,drug_z,0.07748144865036011,0.15524131059646606,Drug − saline contrast,0.9982066258424733,false
20,1,7,Emissions,emissions,Engaged,stim_param,1.2015289068222046,1.2015289068222046,Base coefficient,0.9993947033298056,false
20,1,7,Emissions,emissions,Engaged,choice_lag_param,1.0674253702163696,1.0674253702163696,Base coefficient,0.9993947033298056,false
20,1,7,Emissions,emissions,Engaged,bias,0.14719007909297943,0.14719007909297943,Base coefficient,0.9993947033298056,false
20,1,7,Emissions,emissions,Engaged,drug_z_x_stim_param,-0.15908297896385193,-0.3183586597442627,Drug − saline contrast,0.9993947033298056,false
20,1,7,Emissions,emissions,Engaged,drug_z_x_choice_lag_param,0.1864195317029953,0.37306487560272217,Drug − saline contrast,0.9993947033298056,false
20,1,7,Emissions,emissions,Disengaged,stim_param,0.0,0.0,Base coefficient,0.9993947033298056,true
20,1,7,Emissions,emissions,Disengaged,choice_lag_param,1.4911224842071533,1.4911224842071533,Base coefficient,0.9993947033298056,false
20,1,7,Emissions,emissions,Disengaged,bias,0.10882481187582016,0.10882481187582016,Base coefficient,0.9993947033298056,false
20,1,7,Emissions,emissions,Disengaged,drug_z_x_stim_param,0.0,0.0,Drug − saline contrast,0.9993947033298056,true
20,1,7,Emissions,emissions,Disengaged,drug_z_x_choice_lag_param,0.16624413430690765,0.33268964290618896,Drug − saline contrast,0.9993947033298056,false
20,1,7,Transitions,transitions,Engaged → Disengaged,bias,-4.3938751220703125,-4.3938751220703125,Base coefficient,0.9993947033298056,false
20,1,7,Transitions,transitions,Engaged → Disengaged,cumulative_reward,0.8077736496925354,0.8077736496925354,Base coefficient,0.9993947033298056,false
20,1,7,Transitions,transitions,Engaged → Disengaged,drug_z,0.31466901302337646,0.6297191977500916,Drug − saline contrast,0.9993947033298056,false
20,1,7,Transitions,transitions,Disengaged → Engaged,bias,-3.0708394050598145,-3.0708394050598145,Base coefficient,0.9993947033298056,false
20,1,7,Transitions,transitions,Disengaged → Engaged,cumulative_reward,0.30753904581069946,0.30753904581069946,Base coefficient,0.9993947033298056,false
20,1,7,Transitions,transitions,Disengaged → Engaged,drug_z,0.06040655076503754,0.12088627368211746,Drug − saline contrast,0.9993947033298056,false
20,1,8,Emissions,emissions,Engaged,stim_param,1.2080150842666626,1.2080150842666626,Base coefficient,0.9980359678899963,false
20,1,8,Emissions,emissions,Engaged,choice_lag_param,0.9917147159576416,0.9917147159576416,Base coefficient,0.9980359678899963,false
20,1,8,Emissions,emissions,Engaged,bias,0.08923128992319107,0.08923128992319107,Base coefficient,0.9980359678899963,false
20,1,8,Emissions,emissions,Engaged,drug_z_x_stim_param,-0.17738474905490875,-0.35546764731407166,Drug − saline contrast,0.9980359678899963,false
20,1,8,Emissions,emissions,Engaged,drug_z_x_choice_lag_param,0.194435715675354,0.38963669538497925,Drug − saline contrast,0.9980359678899963,false
20,1,8,Emissions,emissions,Disengaged,stim_param,0.0,0.0,Base coefficient,0.9980359678899963,true
20,1,8,Emissions,emissions,Disengaged,choice_lag_param,1.4985078573226929,1.4985078573226929,Base coefficient,0.9980359678899963,false
20,1,8,Emissions,emissions,Disengaged,bias,0.13304626941680908,0.13304626941680908,Base coefficient,0.9980359678899963,false
20,1,8,Emissions,emissions,Disengaged,drug_z_x_stim_param,0.0,0.0,Drug − saline contrast,0.9980359678899963,true
20,1,8,Emissions,emissions,Disengaged,drug_z_x_choice_lag_param,0.13258208334445953,0.2656859755516052,Drug − saline contrast,0.9980359678899963,false
20,1,8,Transitions,transitions,Engaged → Disengaged,bias,-4.2349982261657715,-4.2349982261657715,Base coefficient,0.9980359678899963,false
20,1,8,Transitions,transitions,Engaged → Disengaged,cumulative_reward,0.7646102905273438,0.7646102905273438,Base coefficient,0.9980359678899963,false
20,1,8,Transitions,transitions,Engaged → Disengaged,drug_z,0.47397270798683167,0.9498108625411987,Drug − saline contrast,0.9980359678899963,false
20,1,8,Transitions,transitions,Disengaged → Engaged,bias,-3.0120339393615723,-3.0120339393615723,Base coefficient,0.9980359678899963,false
20,1,8,Transitions,transitions,Disengaged → Engaged,cumulative_reward,0.2890779972076416,0.2890779972076416,Base coefficient,0.9980359678899963,false
20,1,8,Transitions,transitions,Disengaged → Engaged,drug_z,0.18148815631866455,0.3636906147003174,Drug − saline contrast,0.9980359678899963,false
20,1,9,Emissions,emissions,Engaged,stim_param,1.1985063552856445,1.1985063552856445,Base coefficient,0.99954315601005,false
20,1,9,Emissions,emissions,Engaged,choice_lag_param,1.0240579843521118,1.0240579843521118,Base coefficient,0.99954315601005,false
20,1,9,Emissions,emissions,Engaged,bias,0.1697429120540619,0.1697429120540619,Base coefficient,0.99954315601005,false
20,1,9,Emissions,emissions,Engaged,drug_z_x_stim_param,-0.15582111477851868,-0.31178468465805054,Drug − saline contrast,0.99954315601005,false
20,1,9,Emissions,emissions,Engaged,drug_z_x_choice_lag_param,0.22534620761871338,0.4508984088897705,Drug − saline contrast,0.99954315601005,false
20,1,9,Emissions,emissions,Disengaged,stim_param,0.0,0.0,Base coefficient,0.99954315601005,true
20,1,9,Emissions,emissions,Disengaged,choice_lag_param,1.473010540008545,1.473010540008545,Base coefficient,0.99954315601005,false
20,1,9,Emissions,emissions,Disengaged,bias,0.10434626042842865,0.10434626042842865,Base coefficient,0.99954315601005,false
20,1,9,Emissions,emissions,Disengaged,drug_z_x_stim_param,0.0,0.0,Drug − saline contrast,0.99954315601005,true
20,1,9,Emissions,emissions,Disengaged,drug_z_x_choice_lag_param,0.19142040610313416,0.38301581144332886,Drug − saline contrast,0.99954315601005,false
20,1,9,Transitions,transitions,Engaged → Disengaged,bias,-4.4130096435546875,-4.4130096435546875,Base coefficient,0.99954315601005,false
20,1,9,Transitions,transitions,Engaged → Disengaged,cumulative_reward,0.8534941673278809,0.8534941673278809,Base coefficient,0.99954315601005,false
20,1,9,Transitions,transitions,Engaged → Disengaged,drug_z,0.337561696767807,0.6754319667816162,Drug − saline contrast,0.99954315601005,false
20,1,9,Transitions,transitions,Disengaged → Engaged,bias,-3.090636730194092,-3.090636730194092,Base coefficient,0.99954315601005,false
20,1,9,Transitions,transitions,Disengaged → Engaged,cumulative_reward,0.3122071623802185,0.3122071623802185,Base coefficient,0.99954315601005,false
20,1,9,Transitions,transitions,Disengaged → Engaged,drug_z,0.0804862380027771,0.16104605793952942,Drug − saline contrast,0.99954315601005,false
20,1,10,Emissions,emissions,Engaged,stim_param,1.2186131477355957,1.2186131477355957,Base coefficient,0.9982887196403739,false
20,1,10,Emissions,emissions,Engaged,choice_lag_param,1.0167827606201172,1.0167827606201172,Base coefficient,0.9982887196403739,false
20,1,10,Emissions,emissions,Engaged,bias,0.09016970545053482,0.09016970545053482,Base coefficient,0.9982887196403739,false
20,1,10,Emissions,emissions,Engaged,drug_z_x_stim_param,-0.14422471821308136,-0.28894391655921936,Drug − saline contrast,0.9982887196403739,false
20,1,10,Emissions,emissions,Engaged,drug_z_x_choice_lag_param,0.20793047547340393,0.4165738523006439,Drug − saline contrast,0.9982887196403739,false
20,1,10,Emissions,emissions,Disengaged,stim_param,0.0,0.0,Base coefficient,0.9982887196403739,true
20,1,10,Emissions,emissions,Disengaged,choice_lag_param,1.5016465187072754,1.5016465187072754,Base coefficient,0.9982887196403739,false
20,1,10,Emissions,emissions,Disengaged,bias,0.100459523499012,0.100459523499012,Base coefficient,0.9982887196403739,false
20,1,10,Emissions,emissions,Disengaged,drug_z_x_stim_param,0.0,0.0,Drug − saline contrast,0.9982887196403739,true
20,1,10,Emissions,emissions,Disengaged,drug_z_x_choice_lag_param,0.16605524718761444,0.332679808139801,Drug − saline contrast,0.9982887196403739,false
20,1,10,Transitions,transitions,Engaged → Disengaged,bias,-4.490376949310303,-4.490376949310303,Base coefficient,0.9982887196403739,false
20,1,10,Transitions,transitions,Engaged → Disengaged,cumulative_reward,0.8703438639640808,0.8703438639640808,Base coefficient,0.9982887196403739,false
20,1,10,Transitions,transitions,Engaged → Disengaged,drug_z,0.13446128368377686,0.26938357949256897,Drug − saline contrast,0.9982887196403739,false
20,1,10,Transitions,transitions,Disengaged → Engaged,bias,-3.1817784309387207,-3.1817784309387207,Base coefficient,0.9982887196403739,false
20,1,10,Transitions,transitions,Disengaged → Engaged,cumulative_reward,0.2894560694694519,0.2894560694694519,Base coefficient,0.9982887196403739,false
20,1,10,Transitions,transitions,Disengaged → Engaged,drug_z,-0.11254531890153885,-0.22547650337219238,Drug − saline contrast,0.9982887196403739,false
20,1,11,Emissions,emissions,Engaged,stim_param,1.1465692520141602,1.1465692520141602,Base coefficient,0.9993402541421864,false
20,1,11,Emissions,emissions,Engaged,choice_lag_param,1.032630205154419,1.032630205154419,Base coefficient,0.9993402541421864,false
20,1,11,Emissions,emissions,Engaged,bias,0.09780244529247284,0.09780244529247284,Base coefficient,0.9993402541421864,false
20,1,11,Emissions,emissions,Engaged,drug_z_x_stim_param,-0.10927722603082657,-0.21869874000549316,Drug − saline contrast,0.9993402541421864,false
20,1,11,Emissions,emissions,Engaged,drug_z_x_choice_lag_param,0.22135598957538605,0.4430042505264282,Drug − saline contrast,0.9993402541421864,false
20,1,11,Emissions,emissions,Disengaged,stim_param,0.0,0.0,Base coefficient,0.9993402541421864,true
20,1,11,Emissions,emissions,Disengaged,choice_lag_param,1.5515782833099365,1.5515782833099365,Base coefficient,0.9993402541421864,false
20,1,11,Emissions,emissions,Disengaged,bias,0.10076683759689331,0.10076683759689331,Base coefficient,0.9993402541421864,false
20,1,11,Emissions,emissions,Disengaged,drug_z_x_stim_param,0.0,0.0,Drug − saline contrast,0.9993402541421864,true
20,1,11,Emissions,emissions,Disengaged,drug_z_x_choice_lag_param,0.1305224746465683,0.26121729612350464,Drug − saline contrast,0.9993402541421864,false
20,1,11,Transitions,transitions,Engaged → Disengaged,bias,-4.446590423583984,-4.446590423583984,Base coefficient,0.9993402541421864,false
20,1,11,Transitions,transitions,Engaged → Disengaged,cumulative_reward,1.035982370376587,1.035982370376587,Base coefficient,0.9993402541421864,false
20,1,11,Transitions,transitions,Engaged → Disengaged,drug_z,0.08344046026468277,0.16699109971523285,Drug − saline contrast,0.9993402541421864,false
20,1,11,Transitions,transitions,Disengaged → Engaged,bias,-3.0325756072998047,-3.0325756072998047,Base coefficient,0.9993402541421864,false
20,1,11,Transitions,transitions,Disengaged → Engaged,cumulative_reward,0.43498462438583374,0.43498462438583374,Base coefficient,0.9993402541421864,false
20,1,11,Transitions,transitions,Disengaged → Engaged,drug_z,-0.07545556128025055,-0.15101075172424316,Drug − saline contrast,0.9993402541421864,false
20,1,12,Emissions,emissions,Engaged,stim_param,1.1372385025024414,1.1372385025024414,Base coefficient,0.9978565714750602,false
20,1,12,Emissions,emissions,Engaged,choice_lag_param,1.0135217905044556,1.0135217905044556,Base coefficient,0.9978565714750602,false
20,1,12,Emissions,emissions,Engaged,bias,0.1088763177394867,0.1088763177394867,Base coefficient,0.9978565714750602,false
20,1,12,Emissions,emissions,Engaged,drug_z_x_stim_param,-0.20749789476394653,-0.4158872067928314,Drug − saline contrast,0.9978565714750602,false
20,1,12,Emissions,emissions,Engaged,drug_z_x_choice_lag_param,0.19511906802654266,0.39107638597488403,Drug − saline contrast,0.9978565714750602,false
20,1,12,Emissions,emissions,Disengaged,stim_param,0.0,0.0,Base coefficient,0.9978565714750602,true
20,1,12,Emissions,emissions,Disengaged,choice_lag_param,1.5769689083099365,1.5769689083099365,Base coefficient,0.9978565714750602,false
20,1,12,Emissions,emissions,Disengaged,bias,0.08633642643690109,0.08633642643690109,Base coefficient,0.9978565714750602,false
20,1,12,Emissions,emissions,Disengaged,drug_z_x_stim_param,0.0,0.0,Drug − saline contrast,0.9978565714750602,true
20,1,12,Emissions,emissions,Disengaged,drug_z_x_choice_lag_param,0.19059349596500397,0.38200581073760986,Drug − saline contrast,0.9978565714750602,false
20,1,12,Transitions,transitions,Engaged → Disengaged,bias,-4.44908332824707,-4.44908332824707,Base coefficient,0.9978565714750602,false
20,1,12,Transitions,transitions,Engaged → Disengaged,cumulative_reward,1.120000958442688,1.120000958442688,Base coefficient,0.9978565714750602,false
20,1,12,Transitions,transitions,Engaged → Disengaged,drug_z,0.6174300312995911,1.2375125885009766,Drug − saline contrast,0.9978565714750602,false
20,1,12,Transitions,transitions,Disengaged → Engaged,bias,-3.0024325847625732,-3.0024325847625732,Base coefficient,0.9978565714750602,false
20,1,12,Transitions,transitions,Disengaged → Engaged,cumulative_reward,0.46349164843559265,0.46349164843559265,Base coefficient,0.9978565714750602,false
20,1,12,Transitions,transitions,Disengaged → Engaged,drug_z,0.2896396815776825,0.580523669719696,Drug − saline contrast,0.9978565714750602,false
20,1,13,Emissions,emissions,Engaged,stim_param,1.1754347085952759,1.1754347085952759,Base coefficient,0.9993708132488927,false
20,1,13,Emissions,emissions,Engaged,choice_lag_param,1.0150437355041504,1.0150437355041504,Base coefficient,0.9993708132488927,false
20,1,13,Emissions,emissions,Engaged,bias,0.17930243909358978,0.17930243909358978,Base coefficient,0.9993708132488927,false
20,1,13,Emissions,emissions,Engaged,drug_z_x_stim_param,-0.13347557187080383,-0.2671191990375519,Drug − saline contrast,0.9993708132488927,false
20,1,13,Emissions,emissions,Engaged,drug_z_x_choice_lag_param,0.23534360527992249,0.4709835350513458,Drug − saline contrast,0.9993708132488927,false
20,1,13,Emissions,emissions,Disengaged,stim_param,0.0,0.0,Base coefficient,0.9993708132488927,true
20,1,13,Emissions,emissions,Disengaged,choice_lag_param,1.5322794914245605,1.5322794914245605,Base coefficient,0.9993708132488927,false
20,1,13,Emissions,emissions,Disengaged,bias,0.06197606399655342,0.06197606399655342,Base coefficient,0.9993708132488927,false
20,1,13,Emissions,emissions,Disengaged,drug_z_x_stim_param,0.0,0.0,Drug − saline contrast,0.9993708132488927,true
20,1,13,Emissions,emissions,Disengaged,drug_z_x_choice_lag_param,0.152587428689003,0.30536699295043945,Drug − saline contrast,0.9993708132488927,false
20,1,13,Transitions,transitions,Engaged → Disengaged,bias,-4.366104602813721,-4.366104602813721,Base coefficient,0.9993708132488927,false
20,1,13,Transitions,transitions,Engaged → Disengaged,cumulative_reward,0.9712890982627869,0.9712890982627869,Base coefficient,0.9993708132488927,false
20,1,13,Transitions,transitions,Engaged → Disengaged,drug_z,0.14791642129421234,0.2960191071033478,Drug − saline contrast,0.9993708132488927,false
20,1,13,Transitions,transitions,Disengaged → Engaged,bias,-3.0155930519104004,-3.0155930519104004,Base coefficient,0.9993708132488927,false
20,1,13,Transitions,transitions,Disengaged → Engaged,cumulative_reward,0.3676493763923645,0.3676493763923645,Base coefficient,0.9993708132488927,false
20,1,13,Transitions,transitions,Disengaged → Engaged,drug_z,-0.02280350588262081,-0.04563572630286217,Drug − saline contrast,0.9993708132488927,false
20,1,14,Emissions,emissions,Engaged,stim_param,1.2102484703063965,1.2102484703063965,Base coefficient,0.9982376622304736,false
20,1,14,Emissions,emissions,Engaged,choice_lag_param,1.0323227643966675,1.0323227643966675,Base coefficient,0.9982376622304736,false
20,1,14,Emissions,emissions,Engaged,bias,0.09869182109832764,0.09869182109832764,Base coefficient,0.9982376622304736,false
20,1,14,Emissions,emissions,Engaged,drug_z_x_stim_param,-0.13563835620880127,-0.2717556357383728,Drug − saline contrast,0.9982376622304736,false
20,1,14,Emissions,emissions,Engaged,drug_z_x_choice_lag_param,0.19917313754558563,0.3990495204925537,Drug − saline contrast,0.9982376622304736,false
20,1,14,Emissions,emissions,Disengaged,stim_param,0.0,0.0,Base coefficient,0.9982376622304736,true
20,1,14,Emissions,emissions,Disengaged,choice_lag_param,1.4291586875915527,1.4291586875915527,Base coefficient,0.9982376622304736,false
20,1,14,Emissions,emissions,Disengaged,bias,-0.032898686826229095,-0.032898686826229095,Base coefficient,0.9982376622304736,false
20,1,14,Emissions,emissions,Disengaged,drug_z_x_stim_param,0.0,0.0,Drug − saline contrast,0.9982376622304736,true
20,1,14,Emissions,emissions,Disengaged,drug_z_x_choice_lag_param,0.0898926854133606,0.18010276556015015,Drug − saline contrast,0.9982376622304736,false
20,1,14,Transitions,transitions,Engaged → Disengaged,bias,-4.562231540679932,-4.562231540679932,Base coefficient,0.9982376622304736,false
20,1,14,Transitions,transitions,Engaged → Disengaged,cumulative_reward,1.134128212928772,1.134128212928772,Base coefficient,0.9982376622304736,false
20,1,14,Transitions,transitions,Engaged → Disengaged,drug_z,0.2694832682609558,0.539918065071106,Drug − saline contrast,0.9982376622304736,false
20,1,14,Transitions,transitions,Disengaged → Engaged,bias,-3.071949005126953,-3.071949005126953,Base coefficient,0.9982376622304736,false
20,1,14,Transitions,transitions,Disengaged → Engaged,cumulative_reward,0.5383594632148743,0.5383594632148743,Base coefficient,0.9982376622304736,false
20,1,14,Transitions,transitions,Disengaged → Engaged,drug_z,0.21335045993328094,0.42745423316955566,Drug − saline contrast,0.9982376622304736,false
20,1,15,Emissions,emissions,Engaged,stim_param,1.2070716619491577,1.2070716619491577,Base coefficient,0.999406463295369,false
20,1,15,Emissions,emissions,Engaged,choice_lag_param,1.048893928527832,1.048893928527832,Base coefficient,0.999406463295369,false
20,1,15,Emissions,emissions,Engaged,bias,0.060860734432935715,0.060860734432935715,Base coefficient,0.999406463295369,false
20,1,15,Emissions,emissions,Engaged,drug_z_x_stim_param,-0.1695789098739624,-0.33935925364494324,Drug − saline contrast,0.999406463295369,false
20,1,15,Emissions,emissions,Engaged,drug_z_x_choice_lag_param,0.21624192595481873,0.4327406883239746,Drug − saline contrast,0.999406463295369,false
20,1,15,Emissions,emissions,Disengaged,stim_param,0.0,0.0,Base coefficient,0.999406463295369,true
20,1,15,Emissions,emissions,Disengaged,choice_lag_param,1.4950555562973022,1.4950555562973022,Base coefficient,0.999406463295369,false
20,1,15,Emissions,emissions,Disengaged,bias,0.10569938272237778,0.10569938272237778,Base coefficient,0.999406463295369,false
20,1,15,Emissions,emissions,Disengaged,drug_z_x_stim_param,0.0,0.0,Drug − saline contrast,0.999406463295369,true
20,1,15,Emissions,emissions,Disengaged,drug_z_x_choice_lag_param,0.15735997259616852,0.31490686535835266,Drug − saline contrast,0.999406463295369,false
20,1,15,Transitions,transitions,Engaged → Disengaged,bias,-4.392332553863525,-4.392332553863525,Base coefficient,0.999406463295369,false
20,1,15,Transitions,transitions,Engaged → Disengaged,cumulative_reward,0.9416468143463135,0.9416468143463135,Base coefficient,0.999406463295369,false
20,1,15,Transitions,transitions,Engaged → Disengaged,drug_z,0.324320524930954,0.6490262746810913,Drug − saline contrast,0.999406463295369,false
20,1,15,Transitions,transitions,Disengaged → Engaged,bias,-3.102113723754883,-3.102113723754883,Base coefficient,0.999406463295369,false
20,1,15,Transitions,transitions,Disengaged → Engaged,cumulative_reward,0.3493952751159668,0.3493952751159668,Base coefficient,0.999406463295369,false
20,1,15,Transitions,transitions,Disengaged → Engaged,drug_z,0.15255406498908997,0.3052893280982971,Drug − saline contrast,0.999406463295369,false
20,1,16,Emissions,emissions,Engaged,stim_param,1.2244678735733032,1.2244678735733032,Base coefficient,0.9980468886269688,false
20,1,16,Emissions,emissions,Engaged,choice_lag_param,0.998359739780426,0.998359739780426,Base coefficient,0.9980468886269688,false
20,1,16,Emissions,emissions,Engaged,bias,0.07817908376455307,0.07817908376455307,Base coefficient,0.9980468886269688,false
20,1,16,Emissions,emissions,Engaged,drug_z_x_stim_param,-0.16703002154827118,-0.33471378684043884,Drug − saline contrast,0.9980468886269688,false
20,1,16,Emissions,emissions,Engaged,drug_z_x_choice_lag_param,0.20393070578575134,0.40865957736968994,Drug − saline contrast,0.9980468886269688,false
20,1,16,Emissions,emissions,Disengaged,stim_param,0.0,0.0,Base coefficient,0.9980468886269688,true
20,1,16,Emissions,emissions,Disengaged,choice_lag_param,1.4954532384872437,1.4954532384872437,Base coefficient,0.9980468886269688,false
20,1,16,Emissions,emissions,Disengaged,bias,0.09521032124757767,0.09521032124757767,Base coefficient,0.9980468886269688,false
20,1,16,Emissions,emissions,Disengaged,drug_z_x_stim_param,0.0,0.0,Drug − saline contrast,0.9980468886269688,true
20,1,16,Emissions,emissions,Disengaged,drug_z_x_choice_lag_param,0.1529211848974228,0.30644088983535767,Drug − saline contrast,0.9980468886269688,false
20,1,16,Transitions,transitions,Engaged → Disengaged,bias,-4.251717567443848,-4.251717567443848,Base coefficient,0.9980468886269688,false
20,1,16,Transitions,transitions,Engaged → Disengaged,cumulative_reward,0.8143200874328613,0.8143200874328613,Base coefficient,0.9980468886269688,false
20,1,16,Transitions,transitions,Engaged → Disengaged,drug_z,0.3863826096057892,0.7742775082588196,Drug − saline contrast,0.9980468886269688,false
20,1,16,Transitions,transitions,Disengaged → Engaged,bias,-3.0505876541137695,-3.0505876541137695,Base coefficient,0.9980468886269688,false
20,1,16,Transitions,transitions,Disengaged → Engaged,cumulative_reward,0.3089390695095062,0.3089390695095062,Base coefficient,0.9980468886269688,false
20,1,16,Transitions,transitions,Disengaged → Engaged,drug_z,0.092487633228302,0.18533726036548615,Drug − saline contrast,0.9980468886269688,false
20,1,17,Emissions,emissions,Engaged,stim_param,1.1895160675048828,1.1895160675048828,Base coefficient,0.9994689497121487,false
20,1,17,Emissions,emissions,Engaged,choice_lag_param,1.0334678888320923,1.0334678888320923,Base coefficient,0.9994689497121487,false
20,1,17,Emissions,emissions,Engaged,bias,0.12138120830059052,0.12138120830059052,Base coefficient,0.9994689497121487,false
20,1,17,Emissions,emissions,Engaged,drug_z_x_stim_param,-0.15548017621040344,-0.31112557649612427,Drug − saline contrast,0.9994689497121487,false
20,1,17,Emissions,emissions,Engaged,drug_z_x_choice_lag_param,0.2243049144744873,0.4488481879234314,Drug − saline contrast,0.9994689497121487,false
20,1,17,Emissions,emissions,Disengaged,stim_param,0.0,0.0,Base coefficient,0.9994689497121487,true
20,1,17,Emissions,emissions,Disengaged,choice_lag_param,1.588159203529358,1.588159203529358,Base coefficient,0.9994689497121487,false
20,1,17,Emissions,emissions,Disengaged,bias,0.06044960021972656,0.06044960021972656,Base coefficient,0.9994689497121487,false
20,1,17,Emissions,emissions,Disengaged,drug_z_x_stim_param,0.0,0.0,Drug − saline contrast,0.9994689497121487,true
20,1,17,Emissions,emissions,Disengaged,drug_z_x_choice_lag_param,0.0857008621096611,0.171492800116539,Drug − saline contrast,0.9994689497121487,false
20,1,17,Transitions,transitions,Engaged → Disengaged,bias,-4.722747325897217,-4.722747325897217,Base coefficient,0.9994689497121487,false
20,1,17,Transitions,transitions,Engaged → Disengaged,cumulative_reward,1.0886861085891724,1.0886861085891724,Base coefficient,0.9994689497121487,false
20,1,17,Transitions,transitions,Engaged → Disengaged,drug_z,0.5157179236412048,1.0319838523864746,Drug − saline contrast,0.9994689497121487,false
20,1,17,Transitions,transitions,Disengaged → Engaged,bias,-3.211334705352783,-3.211334705352783,Base coefficient,0.9994689497121487,false
20,1,17,Transitions,transitions,Disengaged → Engaged,cumulative_reward,0.41551974415779114,0.41551974415779114,Base coefficient,0.9994689497121487,false
20,1,17,Transitions,transitions,Disengaged → Engaged,drug_z,0.2686021625995636,0.5374897718429565,Drug − saline contrast,0.9994689497121487,false
20,1,18,Emissions,emissions,Engaged,stim_param,1.2313601970672607,1.2313601970672607,Base coefficient,0.998217004875346,false
20,1,18,Emissions,emissions,Engaged,choice_lag_param,1.049202561378479,1.049202561378479,Base coefficient,0.998217004875346,false
20,1,18,Emissions,emissions,Engaged,bias,0.12400905787944794,0.12400905787944794,Base coefficient,0.998217004875346,false
20,1,18,Emissions,emissions,Engaged,drug_z_x_stim_param,-0.12783153355121613,-0.2561197280883789,Drug − saline contrast,0.998217004875346,false
20,1,18,Emissions,emissions,Engaged,drug_z_x_choice_lag_param,0.24629566073417664,0.4934711754322052,Drug − saline contrast,0.998217004875346,false
20,1,18,Emissions,emissions,Disengaged,stim_param,0.0,0.0,Base coefficient,0.998217004875346,true
20,1,18,Emissions,emissions,Disengaged,choice_lag_param,1.4782377481460571,1.4782377481460571,Base coefficient,0.998217004875346,false
20,1,18,Emissions,emissions,Disengaged,bias,-0.03048262558877468,-0.03048262558877468,Base coefficient,0.998217004875346,false
20,1,18,Emissions,emissions,Disengaged,drug_z_x_stim_param,0.0,0.0,Drug − saline contrast,0.998217004875346,true
20,1,18,Emissions,emissions,Disengaged,drug_z_x_choice_lag_param,0.07212567329406738,0.14450900256633759,Drug − saline contrast,0.998217004875346,false
20,1,18,Transitions,transitions,Engaged → Disengaged,bias,-4.129696846008301,-4.129696846008301,Base coefficient,0.998217004875346,false
20,1,18,Transitions,transitions,Engaged → Disengaged,cumulative_reward,0.6427229046821594,0.6427229046821594,Base coefficient,0.998217004875346,false
20,1,18,Transitions,transitions,Engaged → Disengaged,drug_z,0.5231565833091736,1.0481821298599243,Drug − saline contrast,0.998217004875346,false
20,1,18,Transitions,transitions,Disengaged → Engaged,bias,-2.728573799133301,-2.728573799133301,Base coefficient,0.998217004875346,false
20,1,18,Transitions,transitions,Disengaged → Engaged,cumulative_reward,0.037147875875234604,0.037147875875234604,Base coefficient,0.998217004875346,false
20,1,18,Transitions,transitions,Disengaged → Engaged,drug_z,0.308095782995224,0.6172922253608704,Drug − saline contrast,0.998217004875346,false
20,1,19,Emissions,emissions,Engaged,stim_param,1.206113338470459,1.206113338470459,Base coefficient,0.9994689497121487,false
20,1,19,Emissions,emissions,Engaged,choice_lag_param,1.0328325033187866,1.0328325033187866,Base coefficient,0.9994689497121487,false
20,1,19,Emissions,emissions,Engaged,bias,0.08116909116506577,0.08116909116506577,Base coefficient,0.9994689497121487,false
20,1,19,Emissions,emissions,Engaged,drug_z_x_stim_param,-0.16794882714748383,-0.33607614040374756,Drug − saline contrast,0.9994689497121487,false
20,1,19,Emissions,emissions,Engaged,drug_z_x_choice_lag_param,0.23173744976520538,0.4637211859226227,Drug − saline contrast,0.9994689497121487,false
20,1,19,Emissions,emissions,Disengaged,stim_param,0.0,0.0,Base coefficient,0.9994689497121487,true
20,1,19,Emissions,emissions,Disengaged,choice_lag_param,1.611458659172058,1.611458659172058,Base coefficient,0.9994689497121487,false
20,1,19,Emissions,emissions,Disengaged,bias,0.0716063603758812,0.0716063603758812,Base coefficient,0.9994689497121487,false
20,1,19,Emissions,emissions,Disengaged,drug_z_x_stim_param,0.0,0.0,Drug − saline contrast,0.9994689497121487,true
20,1,19,Emissions,emissions,Disengaged,drug_z_x_choice_lag_param,0.04435036703944206,0.08874786645174026,Drug − saline contrast,0.9994689497121487,false
20,1,19,Transitions,transitions,Engaged → Disengaged,bias,-4.6040263175964355,-4.6040263175964355,Base coefficient,0.9994689497121487,false
20,1,19,Transitions,transitions,Engaged → Disengaged,cumulative_reward,1.140527606010437,1.140527606010437,Base coefficient,0.9994689497121487,false
20,1,19,Transitions,transitions,Engaged → Disengaged,drug_z,0.4285285770893097,0.8575125336647034,Drug − saline contrast,0.9994689497121487,false
20,1,19,Transitions,transitions,Disengaged → Engaged,bias,-3.1081650257110596,-3.1081650257110596,Base coefficient,0.9994689497121487,false
20,1,19,Transitions,transitions,Disengaged → Engaged,cumulative_reward,0.41472792625427246,0.41472792625427246,Base coefficient,0.9994689497121487,false
20,1,19,Transitions,transitions,Disengaged → Engaged,drug_z,0.21235579252243042,0.42493724822998047,Drug − saline contrast,0.9994689497121487,false
20,1,20,Emissions,emissions,Engaged,stim_param,1.2375028133392334,1.2375028133392334,Base coefficient,0.9981436446373224,false
20,1,20,Emissions,emissions,Engaged,choice_lag_param,1.021040678024292,1.021040678024292,Base coefficient,0.9981436446373224,false
20,1,20,Emissions,emissions,Engaged,bias,0.10478601604700089,0.10478601604700089,Base coefficient,0.9981436446373224,false
20,1,20,Emissions,emissions,Engaged,drug_z_x_stim_param,-0.1447230875492096,-0.28998449444770813,Drug − saline contrast,0.9981436446373224,false
20,1,20,Emissions,emissions,Engaged,drug_z_x_choice_lag_param,0.2298922836780548,0.4606396555900574,Drug − saline contrast,0.9981436446373224,false
20,1,20,Emissions,emissions,Disengaged,stim_param,0.0,0.0,Base coefficient,0.9981436446373224,true
20,1,20,Emissions,emissions,Disengaged,choice_lag_param,1.5154412984848022,1.5154412984848022,Base coefficient,0.9981436446373224,false
20,1,20,Emissions,emissions,Disengaged,bias,0.12488226592540741,0.12488226592540741,Base coefficient,0.9981436446373224,false
20,1,20,Emissions,emissions,Disengaged,drug_z_x_stim_param,0.0,0.0,Drug − saline contrast,0.9981436446373224,true
20,1,20,Emissions,emissions,Disengaged,drug_z_x_choice_lag_param,0.1441217064857483,0.28877946734428406,Drug − saline contrast,0.9981436446373224,false
20,1,20,Transitions,transitions,Engaged → Disengaged,bias,-4.249892711639404,-4.249892711639404,Base coefficient,0.9981436446373224,false
20,1,20,Transitions,transitions,Engaged → Disengaged,cumulative_reward,0.8015926480293274,0.8015926480293274,Base coefficient,0.9981436446373224,false
20,1,20,Transitions,transitions,Engaged → Disengaged,drug_z,0.3583085238933563,0.7179498076438904,Drug − saline contrast,0.9981436446373224,false
20,1,20,Transitions,transitions,Disengaged → Engaged,bias,-3.0093581676483154,-3.0093581676483154,Base coefficient,0.9981436446373224,false
20,1,20,Transitions,transitions,Disengaged → Engaged,cumulative_reward,0.3108876049518585,0.3108876049518585,Base coefficient,0.9981436446373224,false
20,1,20,Transitions,transitions,Disengaged → Engaged,drug_z,0.09346694499254227,0.1872815489768982,Drug − saline contrast,0.9981436446373224,false
20,1,21,Emissions,emissions,Engaged,stim_param,1.2081108093261719,1.2081108093261719,Base coefficient,0.9994853505705459,false
20,1,21,Emissions,emissions,Engaged,choice_lag_param,1.0656715631484985,1.0656715631484985,Base coefficient,0.9994853505705459,false
20,1,21,Emissions,emissions,Engaged,bias,0.11509756743907928,0.11509756743907928,Base coefficient,0.9994853505705459,false
20,1,21,Emissions,emissions,Engaged,drug_z_x_stim_param,-0.1770142912864685,-0.35421088337898254,Drug − saline contrast,0.9994853505705459,false
20,1,21,Emissions,emissions,Engaged,drug_z_x_choice_lag_param,0.1987975686788559,0.39779984951019287,Drug − saline contrast,0.9994853505705459,false
20,1,21,Emissions,emissions,Disengaged,stim_param,0.0,0.0,Base coefficient,0.9994853505705459,true
20,1,21,Emissions,emissions,Disengaged,choice_lag_param,1.4520037174224854,1.4520037174224854,Base coefficient,0.9994853505705459,false
20,1,21,Emissions,emissions,Disengaged,bias,0.20053695142269135,0.20053695142269135,Base coefficient,0.9994853505705459,false
20,1,21,Emissions,emissions,Disengaged,drug_z_x_stim_param,0.0,0.0,Drug − saline contrast,0.9994853505705459,true
20,1,21,Emissions,emissions,Disengaged,drug_z_x_choice_lag_param,0.19970197975635529,0.39960959553718567,Drug − saline contrast,0.9994853505705459,false
20,1,21,Transitions,transitions,Engaged → Disengaged,bias,-5.045259475708008,-5.045259475708008,Base coefficient,0.9994853505705459,false
20,1,21,Transitions,transitions,Engaged → Disengaged,cumulative_reward,1.6016595363616943,1.6016595363616943,Base coefficient,0.9994853505705459,false
20,1,21,Transitions,transitions,Engaged → Disengaged,drug_z,0.33491507172584534,0.6701750159263611,Drug − saline contrast,0.9994853505705459,false
20,1,21,Transitions,transitions,Disengaged → Engaged,bias,-3.3212761878967285,-3.3212761878967285,Base coefficient,0.9994853505705459,false
20,1,21,Transitions,transitions,Disengaged → Engaged,cumulative_reward,0.846119225025177,0.846119225025177,Base coefficient,0.9994853505705459,false
20,1,21,Transitions,transitions,Disengaged → Engaged,drug_z,0.015203909948468208,0.030423477292060852,Drug − saline contrast,0.9994853505705459,false
20,1,22,Emissions,emissions,Engaged,stim_param,1.2180917263031006,1.2180917263031006,Base coefficient,0.9982581855193344,false
20,1,22,Emissions,emissions,Engaged,choice_lag_param,1.0475773811340332,1.0475773811340332,Base coefficient,0.9982581855193344,false
20,1,22,Emissions,emissions,Engaged,bias,0.09724719822406769,0.09724719822406769,Base coefficient,0.9982581855193344,false
20,1,22,Emissions,emissions,Engaged,drug_z_x_stim_param,-0.12500806152820587,-0.2504523694515228,Drug − saline contrast,0.9982581855193344,false
20,1,22,Emissions,emissions,Engaged,drug_z_x_choice_lag_param,0.23589910566806793,0.47262144088745117,Drug − saline contrast,0.9982581855193344,false
20,1,22,Emissions,emissions,Disengaged,stim_param,0.0,0.0,Base coefficient,0.9982581855193344,true
20,1,22,Emissions,emissions,Disengaged,choice_lag_param,1.5121573209762573,1.5121573209762573,Base coefficient,0.9982581855193344,false
20,1,22,Emissions,emissions,Disengaged,bias,0.1477167308330536,0.1477167308330536,Base coefficient,0.9982581855193344,false
20,1,22,Emissions,emissions,Disengaged,drug_z_x_stim_param,0.0,0.0,Drug − saline contrast,0.9982581855193344,true
20,1,22,Emissions,emissions,Disengaged,drug_z_x_choice_lag_param,0.1378766894340515,0.27623453736305237,Drug − saline contrast,0.9982581855193344,false
20,1,22,Transitions,transitions,Engaged → Disengaged,bias,-4.424915790557861,-4.424915790557861,Base coefficient,0.9982581855193344,false
20,1,22,Transitions,transitions,Engaged → Disengaged,cumulative_reward,0.7007883787155151,0.7007883787155151,Base coefficient,0.9982581855193344,false
20,1,22,Transitions,transitions,Engaged → Disengaged,drug_z,0.22871722280979156,0.4582326114177704,Drug − saline contrast,0.9982581855193344,false
20,1,22,Transitions,transitions,Disengaged → Engaged,bias,-3.0524864196777344,-3.0524864196777344,Base coefficient,0.9982581855193344,false
20,1,22,Transitions,transitions,Disengaged → Engaged,cumulative_reward,0.130045086145401,0.130045086145401,Base coefficient,0.9982581855193344,false
20,1,22,Transitions,transitions,Disengaged → Engaged,drug_z,-0.00327846291474998,-0.006568366661667824,Drug − saline contrast,0.9982581855193344,false
22,1,1,Emissions,emissions,Engaged,stim_param,1.1243010759353638,1.1243010759353638,Base coefficient,0.9990489555595007,false
22,1,1,Emissions,emissions,Engaged,choice_lag_param,1.1037275791168213,1.1037275791168213,Base coefficient,0.9990489555595007,false
22,1,1,Emissions,emissions,Engaged,bias,-0.3378767669200897,-0.3378767669200897,Base coefficient,0.9990489555595007,false
22,1,1,Emissions,emissions,Engaged,drug_z_x_stim_param,-0.037651803344488144,-0.07537529617547989,Drug − saline contrast,0.9990489555595007,false
22,1,1,Emissions,emissions,Engaged,drug_z_x_choice_lag_param,-0.0026831806171685457,-0.005371470004320145,Drug − saline contrast,0.9990489555595007,false
22,1,1,Emissions,emissions,Disengaged,stim_param,0.0,0.0,Base coefficient,0.9990489555595007,true
22,1,1,Emissions,emissions,Disengaged,choice_lag_param,0.8237809538841248,0.8237809538841248,Base coefficient,0.9990489555595007,false
22,1,1,Emissions,emissions,Disengaged,bias,0.7862281799316406,0.7862281799316406,Base coefficient,0.9990489555595007,false
22,1,1,Emissions,emissions,Disengaged,drug_z_x_stim_param,0.0,0.0,Drug − saline contrast,0.9990489555595007,true
22,1,1,Emissions,emissions,Disengaged,drug_z_x_choice_lag_param,0.01141589879989624,0.022853532806038857,Drug − saline contrast,0.9990489555595007,false
22,1,1,Transitions,transitions,Engaged → Disengaged,bias,-7.05649995803833,-7.05649995803833,Base coefficient,0.9990489555595007,false
22,1,1,Transitions,transitions,Engaged → Disengaged,cumulative_reward,1.6793954372406006,1.6793954372406006,Base coefficient,0.9990489555595007,false
22,1,1,Transitions,transitions,Engaged → Disengaged,drug_z,-0.17716816067695618,-0.3546736240386963,Drug − saline contrast,0.9990489555595007,false
22,1,1,Transitions,transitions,Disengaged → Engaged,bias,-9.66672134399414,-9.66672134399414,Base coefficient,0.9990489555595007,false
22,1,1,Transitions,transitions,Disengaged → Engaged,cumulative_reward,-0.00068495306186378,-0.00068495306186378,Base coefficient,0.9990489555595007,false
22,1,1,Transitions,transitions,Disengaged → Engaged,drug_z,-0.43799132108688354,-0.8768165111541748,Drug − saline contrast,0.9990489555595007,false
22,1,2,Emissions,emissions,Engaged,stim_param,1.3028875589370728,1.3028875589370728,Base coefficient,0.9995818079261627,false
22,1,2,Emissions,emissions,Engaged,choice_lag_param,1.0884320735931396,1.0884320735931396,Base coefficient,0.9995818079261627,false
22,1,2,Emissions,emissions,Engaged,bias,-0.25234779715538025,-0.25234779715538025,Base coefficient,0.9995818079261627,false
22,1,2,Emissions,emissions,Engaged,drug_z_x_stim_param,-0.07308928668498993,-0.1462397277355194,Drug − saline contrast,0.9995818079261627,false
22,1,2,Emissions,emissions,Engaged,drug_z_x_choice_lag_param,-0.01568423956632614,-0.031381603330373764,Drug − saline contrast,0.9995818079261627,false
22,1,2,Emissions,emissions,Disengaged,stim_param,0.0,0.0,Base coefficient,0.9995818079261627,true
22,1,2,Emissions,emissions,Disengaged,choice_lag_param,1.2603273391723633,1.2603273391723633,Base coefficient,0.9995818079261627,false
22,1,2,Emissions,emissions,Disengaged,bias,0.11617523431777954,0.11617523431777954,Base coefficient,0.9995818079261627,false
22,1,2,Emissions,emissions,Disengaged,drug_z_x_stim_param,0.0,0.0,Drug − saline contrast,0.9995818079261627,true
22,1,2,Emissions,emissions,Disengaged,drug_z_x_choice_lag_param,-0.032637499272823334,-0.0653023049235344,Drug − saline contrast,0.9995818079261627,false
22,1,2,Transitions,transitions,Engaged → Disengaged,bias,-6.427030563354492,-6.427030563354492,Base coefficient,0.9995818079261627,false
22,1,2,Transitions,transitions,Engaged → Disengaged,cumulative_reward,1.2900604009628296,1.2900604009628296,Base coefficient,0.9995818079261627,false
22,1,2,Transitions,transitions,Engaged → Disengaged,drug_z,-0.1191691979765892,-0.23843811452388763,Drug − saline contrast,0.9995818079261627,false
22,1,2,Transitions,transitions,Disengaged → Engaged,bias,-6.706733703613281,-6.706733703613281,Base coefficient,0.9995818079261627,false
22,1,2,Transitions,transitions,Disengaged → Engaged,cumulative_reward,0.8905919790267944,0.8905919790267944,Base coefficient,0.9995818079261627,false
22,1,2,Transitions,transitions,Disengaged → Engaged,drug_z,-0.3485926389694214,-0.6974769234657288,Drug − saline contrast,0.9995818079261627,false
22,1,3,Emissions,emissions,Engaged,stim_param,1.3183521032333374,1.3183521032333374,Base coefficient,0.9973001441955509,false
22,1,3,Emissions,emissions,Engaged,choice_lag_param,1.0638189315795898,1.0638189315795898,Base coefficient,0.9973001441955509,false
22,1,3,Emissions,emissions,Engaged,bias,-0.20842128992080688,-0.20842128992080688,Base coefficient,0.9973001441955509,false
22,1,3,Emissions,emissions,Engaged,drug_z_x_stim_param,-0.06937553733587265,-0.1391267031431198,Drug − saline contrast,0.9973001441955509,false
22,1,3,Emissions,emissions,Engaged,drug_z_x_choice_lag_param,-0.048930805176496506,-0.09812653809785843,Drug − saline contrast,0.9973001441955509,false
22,1,3,Emissions,emissions,Disengaged,stim_param,0.0,0.0,Base coefficient,0.9973001441955509,true
22,1,3,Emissions,emissions,Disengaged,choice_lag_param,1.2904804944992065,1.2904804944992065,Base coefficient,0.9973001441955509,false
22,1,3,Emissions,emissions,Disengaged,bias,0.08174294233322144,0.08174294233322144,Base coefficient,0.9973001441955509,false
22,1,3,Emissions,emissions,Disengaged,drug_z_x_stim_param,0.0,0.0,Drug − saline contrast,0.9973001441955509,true
22,1,3,Emissions,emissions,Disengaged,drug_z_x_choice_lag_param,-0.018857594579458237,-0.03781729191541672,Drug − saline contrast,0.9973001441955509,false
22,1,3,Transitions,transitions,Engaged → Disengaged,bias,-6.1521735191345215,-6.1521735191345215,Base coefficient,0.9973001441955509,false
22,1,3,Transitions,transitions,Engaged → Disengaged,cumulative_reward,1.2286818027496338,1.2286818027496338,Base coefficient,0.9973001441955509,false
22,1,3,Transitions,transitions,Engaged → Disengaged,drug_z,-0.029686616733670235,-0.05953396484255791,Drug − saline contrast,0.9973001441955509,false
22,1,3,Transitions,transitions,Disengaged → Engaged,bias,-6.364429473876953,-6.364429473876953,Base coefficient,0.9973001441955509,false
22,1,3,Transitions,transitions,Disengaged → Engaged,cumulative_reward,0.8085775375366211,0.8085775375366211,Base coefficient,0.9973001441955509,false
22,1,3,Transitions,transitions,Disengaged → Engaged,drug_z,-0.3910916745662689,-0.7843008637428284,Drug − saline contrast,0.9973001441955509,false
22,1,4,Emissions,emissions,Engaged,stim_param,1.3020039796829224,1.3020039796829224,Base coefficient,0.9999145976264606,false
22,1,4,Emissions,emissions,Engaged,choice_lag_param,1.0952669382095337,1.0952669382095337,Base coefficient,0.9999145976264606,false
22,1,4,Emissions,emissions,Engaged,bias,-0.2597405016422272,-0.2597405016422272,Base coefficient,0.9999145976264606,false
22,1,4,Emissions,emissions,Engaged,drug_z_x_stim_param,-0.07282664626836777,-0.1456657350063324,Drug − saline contrast,0.9999145976264606,false
22,1,4,Emissions,emissions,Engaged,drug_z_x_choice_lag_param,-0.009968790225684643,-0.019939282909035683,Drug − saline contrast,0.9999145976264606,false
22,1,4,Emissions,emissions,Disengaged,stim_param,0.0,0.0,Base coefficient,0.9999145976264606,true
22,1,4,Emissions,emissions,Disengaged,choice_lag_param,1.2308436632156372,1.2308436632156372,Base coefficient,0.9999145976264606,false
22,1,4,Emissions,emissions,Disengaged,bias,0.1454499065876007,0.1454499065876007,Base coefficient,0.9999145976264606,false
22,1,4,Emissions,emissions,Disengaged,drug_z_x_stim_param,0.0,0.0,Drug − saline contrast,0.9999145976264606,true
22,1,4,Emissions,emissions,Disengaged,drug_z_x_choice_lag_param,0.010787639766931534,0.021577121689915657,Drug − saline contrast,0.9999145976264606,false
22,1,4,Transitions,transitions,Engaged → Disengaged,bias,-6.485215187072754,-6.485215187072754,Base coefficient,0.9999145976264606,false
22,1,4,Transitions,transitions,Engaged → Disengaged,cumulative_reward,1.3105937242507935,1.3105937242507935,Base coefficient,0.9999145976264606,false
22,1,4,Transitions,transitions,Engaged → Disengaged,drug_z,-0.08258683234453201,-0.1651877760887146,Drug − saline contrast,0.9999145976264606,false
22,1,4,Transitions,transitions,Disengaged → Engaged,bias,-6.8214826583862305,-6.8214826583862305,Base coefficient,0.9999145976264606,false
22,1,4,Transitions,transitions,Disengaged → Engaged,cumulative_reward,0.862488865852356,0.862488865852356,Base coefficient,0.9999145976264606,false
22,1,4,Transitions,transitions,Disengaged → Engaged,drug_z,-0.3274402320384979,-0.6549364328384399,Drug − saline contrast,0.9999145976264606,false
22,1,5,Emissions,emissions,Engaged,stim_param,1.3125848770141602,1.3125848770141602,Base coefficient,0.9995018870889931,false
22,1,5,Emissions,emissions,Engaged,choice_lag_param,1.0744473934173584,1.0744473934173584,Base coefficient,0.9995018870889931,false
22,1,5,Emissions,emissions,Engaged,bias,-0.2136029452085495,-0.2136029452085495,Base coefficient,0.9995018870889931,false
22,1,5,Emissions,emissions,Engaged,drug_z_x_stim_param,-0.09722136706113815,-0.1945396363735199,Drug − saline contrast,0.9995018870889931,false
22,1,5,Emissions,emissions,Engaged,drug_z_x_choice_lag_param,0.007817951962351799,0.01564369536936283,Drug − saline contrast,0.9995018870889931,false
22,1,5,Emissions,emissions,Disengaged,stim_param,0.0,0.0,Base coefficient,0.9995018870889931,true
22,1,5,Emissions,emissions,Disengaged,choice_lag_param,1.2899593114852905,1.2899593114852905,Base coefficient,0.9995018870889931,false
22,1,5,Emissions,emissions,Disengaged,bias,0.08034675568342209,0.08034675568342209,Base coefficient,0.9995018870889931,false
22,1,5,Emissions,emissions,Disengaged,drug_z_x_stim_param,0.0,0.0,Drug − saline contrast,0.9995018870889931,true
22,1,5,Emissions,emissions,Disengaged,drug_z_x_choice_lag_param,-0.027783052995800972,-0.05559379979968071,Drug − saline contrast,0.9995018870889931,false
22,1,5,Transitions,transitions,Engaged → Disengaged,bias,-6.171831130981445,-6.171831130981445,Base coefficient,0.9995018870889931,false
22,1,5,Transitions,transitions,Engaged → Disengaged,cumulative_reward,1.0496429204940796,1.0496429204940796,Base coefficient,0.9995018870889931,false
22,1,5,Transitions,transitions,Engaged → Disengaged,drug_z,-0.09705384820699692,-0.1942044347524643,Drug − saline contrast,0.9995018870889931,false
22,1,5,Transitions,transitions,Disengaged → Engaged,bias,-6.623328685760498,-6.623328685760498,Base coefficient,0.9995018870889931,false
22,1,5,Transitions,transitions,Disengaged → Engaged,cumulative_reward,0.9192644357681274,0.9192644357681274,Base coefficient,0.9995018870889931,false
22,1,5,Transitions,transitions,Disengaged → Engaged,drug_z,-0.2699517607688904,-0.5401725769042969,Drug − saline contrast,0.9995018870889931,false
22,1,6,Emissions,emissions,Engaged,stim_param,1.3153531551361084,1.3153531551361084,Base coefficient,0.9957036684971838,false
22,1,6,Emissions,emissions,Engaged,choice_lag_param,1.0970466136932373,1.0970466136932373,Base coefficient,0.9957036684971838,false
22,1,6,Emissions,emissions,Engaged,bias,-0.2594764232635498,-0.2594764232635498,Base coefficient,0.9957036684971838,false
22,1,6,Emissions,emissions,Engaged,drug_z_x_stim_param,-0.06828812509775162,-0.13716556131839752,Drug − saline contrast,0.9957036684971838,false
22,1,6,Emissions,emissions,Engaged,drug_z_x_choice_lag_param,0.005204580258578062,0.01045407447963953,Drug − saline contrast,0.9957036684971838,false
22,1,6,Emissions,emissions,Disengaged,stim_param,0.0,0.0,Base coefficient,0.9957036684971838,true
22,1,6,Emissions,emissions,Disengaged,choice_lag_param,1.2809205055236816,1.2809205055236816,Base coefficient,0.9957036684971838,false
22,1,6,Emissions,emissions,Disengaged,bias,0.09228572994470596,0.09228572994470596,Base coefficient,0.9957036684971838,false
22,1,6,Emissions,emissions,Disengaged,drug_z_x_stim_param,0.0,0.0,Drug − saline contrast,0.9957036684971838,true
22,1,6,Emissions,emissions,Disengaged,drug_z_x_choice_lag_param,-0.02071487531065941,-0.04160851240158081,Drug − saline contrast,0.9957036684971838,false
22,1,6,Transitions,transitions,Engaged → Disengaged,bias,-6.244781970977783,-6.244781970977783,Base coefficient,0.9957036684971838,false
22,1,6,Transitions,transitions,Engaged → Disengaged,cumulative_reward,0.982379138469696,0.982379138469696,Base coefficient,0.9957036684971838,false
22,1,6,Transitions,transitions,Engaged → Disengaged,drug_z,-0.19224539399147034,-0.3861497938632965,Drug − saline contrast,0.9957036684971838,false
22,1,6,Transitions,transitions,Disengaged → Engaged,bias,-6.687408924102783,-6.687408924102783,Base coefficient,0.9957036684971838,false
22,1,6,Transitions,transitions,Disengaged → Engaged,cumulative_reward,0.9009884595870972,0.9009884595870972,Base coefficient,0.9957036684971838,false
22,1,6,Transitions,transitions,Disengaged → Engaged,drug_z,-0.362956702709198,-0.7290456295013428,Drug − saline contrast,0.9957036684971838,false
22,1,7,Emissions,emissions,Engaged,stim_param,1.2906649112701416,1.2906649112701416,Base coefficient,0.9990271164925761,false
22,1,7,Emissions,emissions,Engaged,choice_lag_param,1.0551338195800781,1.0551338195800781,Base coefficient,0.9990271164925761,false
22,1,7,Emissions,emissions,Engaged,bias,-0.20037637650966644,-0.20037637650966644,Base coefficient,0.9990271164925761,false
22,1,7,Emissions,emissions,Engaged,drug_z_x_stim_param,-0.0766090601682663,-0.1533673256635666,Drug − saline contrast,0.9990271164925761,false
22,1,7,Emissions,emissions,Engaged,drug_z_x_choice_lag_param,0.03074749931693077,0.06155488267540932,Drug − saline contrast,0.9990271164925761,false
22,1,7,Emissions,emissions,Disengaged,stim_param,0.0,0.0,Base coefficient,0.9990271164925761,true
22,1,7,Emissions,emissions,Disengaged,choice_lag_param,1.2921664714813232,1.2921664714813232,Base coefficient,0.9990271164925761,false
22,1,7,Emissions,emissions,Disengaged,bias,0.08218499273061752,0.08218499273061752,Base coefficient,0.9990271164925761,false
22,1,7,Emissions,emissions,Disengaged,drug_z_x_stim_param,0.0,0.0,Drug − saline contrast,0.9990271164925761,true
22,1,7,Emissions,emissions,Disengaged,drug_z_x_choice_lag_param,-0.028463754802942276,-0.056982945650815964,Drug − saline contrast,0.9990271164925761,false
22,1,7,Transitions,transitions,Engaged → Disengaged,bias,-6.135096549987793,-6.135096549987793,Base coefficient,0.9990271164925761,false
22,1,7,Transitions,transitions,Engaged → Disengaged,cumulative_reward,1.2295047044754028,1.2295047044754028,Base coefficient,0.9990271164925761,false
22,1,7,Transitions,transitions,Engaged → Disengaged,drug_z,-0.28763964772224426,-0.5758395195007324,Drug − saline contrast,0.9990271164925761,false
22,1,7,Transitions,transitions,Disengaged → Engaged,bias,-6.373193740844727,-6.373193740844727,Base coefficient,0.9990271164925761,false
22,1,7,Transitions,transitions,Disengaged → Engaged,cumulative_reward,0.8451471328735352,0.8451471328735352,Base coefficient,0.9990271164925761,false
22,1,7,Transitions,transitions,Disengaged → Engaged,drug_z,-0.4370913803577423,-0.8750340342521667,Drug − saline contrast,0.9990271164925761,false
22,1,8,Emissions,emissions,Engaged,stim_param,1.2942878007888794,1.2942878007888794,Base coefficient,0.995432749404807,false
22,1,8,Emissions,emissions,Engaged,choice_lag_param,1.0748549699783325,1.0748549699783325,Base coefficient,0.995432749404807,false
22,1,8,Emissions,emissions,Engaged,bias,-0.2756621539592743,-0.2756621539592743,Base coefficient,0.995432749404807,false
22,1,8,Emissions,emissions,Engaged,drug_z_x_stim_param,-0.10956653952598572,-0.22013850510120392,Drug − saline contrast,0.995432749404807,false
22,1,8,Emissions,emissions,Engaged,drug_z_x_choice_lag_param,-0.029418151825666428,-0.0591062568128109,Drug − saline contrast,0.995432749404807,false
22,1,8,Emissions,emissions,Disengaged,stim_param,0.0,0.0,Base coefficient,0.995432749404807,true
22,1,8,Emissions,emissions,Disengaged,choice_lag_param,1.276127576828003,1.276127576828003,Base coefficient,0.995432749404807,false
22,1,8,Emissions,emissions,Disengaged,bias,0.10027723759412766,0.10027723759412766,Base coefficient,0.995432749404807,false
22,1,8,Emissions,emissions,Disengaged,drug_z_x_stim_param,0.0,0.0,Drug − saline contrast,0.995432749404807,true
22,1,8,Emissions,emissions,Disengaged,drug_z_x_choice_lag_param,-0.016949698328971863,-0.03405493497848511,Drug − saline contrast,0.995432749404807,false
22,1,8,Transitions,transitions,Engaged → Disengaged,bias,-6.268322944641113,-6.268322944641113,Base coefficient,0.995432749404807,false
22,1,8,Transitions,transitions,Engaged → Disengaged,cumulative_reward,1.3604161739349365,1.3604161739349365,Base coefficient,0.995432749404807,false
22,1,8,Transitions,transitions,Engaged → Disengaged,drug_z,0.10739584267139435,0.2157772034406662,Drug − saline contrast,0.995432749404807,false
22,1,8,Transitions,transitions,Disengaged → Engaged,bias,-6.496996879577637,-6.496996879577637,Base coefficient,0.995432749404807,false
22,1,8,Transitions,transitions,Disengaged → Engaged,cumulative_reward,0.8562273383140564,0.8562273383140564,Base coefficient,0.995432749404807,false
22,1,8,Transitions,transitions,Disengaged → Engaged,drug_z,-0.20173929631710052,-0.4053298532962799,Drug − saline contrast,0.995432749404807,false
22,1,9,Emissions,emissions,Engaged,stim_param,1.3111789226531982,1.3111789226531982,Base coefficient,0.9990271164925761,false
22,1,9,Emissions,emissions,Engaged,choice_lag_param,1.0811606645584106,1.0811606645584106,Base coefficient,0.9990271164925761,false
22,1,9,Emissions,emissions,Engaged,bias,-0.21987295150756836,-0.21987295150756836,Base coefficient,0.9990271164925761,false
22,1,9,Emissions,emissions,Engaged,drug_z_x_stim_param,-0.08747582882642746,-0.17512202262878418,Drug − saline contrast,0.9990271164925761,false
22,1,9,Emissions,emissions,Engaged,drug_z_x_choice_lag_param,-0.001889971550554037,-0.003783624153584242,Drug − saline contrast,0.9990271164925761,false
22,1,9,Emissions,emissions,Disengaged,stim_param,0.0,0.0,Base coefficient,0.9990271164925761,true
22,1,9,Emissions,emissions,Disengaged,choice_lag_param,1.262769103050232,1.262769103050232,Base coefficient,0.9990271164925761,false
22,1,9,Emissions,emissions,Disengaged,bias,0.11783446371555328,0.11783446371555328,Base coefficient,0.9990271164925761,false
22,1,9,Emissions,emissions,Disengaged,drug_z_x_stim_param,0.0,0.0,Drug − saline contrast,0.9990271164925761,true
22,1,9,Emissions,emissions,Disengaged,drug_z_x_choice_lag_param,-0.015904365107417107,-0.031839706003665924,Drug − saline contrast,0.9990271164925761,false
22,1,9,Transitions,transitions,Engaged → Disengaged,bias,-6.58455753326416,-6.58455753326416,Base coefficient,0.9990271164925761,false
22,1,9,Transitions,transitions,Engaged → Disengaged,cumulative_reward,1.3757585287094116,1.3757585287094116,Base coefficient,0.9990271164925761,false
22,1,9,Transitions,transitions,Engaged → Disengaged,drug_z,0.014484486542642117,0.028997182846069336,Drug − saline contrast,0.9990271164925761,false
22,1,9,Transitions,transitions,Disengaged → Engaged,bias,-6.952868938446045,-6.952868938446045,Base coefficient,0.9990271164925761,false
22,1,9,Transitions,transitions,Disengaged → Engaged,cumulative_reward,0.5349411368370056,0.5349411368370056,Base coefficient,0.9990271164925761,false
22,1,9,Transitions,transitions,Disengaged → Engaged,drug_z,0.4406149983406067,0.8820881247520447,Drug − saline contrast,0.9990271164925761,false
22,1,10,Emissions,emissions,Engaged,stim_param,1.1687397956848145,1.1687397956848145,Base coefficient,0.9954076350368714,false
22,1,10,Emissions,emissions,Engaged,choice_lag_param,1.1171469688415527,1.1171469688415527,Base coefficient,0.9954076350368714,false
22,1,10,Emissions,emissions,Engaged,bias,-0.38004225492477417,-0.38004225492477417,Base coefficient,0.9954076350368714,false
22,1,10,Emissions,emissions,Engaged,drug_z_x_stim_param,-0.11105471104383469,-0.2231341302394867,Drug − saline contrast,0.9954076350368714,false
22,1,10,Emissions,emissions,Engaged,drug_z_x_choice_lag_param,0.01635858602821827,0.03286811336874962,Drug − saline contrast,0.9954076350368714,false
22,1,10,Emissions,emissions,Disengaged,stim_param,0.0,0.0,Base coefficient,0.9954076350368714,true
22,1,10,Emissions,emissions,Disengaged,choice_lag_param,0.8562756776809692,0.8562756776809692,Base coefficient,0.9954076350368714,false
22,1,10,Emissions,emissions,Disengaged,bias,0.724676251411438,0.724676251411438,Base coefficient,0.9954076350368714,false
22,1,10,Emissions,emissions,Disengaged,drug_z_x_stim_param,0.0,0.0,Drug − saline contrast,0.9954076350368714,true
22,1,10,Emissions,emissions,Disengaged,drug_z_x_choice_lag_param,0.006524358876049519,0.013108918443322182,Drug − saline contrast,0.9954076350368714,false
22,1,10,Transitions,transitions,Engaged → Disengaged,bias,-6.923531532287598,-6.923531532287598,Base coefficient,0.9954076350368714,false
22,1,10,Transitions,transitions,Engaged → Disengaged,cumulative_reward,1.7724418640136719,1.7724418640136719,Base coefficient,0.9954076350368714,false
22,1,10,Transitions,transitions,Engaged → Disengaged,drug_z,0.17734794318675995,0.35633230209350586,Drug − saline contrast,0.9954076350368714,false
22,1,10,Transitions,transitions,Disengaged → Engaged,bias,-7.576084136962891,-7.576084136962891,Base coefficient,0.9954076350368714,false
22,1,10,Transitions,transitions,Disengaged → Engaged,cumulative_reward,0.40159180760383606,0.40159180760383606,Base coefficient,0.9954076350368714,false
22,1,10,Transitions,transitions,Disengaged → Engaged,drug_z,0.7012735605239868,1.40901780128479,Drug − saline contrast,0.9954076350368714,false
22,1,11,Emissions,emissions,Engaged,stim_param,1.290617823600769,1.290617823600769,Base coefficient,0.9990380696618678,false
22,1,11,Emissions,emissions,Engaged,choice_lag_param,1.08126699924469,1.08126699924469,Base coefficient,0.9990380696618678,false
22,1,11,Emissions,emissions,Engaged,bias,-0.2678866982460022,-0.2678866982460022,Base coefficient,0.9990380696618678,false
22,1,11,Emissions,emissions,Engaged,drug_z_x_stim_param,-0.06767776608467102,-0.13548585772514343,Drug − saline contrast,0.9990380696618678,false
22,1,11,Emissions,emissions,Engaged,drug_z_x_choice_lag_param,-0.003288550302386284,-0.006583433598279953,Drug − saline contrast,0.9990380696618678,false
22,1,11,Emissions,emissions,Disengaged,stim_param,0.0,0.0,Base coefficient,0.9990380696618678,true
22,1,11,Emissions,emissions,Disengaged,choice_lag_param,1.2779757976531982,1.2779757976531982,Base coefficient,0.9990380696618678,false
22,1,11,Emissions,emissions,Disengaged,bias,0.07381761074066162,0.07381761074066162,Base coefficient,0.9990380696618678,false
22,1,11,Emissions,emissions,Disengaged,drug_z_x_stim_param,0.0,0.0,Drug − saline contrast,0.9990380696618678,true
22,1,11,Emissions,emissions,Disengaged,drug_z_x_choice_lag_param,-0.020213454961776733,-0.040465835481882095,Drug − saline contrast,0.9990380696618678,false
22,1,11,Transitions,transitions,Engaged → Disengaged,bias,-6.619830131530762,-6.619830131530762,Base coefficient,0.9990380696618678,false
22,1,11,Transitions,transitions,Engaged → Disengaged,cumulative_reward,1.3211915493011475,1.3211915493011475,Base coefficient,0.9990380696618678,false
22,1,11,Transitions,transitions,Engaged → Disengaged,drug_z,0.0176614411175251,0.03535689413547516,Drug − saline contrast,0.9990380696618678,false
22,1,11,Transitions,transitions,Disengaged → Engaged,bias,-6.678295612335205,-6.678295612335205,Base coefficient,0.9990380696618678,false
22,1,11,Transitions,transitions,Disengaged → Engaged,cumulative_reward,0.9603153467178345,0.9603153467178345,Base coefficient,0.9990380696618678,false
22,1,11,Transitions,transitions,Disengaged → Engaged,drug_z,-0.4955114722251892,-0.9919772148132324,Drug − saline contrast,0.9990380696618678,false
22,1,12,Emissions,emissions,Engaged,stim_param,1.3080717325210571,1.3080717325210571,Base coefficient,0.9963057890757904,false
22,1,12,Emissions,emissions,Engaged,choice_lag_param,1.0902602672576904,1.0902602672576904,Base coefficient,0.9963057890757904,false
22,1,12,Emissions,emissions,Engaged,bias,-0.24017518758773804,-0.24017518758773804,Base coefficient,0.9963057890757904,false
22,1,12,Emissions,emissions,Engaged,drug_z_x_stim_param,-0.07896021753549576,-0.15850599110126495,Drug − saline contrast,0.9963057890757904,false
22,1,12,Emissions,emissions,Engaged,drug_z_x_choice_lag_param,-0.006910759024322033,-0.013872766867280006,Drug − saline contrast,0.9963057890757904,false
22,1,12,Emissions,emissions,Disengaged,stim_param,0.0,0.0,Base coefficient,0.9963057890757904,true
22,1,12,Emissions,emissions,Disengaged,choice_lag_param,1.2755827903747559,1.2755827903747559,Base coefficient,0.9963057890757904,false
22,1,12,Emissions,emissions,Disengaged,bias,0.005925326142460108,0.005925326142460108,Base coefficient,0.9963057890757904,false
22,1,12,Emissions,emissions,Disengaged,drug_z_x_stim_param,0.0,0.0,Drug − saline contrast,0.9963057890757904,true
22,1,12,Emissions,emissions,Disengaged,drug_z_x_choice_lag_param,-0.02614559605717659,-0.052485086023807526,Drug − saline contrast,0.9963057890757904,false
22,1,12,Transitions,transitions,Engaged → Disengaged,bias,-6.169325828552246,-6.169325828552246,Base coefficient,0.9963057890757904,false
22,1,12,Transitions,transitions,Engaged → Disengaged,cumulative_reward,1.2035104036331177,1.2035104036331177,Base coefficient,0.9963057890757904,false
22,1,12,Transitions,transitions,Engaged → Disengaged,drug_z,-0.058264683932065964,-0.11696144938468933,Drug − saline contrast,0.9963057890757904,false
22,1,12,Transitions,transitions,Disengaged → Engaged,bias,-5.9737043380737305,-5.9737043380737305,Base coefficient,0.9963057890757904,false
22,1,12,Transitions,transitions,Disengaged → Engaged,cumulative_reward,0.7348262667655945,0.7348262667655945,Base coefficient,0.9963057890757904,false
22,1,12,Transitions,transitions,Disengaged → Engaged,drug_z,-0.07131461799144745,-0.14315809309482574,Drug − saline contrast,0.9963057890757904,false
22,1,13,Emissions,emissions,Engaged,stim_param,1.1764754056930542,1.1764754056930542,Base coefficient,0.9989254950892404,false
22,1,13,Emissions,emissions,Engaged,choice_lag_param,1.1458219289779663,1.1458219289779663,Base coefficient,0.9989254950892404,false
22,1,13,Emissions,emissions,Engaged,bias,-0.36966392397880554,-0.36966392397880554,Base coefficient,0.9989254950892404,false
22,1,13,Emissions,emissions,Engaged,drug_z_x_stim_param,-0.04765797406435013,-0.09541847556829453,Drug − saline contrast,0.9989254950892404,false
22,1,13,Emissions,emissions,Engaged,drug_z_x_choice_lag_param,-0.019756218418478966,-0.039554938673973083,Drug − saline contrast,0.9989254950892404,false
22,1,13,Emissions,emissions,Disengaged,stim_param,0.0,0.0,Base coefficient,0.9989254950892404,true
22,1,13,Emissions,emissions,Disengaged,choice_lag_param,0.8694376349449158,0.8694376349449158,Base coefficient,0.9989254950892404,false
22,1,13,Emissions,emissions,Disengaged,bias,0.7009090781211853,0.7009090781211853,Base coefficient,0.9989254950892404,false
22,1,13,Emissions,emissions,Disengaged,drug_z_x_stim_param,0.0,0.0,Drug − saline contrast,0.9989254950892404,true
22,1,13,Emissions,emissions,Disengaged,drug_z_x_choice_lag_param,0.007555370219051838,0.015126993879675865,Drug − saline contrast,0.9989254950892404,false
22,1,13,Transitions,transitions,Engaged → Disengaged,bias,-6.848398685455322,-6.848398685455322,Base coefficient,0.9989254950892404,false
22,1,13,Transitions,transitions,Engaged → Disengaged,cumulative_reward,1.747116208076477,1.747116208076477,Base coefficient,0.9989254950892404,false
22,1,13,Transitions,transitions,Engaged → Disengaged,drug_z,-0.08548107743263245,-0.17114605009555817,Drug − saline contrast,0.9989254950892404,false
22,1,13,Transitions,transitions,Disengaged → Engaged,bias,-7.247779369354248,-7.247779369354248,Base coefficient,0.9989254950892404,false
22,1,13,Transitions,transitions,Disengaged → Engaged,cumulative_reward,0.45663344860076904,0.45663344860076904,Base coefficient,0.9989254950892404,false
22,1,13,Transitions,transitions,Disengaged → Engaged,drug_z,0.503391444683075,1.0078657865524292,Drug − saline contrast,0.9989254950892404,false
22,1,14,Emissions,emissions,Engaged,stim_param,1.3317042589187622,1.3317042589187622,Base coefficient,0.9957518816970905,false
22,1,14,Emissions,emissions,Engaged,choice_lag_param,1.0932252407073975,1.0932252407073975,Base coefficient,0.9957518816970905,false
22,1,14,Emissions,emissions,Engaged,bias,-0.27183660864830017,-0.27183660864830017,Base coefficient,0.9957518816970905,false
22,1,14,Emissions,emissions,Engaged,drug_z_x_stim_param,-0.05036479979753494,-0.10115934163331985,Drug − saline contrast,0.9957518816970905,false
22,1,14,Emissions,emissions,Engaged,drug_z_x_choice_lag_param,-0.007056316360831261,-0.014172840863466263,Drug − saline contrast,0.9957518816970905,false
22,1,14,Emissions,emissions,Disengaged,stim_param,0.0,0.0,Base coefficient,0.9957518816970905,true
22,1,14,Emissions,emissions,Disengaged,choice_lag_param,1.309792399406433,1.309792399406433,Base coefficient,0.9957518816970905,false
22,1,14,Emissions,emissions,Disengaged,bias,0.0713573470711708,0.0713573470711708,Base coefficient,0.9957518816970905,false
22,1,14,Emissions,emissions,Disengaged,drug_z_x_stim_param,0.0,0.0,Drug − saline contrast,0.9957518816970905,true
22,1,14,Emissions,emissions,Disengaged,drug_z_x_choice_lag_param,0.010715796612203121,0.02152302674949169,Drug − saline contrast,0.9957518816970905,false
22,1,14,Transitions,transitions,Engaged → Disengaged,bias,-6.954555988311768,-6.954555988311768,Base coefficient,0.9957518816970905,false
22,1,14,Transitions,transitions,Engaged → Disengaged,cumulative_reward,1.7126528024673462,1.7126528024673462,Base coefficient,0.9957518816970905,false
22,1,14,Transitions,transitions,Engaged → Disengaged,drug_z,-0.4586189389228821,-0.9211510419845581,Drug − saline contrast,0.9957518816970905,false
22,1,14,Transitions,transitions,Disengaged → Engaged,bias,-6.746532440185547,-6.746532440185547,Base coefficient,0.9957518816970905,false
22,1,14,Transitions,transitions,Disengaged → Engaged,cumulative_reward,1.1067081689834595,1.1067081689834595,Base coefficient,0.9957518816970905,false
22,1,14,Transitions,transitions,Disengaged → Engaged,drug_z,-0.3695203363895416,-0.7421936392784119,Drug − saline contrast,0.9957518816970905,false
22,1,15,Emissions,emissions,Engaged,stim_param,1.3139426708221436,1.3139426708221436,Base coefficient,0.9991642874068993,false
22,1,15,Emissions,emissions,Engaged,choice_lag_param,1.1096960306167603,1.1096960306167603,Base coefficient,0.9991642874068993,false
22,1,15,Emissions,emissions,Engaged,bias,-0.2270154505968094,-0.2270154505968094,Base coefficient,0.9991642874068993,false
22,1,15,Emissions,emissions,Engaged,drug_z_x_stim_param,-0.09677377343177795,-0.19370943307876587,Drug − saline contrast,0.9991642874068993,false
22,1,15,Emissions,emissions,Engaged,drug_z_x_choice_lag_param,-0.029814787209033966,-0.05967944860458374,Drug − saline contrast,0.9991642874068993,false
22,1,15,Emissions,emissions,Disengaged,stim_param,0.0,0.0,Base coefficient,0.9991642874068993,true
22,1,15,Emissions,emissions,Disengaged,choice_lag_param,1.2740509510040283,1.2740509510040283,Base coefficient,0.9991642874068993,false
22,1,15,Emissions,emissions,Disengaged,bias,0.07830924540758133,0.07830924540758133,Base coefficient,0.9991642874068993,false
22,1,15,Emissions,emissions,Disengaged,drug_z_x_stim_param,0.0,0.0,Drug − saline contrast,0.9991642874068993,true
22,1,15,Emissions,emissions,Disengaged,drug_z_x_choice_lag_param,-0.012329247780144215,-0.024679120630025864,Drug − saline contrast,0.9991642874068993,false
22,1,15,Transitions,transitions,Engaged → Disengaged,bias,-6.469733238220215,-6.469733238220215,Base coefficient,0.9991642874068993,false
22,1,15,Transitions,transitions,Engaged → Disengaged,cumulative_reward,1.1997922658920288,1.1997922658920288,Base coefficient,0.9991642874068993,false
22,1,15,Transitions,transitions,Engaged → Disengaged,drug_z,0.03886198252439499,0.07778897136449814,Drug − saline contrast,0.9991642874068993,false
22,1,15,Transitions,transitions,Disengaged → Engaged,bias,-6.671368598937988,-6.671368598937988,Base coefficient,0.9991642874068993,false
22,1,15,Transitions,transitions,Disengaged → Engaged,cumulative_reward,0.9155225157737732,0.9155225157737732,Base coefficient,0.9991642874068993,false
22,1,15,Transitions,transitions,Disengaged → Engaged,drug_z,-0.3203739523887634,-0.6412838101387024,Drug − saline contrast,0.9991642874068993,false
22,1,16,Emissions,emissions,Engaged,stim_param,1.306610345840454,1.306610345840454,Base coefficient,0.9961715395172331,false
22,1,16,Emissions,emissions,Engaged,choice_lag_param,1.089320421218872,1.089320421218872,Base coefficient,0.9961715395172331,false
22,1,16,Emissions,emissions,Engaged,bias,-0.2420683056116104,-0.2420683056116104,Base coefficient,0.9961715395172331,false
22,1,16,Emissions,emissions,Engaged,drug_z_x_stim_param,-0.07995184510946274,-0.16051822900772095,Drug − saline contrast,0.9961715395172331,false
22,1,16,Emissions,emissions,Engaged,drug_z_x_choice_lag_param,-0.009610180743038654,-0.01929422840476036,Drug − saline contrast,0.9961715395172331,false
22,1,16,Emissions,emissions,Disengaged,stim_param,0.0,0.0,Base coefficient,0.9961715395172331,true
22,1,16,Emissions,emissions,Disengaged,choice_lag_param,1.300162434577942,1.300162434577942,Base coefficient,0.9961715395172331,false
22,1,16,Emissions,emissions,Disengaged,bias,0.025297297164797783,0.025297297164797783,Base coefficient,0.9961715395172331,false
22,1,16,Emissions,emissions,Disengaged,drug_z_x_stim_param,0.0,0.0,Drug − saline contrast,0.9961715395172331,true
22,1,16,Emissions,emissions,Disengaged,drug_z_x_choice_lag_param,-0.0034120038617402315,-0.006850233767181635,Drug − saline contrast,0.9961715395172331,false
22,1,16,Transitions,transitions,Engaged → Disengaged,bias,-6.279003143310547,-6.279003143310547,Base coefficient,0.9961715395172331,false
22,1,16,Transitions,transitions,Engaged → Disengaged,cumulative_reward,1.3046283721923828,1.3046283721923828,Base coefficient,0.9961715395172331,false
22,1,16,Transitions,transitions,Engaged → Disengaged,drug_z,-0.09835928678512573,-0.19747459888458252,Drug − saline contrast,0.9961715395172331,false
22,1,16,Transitions,transitions,Disengaged → Engaged,bias,-5.983223915100098,-5.983223915100098,Base coefficient,0.9961715395172331,false
22,1,16,Transitions,transitions,Disengaged → Engaged,cumulative_reward,0.7562547922134399,0.7562547922134399,Base coefficient,0.9961715395172331,false
22,1,16,Transitions,transitions,Disengaged → Engaged,drug_z,-0.08985026925802231,-0.18039116263389587,Drug − saline contrast,0.9961715395172331,false
22,1,17,Emissions,emissions,Engaged,stim_param,1.2978360652923584,1.2978360652923584,Base coefficient,0.9991743733684489,false
22,1,17,Emissions,emissions,Engaged,choice_lag_param,1.097030520439148,1.097030520439148,Base coefficient,0.9991743733684489,false
22,1,17,Emissions,emissions,Engaged,bias,-0.2615569531917572,-0.2615569531917572,Base coefficient,0.9991743733684489,false
22,1,17,Emissions,emissions,Engaged,drug_z_x_stim_param,-0.06857987493276596,-0.13727308809757233,Drug − saline contrast,0.9991743733684489,false
22,1,17,Emissions,emissions,Engaged,drug_z_x_choice_lag_param,-0.0033905841410160065,-0.006786771584302187,Drug − saline contrast,0.9991743733684489,false
22,1,17,Emissions,emissions,Disengaged,stim_param,0.0,0.0,Base coefficient,0.9991743733684489,true
22,1,17,Emissions,emissions,Disengaged,choice_lag_param,1.2729374170303345,1.2729374170303345,Base coefficient,0.9991743733684489,false
22,1,17,Emissions,emissions,Disengaged,bias,0.19635730981826782,0.19635730981826782,Base coefficient,0.9991743733684489,false
22,1,17,Emissions,emissions,Disengaged,drug_z_x_stim_param,0.0,0.0,Drug − saline contrast,0.9991743733684489,true
22,1,17,Emissions,emissions,Disengaged,drug_z_x_choice_lag_param,-0.08188852667808533,-0.16391238570213318,Drug − saline contrast,0.9991743733684489,false
22,1,17,Transitions,transitions,Engaged → Disengaged,bias,-6.611697196960449,-6.611697196960449,Base coefficient,0.9991743733684489,false
22,1,17,Transitions,transitions,Engaged → Disengaged,cumulative_reward,1.377721905708313,1.377721905708313,Base coefficient,0.9991743733684489,false
22,1,17,Transitions,transitions,Engaged → Disengaged,drug_z,-0.0032607652246952057,-0.006526919547468424,Drug − saline contrast,0.9991743733684489,false
22,1,17,Transitions,transitions,Disengaged → Engaged,bias,-6.76048469543457,-6.76048469543457,Base coefficient,0.9991743733684489,false
22,1,17,Transitions,transitions,Disengaged → Engaged,cumulative_reward,0.9003176093101501,0.9003176093101501,Base coefficient,0.9991743733684489,false
22,1,17,Transitions,transitions,Disengaged → Engaged,drug_z,-0.331865131855011,-0.6642787456512451,Drug − saline contrast,0.9991743733684489,false
22,1,18,Emissions,emissions,Engaged,stim_param,1.2435312271118164,1.2435312271118164,Base coefficient,0.9958473512130914,false
22,1,18,Emissions,emissions,Engaged,choice_lag_param,1.1160969734191895,1.1160969734191895,Base coefficient,0.9958473512130914,false
22,1,18,Emissions,emissions,Engaged,bias,-0.32306182384490967,-0.32306182384490967,Base coefficient,0.9958473512130914,false
22,1,18,Emissions,emissions,Engaged,drug_z_x_stim_param,0.01006261631846428,0.02020915411412716,Drug − saline contrast,0.9958473512130914,false
22,1,18,Emissions,emissions,Engaged,drug_z_x_choice_lag_param,0.0034212341997772455,0.0068710013292729855,Drug − saline contrast,0.9958473512130914,false
22,1,18,Emissions,emissions,Disengaged,stim_param,0.0,0.0,Base coefficient,0.9958473512130914,true
22,1,18,Emissions,emissions,Disengaged,choice_lag_param,0.8238084316253662,0.8238084316253662,Base coefficient,0.9958473512130914,false
22,1,18,Emissions,emissions,Disengaged,bias,0.7836498618125916,0.7836498618125916,Base coefficient,0.9958473512130914,false
22,1,18,Emissions,emissions,Disengaged,drug_z_x_stim_param,0.0,0.0,Drug − saline contrast,0.9958473512130914,true
22,1,18,Emissions,emissions,Disengaged,drug_z_x_choice_lag_param,0.006941762752830982,0.013941419310867786,Drug − saline contrast,0.9958473512130914,false
22,1,18,Transitions,transitions,Engaged → Disengaged,bias,-7.058638095855713,-7.058638095855713,Base coefficient,0.9958473512130914,false
22,1,18,Transitions,transitions,Engaged → Disengaged,cumulative_reward,1.686467170715332,1.686467170715332,Base coefficient,0.9958473512130914,false
22,1,18,Transitions,transitions,Engaged → Disengaged,drug_z,-0.14964810013771057,-0.30054426193237305,Drug − saline contrast,0.9958473512130914,false
22,1,18,Transitions,transitions,Disengaged → Engaged,bias,-10.289558410644531,-10.289558410644531,Base coefficient,0.9958473512130914,false
22,1,18,Transitions,transitions,Disengaged → Engaged,cumulative_reward,-0.372231662273407,-0.372231662273407,Base coefficient,0.9958473512130914,false
22,1,18,Transitions,transitions,Disengaged → Engaged,drug_z,-1.1632379293441772,-2.336177110671997,Drug − saline contrast,0.9958473512130914,false
23,1,1,Emissions,emissions,Engaged,stim_param,1.1366305351257324,1.1366305351257324,Base coefficient,0.9981973158741306,false
23,1,1,Emissions,emissions,Engaged,choice_lag_param,0.9573613405227661,0.9573613405227661,Base coefficient,0.9981973158741306,false
23,1,1,Emissions,emissions,Engaged,bias,-0.13687817752361298,-0.13687817752361298,Base coefficient,0.9981973158741306,false
23,1,1,Emissions,emissions,Engaged,drug_z_x_stim_param,-0.043082643300294876,-0.0863208994269371,Drug − saline contrast,0.9981973158741306,false
23,1,1,Emissions,emissions,Engaged,drug_z_x_choice_lag_param,0.1530701220035553,0.30669310688972473,Drug − saline contrast,0.9981973158741306,false
23,1,1,Emissions,emissions,Disengaged,stim_param,0.0,0.0,Base coefficient,0.9981973158741306,true
23,1,1,Emissions,emissions,Disengaged,choice_lag_param,1.684226393699646,1.684226393699646,Base coefficient,0.9981973158741306,false
23,1,1,Emissions,emissions,Disengaged,bias,-0.1857234239578247,-0.1857234239578247,Base coefficient,0.9981973158741306,false
23,1,1,Emissions,emissions,Disengaged,drug_z_x_stim_param,0.0,0.0,Drug − saline contrast,0.9981973158741306,true
23,1,1,Emissions,emissions,Disengaged,drug_z_x_choice_lag_param,0.28187909722328186,0.5647763013839722,Drug − saline contrast,0.9981973158741306,false
23,1,1,Transitions,transitions,Engaged → Disengaged,bias,-5.579195022583008,-5.579195022583008,Base coefficient,0.9981973158741306,false
23,1,1,Transitions,transitions,Engaged → Disengaged,cumulative_reward,0.888029158115387,0.888029158115387,Base coefficient,0.9981973158741306,false
23,1,1,Transitions,transitions,Engaged → Disengaged,drug_z,-0.14445321261882782,-0.289428174495697,Drug − saline contrast,0.9981973158741306,false
23,1,1,Transitions,transitions,Disengaged → Engaged,bias,-6.194602012634277,-6.194602012634277,Base coefficient,0.9981973158741306,false
23,1,1,Transitions,transitions,Disengaged → Engaged,cumulative_reward,-0.5096008777618408,-0.5096008777618408,Base coefficient,0.9981973158741306,false
23,1,1,Transitions,transitions,Disengaged → Engaged,drug_z,-1.2853299379348755,-2.5753023624420166,Drug − saline contrast,0.9981973158741306,false
23,1,2,Emissions,emissions,Engaged,stim_param,1.1643614768981934,1.1643614768981934,Base coefficient,0.9990311731729039,false
23,1,2,Emissions,emissions,Engaged,choice_lag_param,0.914140522480011,0.914140522480011,Base coefficient,0.9990311731729039,false
23,1,2,Emissions,emissions,Engaged,bias,-0.07880347222089767,-0.07880347222089767,Base coefficient,0.9990311731729039,false
23,1,2,Emissions,emissions,Engaged,drug_z_x_stim_param,-0.11166690289974213,-0.22355037927627563,Drug − saline contrast,0.9990311731729039,false
23,1,2,Emissions,emissions,Engaged,drug_z_x_choice_lag_param,0.16897405683994293,0.33827584981918335,Drug − saline contrast,0.9990311731729039,false
23,1,2,Emissions,emissions,Disengaged,stim_param,0.0,0.0,Base coefficient,0.9990311731729039,true
23,1,2,Emissions,emissions,Disengaged,choice_lag_param,1.6450024843215942,1.6450024843215942,Base coefficient,0.9990311731729039,false
23,1,2,Emissions,emissions,Disengaged,bias,-0.1852920949459076,-0.1852920949459076,Base coefficient,0.9990311731729039,false
23,1,2,Emissions,emissions,Disengaged,drug_z_x_stim_param,0.0,0.0,Drug − saline contrast,0.9990311731729039,true
23,1,2,Emissions,emissions,Disengaged,drug_z_x_choice_lag_param,0.31743136048316956,0.6354783773422241,Drug − saline contrast,0.9990311731729039,false
23,1,2,Transitions,transitions,Engaged → Disengaged,bias,-5.442833423614502,-5.442833423614502,Base coefficient,0.9990311731729039,false
23,1,2,Transitions,transitions,Engaged → Disengaged,cumulative_reward,0.6344397068023682,0.6344397068023682,Base coefficient,0.9990311731729039,false
23,1,2,Transitions,transitions,Engaged → Disengaged,drug_z,0.04426838830113411,0.08862263709306717,Drug − saline contrast,0.9990311731729039,false
23,1,2,Transitions,transitions,Disengaged → Engaged,bias,-6.169670581817627,-6.169670581817627,Base coefficient,0.9990311731729039,false
23,1,2,Transitions,transitions,Disengaged → Engaged,cumulative_reward,-0.544537365436554,-0.544537365436554,Base coefficient,0.9990311731729039,false
23,1,2,Transitions,transitions,Disengaged → Engaged,drug_z,-1.2489898204803467,-2.5004019737243652,Drug − saline contrast,0.9990311731729039,false
23,1,3,Emissions,emissions,Engaged,stim_param,1.0879080295562744,1.0879080295562744,Base coefficient,0.9971136187363983,false
23,1,3,Emissions,emissions,Engaged,choice_lag_param,0.9254570603370667,0.9254570603370667,Base coefficient,0.9971136187363983,false
23,1,3,Emissions,emissions,Engaged,bias,-0.11496094614267349,-0.11496094614267349,Base coefficient,0.9971136187363983,false
23,1,3,Emissions,emissions,Engaged,drug_z_x_stim_param,-0.017911536619067192,-0.03592677041888237,Drug − saline contrast,0.9971136187363983,false
23,1,3,Emissions,emissions,Engaged,drug_z_x_choice_lag_param,0.1813550442457199,0.3637600243091583,Drug − saline contrast,0.9971136187363983,false
23,1,3,Emissions,emissions,Disengaged,stim_param,0.0,0.0,Base coefficient,0.9971136187363983,true
23,1,3,Emissions,emissions,Disengaged,choice_lag_param,1.6949515342712402,1.6949515342712402,Base coefficient,0.9971136187363983,false
23,1,3,Emissions,emissions,Disengaged,bias,-0.1955382376909256,-0.1955382376909256,Base coefficient,0.9971136187363983,false
23,1,3,Emissions,emissions,Disengaged,drug_z_x_stim_param,0.0,0.0,Drug − saline contrast,0.9971136187363983,true
23,1,3,Emissions,emissions,Disengaged,drug_z_x_choice_lag_param,0.27181029319763184,0.5451942086219788,Drug − saline contrast,0.9971136187363983,false
23,1,3,Transitions,transitions,Engaged → Disengaged,bias,-5.4869818687438965,-5.4869818687438965,Base coefficient,0.9971136187363983,false
23,1,3,Transitions,transitions,Engaged → Disengaged,cumulative_reward,0.8679625988006592,0.8679625988006592,Base coefficient,0.9971136187363983,false
23,1,3,Transitions,transitions,Engaged → Disengaged,drug_z,-0.13360992074012756,-0.26799336075782776,Drug − saline contrast,0.9971136187363983,false
23,1,3,Transitions,transitions,Disengaged → Engaged,bias,-6.150852680206299,-6.150852680206299,Base coefficient,0.9971136187363983,false
23,1,3,Transitions,transitions,Disengaged → Engaged,cumulative_reward,-0.5320571660995483,-0.5320571660995483,Base coefficient,0.9971136187363983,false
23,1,3,Transitions,transitions,Disengaged → Engaged,drug_z,-1.2512340545654297,-2.509711980819702,Drug − saline contrast,0.9971136187363983,false
23,1,4,Emissions,emissions,Engaged,stim_param,1.184011459350586,1.184011459350586,Base coefficient,0.9991319585804471,false
23,1,4,Emissions,emissions,Engaged,choice_lag_param,0.9159839153289795,0.9159839153289795,Base coefficient,0.9991319585804471,false
23,1,4,Emissions,emissions,Engaged,bias,-0.10765663534402847,-0.10765663534402847,Base coefficient,0.9991319585804471,false
23,1,4,Emissions,emissions,Engaged,drug_z_x_stim_param,-0.09442044794559479,-0.18900495767593384,Drug − saline contrast,0.9991319585804471,false
23,1,4,Emissions,emissions,Engaged,drug_z_x_choice_lag_param,0.161064013838768,0.32240787148475647,Drug − saline contrast,0.9991319585804471,false
23,1,4,Emissions,emissions,Disengaged,stim_param,0.0,0.0,Base coefficient,0.9991319585804471,true
23,1,4,Emissions,emissions,Disengaged,choice_lag_param,1.599584698677063,1.599584698677063,Base coefficient,0.9991319585804471,false
23,1,4,Emissions,emissions,Disengaged,bias,-0.14921711385250092,-0.14921711385250092,Base coefficient,0.9991319585804471,false
23,1,4,Emissions,emissions,Disengaged,drug_z_x_stim_param,0.0,0.0,Drug − saline contrast,0.9991319585804471,true
23,1,4,Emissions,emissions,Disengaged,drug_z_x_choice_lag_param,0.2872328460216522,0.5749647617340088,Drug − saline contrast,0.9991319585804471,false
23,1,4,Transitions,transitions,Engaged → Disengaged,bias,-5.623143672943115,-5.623143672943115,Base coefficient,0.9991319585804471,false
23,1,4,Transitions,transitions,Engaged → Disengaged,cumulative_reward,0.7712994813919067,0.7712994813919067,Base coefficient,0.9991319585804471,false
23,1,4,Transitions,transitions,Engaged → Disengaged,drug_z,-0.22410863637924194,-0.4486066699028015,Drug − saline contrast,0.9991319585804471,false
23,1,4,Transitions,transitions,Disengaged → Engaged,bias,-6.235830783843994,-6.235830783843994,Base coefficient,0.9991319585804471,false
23,1,4,Transitions,transitions,Disengaged → Engaged,cumulative_reward,-0.36018699407577515,-0.36018699407577515,Base coefficient,0.9991319585804471,false
23,1,4,Transitions,transitions,Disengaged → Engaged,drug_z,-1.3389626741409302,-2.6802518367767334,Drug − saline contrast,0.9991319585804471,false
23,1,5,Emissions,emissions,Engaged,stim_param,1.2352882623672485,1.2352882623672485,Base coefficient,0.9965733638033886,false
23,1,5,Emissions,emissions,Engaged,choice_lag_param,0.9411777257919312,0.9411777257919312,Base coefficient,0.9965733638033886,false
23,1,5,Emissions,emissions,Engaged,bias,-0.14943696558475494,-0.14943696558475494,Base coefficient,0.9965733638033886,false
23,1,5,Emissions,emissions,Engaged,drug_z_x_stim_param,-0.07626532763242722,-0.1530551165342331,Drug − saline contrast,0.9965733638033886,false
23,1,5,Emissions,emissions,Engaged,drug_z_x_choice_lag_param,0.17385517060756683,0.34890592098236084,Drug − saline contrast,0.9965733638033886,false
23,1,5,Emissions,emissions,Disengaged,stim_param,0.0,0.0,Base coefficient,0.9965733638033886,true
23,1,5,Emissions,emissions,Disengaged,choice_lag_param,1.6324729919433594,1.6324729919433594,Base coefficient,0.9965733638033886,false
23,1,5,Emissions,emissions,Disengaged,bias,-0.17537128925323486,-0.17537128925323486,Base coefficient,0.9965733638033886,false
23,1,5,Emissions,emissions,Disengaged,drug_z_x_stim_param,0.0,0.0,Drug − saline contrast,0.9965733638033886,true
23,1,5,Emissions,emissions,Disengaged,drug_z_x_choice_lag_param,0.23961929976940155,0.48088639974594116,Drug − saline contrast,0.9965733638033886,false
23,1,5,Transitions,transitions,Engaged → Disengaged,bias,-5.4334869384765625,-5.4334869384765625,Base coefficient,0.9965733638033886,false
23,1,5,Transitions,transitions,Engaged → Disengaged,cumulative_reward,0.6779597401618958,0.6779597401618958,Base coefficient,0.9965733638033886,false
23,1,5,Transitions,transitions,Engaged → Disengaged,drug_z,-0.1641380488872528,-0.3294048309326172,Drug − saline contrast,0.9965733638033886,false
23,1,5,Transitions,transitions,Disengaged → Engaged,bias,-6.108856201171875,-6.108856201171875,Base coefficient,0.9965733638033886,false
23,1,5,Transitions,transitions,Disengaged → Engaged,cumulative_reward,-0.5996103882789612,-0.5996103882789612,Base coefficient,0.9965733638033886,false
23,1,5,Transitions,transitions,Disengaged → Engaged,drug_z,-1.3250807523727417,-2.659273862838745,Drug − saline contrast,0.9965733638033886,false
23,1,6,Emissions,emissions,Engaged,stim_param,1.2156418561935425,1.2156418561935425,Base coefficient,0.9991513983576951,false
23,1,6,Emissions,emissions,Engaged,choice_lag_param,0.9213791489601135,0.9213791489601135,Base coefficient,0.9991513983576951,false
23,1,6,Emissions,emissions,Engaged,bias,-0.12220390141010284,-0.12220390141010284,Base coefficient,0.9991513983576951,false
23,1,6,Emissions,emissions,Engaged,drug_z_x_stim_param,-0.0019760755822062492,-0.003955507650971413,Drug − saline contrast,0.9991513983576951,false
23,1,6,Emissions,emissions,Engaged,drug_z_x_choice_lag_param,0.14498405158519745,0.2902143895626068,Drug − saline contrast,0.9991513983576951,false
23,1,6,Emissions,emissions,Disengaged,stim_param,0.0,0.0,Base coefficient,0.9991513983576951,true
23,1,6,Emissions,emissions,Disengaged,choice_lag_param,1.6547367572784424,1.6547367572784424,Base coefficient,0.9991513983576951,false
23,1,6,Emissions,emissions,Disengaged,bias,-0.1810702681541443,-0.1810702681541443,Base coefficient,0.9991513983576951,false
23,1,6,Emissions,emissions,Disengaged,drug_z_x_stim_param,0.0,0.0,Drug − saline contrast,0.9991513983576951,true
23,1,6,Emissions,emissions,Disengaged,drug_z_x_choice_lag_param,0.27920234203338623,0.5588789582252502,Drug − saline contrast,0.9991513983576951,false
23,1,6,Transitions,transitions,Engaged → Disengaged,bias,-5.827253818511963,-5.827253818511963,Base coefficient,0.9991513983576951,false
23,1,6,Transitions,transitions,Engaged → Disengaged,cumulative_reward,1.12184476852417,1.12184476852417,Base coefficient,0.9991513983576951,false
23,1,6,Transitions,transitions,Engaged → Disengaged,drug_z,0.033991217613220215,0.06804017722606659,Drug − saline contrast,0.9991513983576951,false
23,1,6,Transitions,transitions,Disengaged → Engaged,bias,-9.58499813079834,-9.58499813079834,Base coefficient,0.9991513983576951,false
23,1,6,Transitions,transitions,Disengaged → Engaged,cumulative_reward,-3.855605125427246,-3.855605125427246,Base coefficient,0.9991513983576951,false
23,1,6,Transitions,transitions,Disengaged → Engaged,drug_z,-1.124658465385437,-2.251227378845215,Drug − saline contrast,0.9991513983576951,false
23,1,7,Emissions,emissions,Engaged,stim_param,1.167506217956543,1.167506217956543,Base coefficient,0.9965327189003435,false
23,1,7,Emissions,emissions,Engaged,choice_lag_param,0.9058590531349182,0.9058590531349182,Base coefficient,0.9965327189003435,false
23,1,7,Emissions,emissions,Engaged,bias,-0.18482659757137299,-0.18482659757137299,Base coefficient,0.9965327189003435,false
23,1,7,Emissions,emissions,Engaged,drug_z_x_stim_param,-0.058177415281534195,-0.11675966531038284,Drug − saline contrast,0.9965327189003435,false
23,1,7,Emissions,emissions,Engaged,drug_z_x_choice_lag_param,0.18920812010765076,0.3797328770160675,Drug − saline contrast,0.9965327189003435,false
23,1,7,Emissions,emissions,Disengaged,stim_param,0.0,0.0,Base coefficient,0.9965327189003435,true
23,1,7,Emissions,emissions,Disengaged,choice_lag_param,1.6501458883285522,1.6501458883285522,Base coefficient,0.9965327189003435,false
23,1,7,Emissions,emissions,Disengaged,bias,-0.18278756737709045,-0.18278756737709045,Base coefficient,0.9965327189003435,false
23,1,7,Emissions,emissions,Disengaged,drug_z_x_stim_param,0.0,0.0,Drug − saline contrast,0.9965327189003435,true
23,1,7,Emissions,emissions,Disengaged,drug_z_x_choice_lag_param,0.2749929130077362,0.5518994331359863,Drug − saline contrast,0.9965327189003435,false
23,1,7,Transitions,transitions,Engaged → Disengaged,bias,-5.487557411193848,-5.487557411193848,Base coefficient,0.9965327189003435,false
23,1,7,Transitions,transitions,Engaged → Disengaged,cumulative_reward,0.9732435345649719,0.9732435345649719,Base coefficient,0.9965327189003435,false
23,1,7,Transitions,transitions,Engaged → Disengaged,drug_z,-0.21186457574367523,-0.42520344257354736,Drug − saline contrast,0.9965327189003435,false
23,1,7,Transitions,transitions,Disengaged → Engaged,bias,-6.188269138336182,-6.188269138336182,Base coefficient,0.9965327189003435,false
23,1,7,Transitions,transitions,Disengaged → Engaged,cumulative_reward,-0.2964857220649719,-0.2964857220649719,Base coefficient,0.9965327189003435,false
23,1,7,Transitions,transitions,Disengaged → Engaged,drug_z,-1.2037756443023682,-2.4159278869628906,Drug − saline contrast,0.9965327189003435,false
23,1,8,Emissions,emissions,Engaged,stim_param,1.155942440032959,1.155942440032959,Base coefficient,0.9990923636289689,false
23,1,8,Emissions,emissions,Engaged,choice_lag_param,0.9089488983154297,0.9089488983154297,Base coefficient,0.9990923636289689,false
23,1,8,Emissions,emissions,Engaged,bias,-0.10185311734676361,-0.10185311734676361,Base coefficient,0.9990923636289689,false
23,1,8,Emissions,emissions,Engaged,drug_z_x_stim_param,-0.12665876746177673,-0.25354766845703125,Drug − saline contrast,0.9990923636289689,false
23,1,8,Emissions,emissions,Engaged,drug_z_x_choice_lag_param,0.16614115238189697,0.3325841724872589,Drug − saline contrast,0.9990923636289689,false
23,1,8,Emissions,emissions,Disengaged,stim_param,0.0,0.0,Base coefficient,0.9990923636289689,true
23,1,8,Emissions,emissions,Disengaged,choice_lag_param,1.6420361995697021,1.6420361995697021,Base coefficient,0.9990923636289689,false
23,1,8,Emissions,emissions,Disengaged,bias,-0.18639226257801056,-0.18639226257801056,Base coefficient,0.9990923636289689,false
23,1,8,Emissions,emissions,Disengaged,drug_z_x_stim_param,0.0,0.0,Drug − saline contrast,0.9990923636289689,true
23,1,8,Emissions,emissions,Disengaged,drug_z_x_choice_lag_param,0.31385812163352966,0.6282865405082703,Drug − saline contrast,0.9990923636289689,false
23,1,8,Transitions,transitions,Engaged → Disengaged,bias,-5.4043989181518555,-5.4043989181518555,Base coefficient,0.9990923636289689,false
23,1,8,Transitions,transitions,Engaged → Disengaged,cumulative_reward,0.8427871465682983,0.8427871465682983,Base coefficient,0.9990923636289689,false
23,1,8,Transitions,transitions,Engaged → Disengaged,drug_z,0.2539145350456238,0.5082904100418091,Drug − saline contrast,0.9990923636289689,false
23,1,8,Transitions,transitions,Disengaged → Engaged,bias,-6.190126419067383,-6.190126419067383,Base coefficient,0.9990923636289689,false
23,1,8,Transitions,transitions,Disengaged → Engaged,cumulative_reward,-0.43695613741874695,-0.43695613741874695,Base coefficient,0.9990923636289689,false
23,1,8,Transitions,transitions,Disengaged → Engaged,drug_z,-1.1381983757019043,-2.2784647941589355,Drug − saline contrast,0.9990923636289689,false
23,1,9,Emissions,emissions,Engaged,stim_param,1.150538444519043,1.150538444519043,Base coefficient,0.9968886060442916,false
23,1,9,Emissions,emissions,Engaged,choice_lag_param,0.9617035984992981,0.9617035984992981,Base coefficient,0.9968886060442916,false
23,1,9,Emissions,emissions,Engaged,bias,-0.11614006757736206,-0.11614006757736206,Base coefficient,0.9968886060442916,false
23,1,9,Emissions,emissions,Engaged,drug_z_x_stim_param,-0.05641284957528114,-0.1131778433918953,Drug − saline contrast,0.9968886060442916,false
23,1,9,Emissions,emissions,Engaged,drug_z_x_choice_lag_param,0.14623384177684784,0.2933805286884308,Drug − saline contrast,0.9968886060442916,false
23,1,9,Emissions,emissions,Disengaged,stim_param,0.0,0.0,Base coefficient,0.9968886060442916,true
23,1,9,Emissions,emissions,Disengaged,choice_lag_param,1.6452828645706177,1.6452828645706177,Base coefficient,0.9968886060442916,false
23,1,9,Emissions,emissions,Disengaged,bias,-0.15721395611763,-0.15721395611763,Base coefficient,0.9968886060442916,false
23,1,9,Emissions,emissions,Disengaged,drug_z_x_stim_param,0.0,0.0,Drug − saline contrast,0.9968886060442916,true
23,1,9,Emissions,emissions,Disengaged,drug_z_x_choice_lag_param,0.3352716267108917,0.672636091709137,Drug − saline contrast,0.9968886060442916,false
23,1,9,Transitions,transitions,Engaged → Disengaged,bias,-5.662201404571533,-5.662201404571533,Base coefficient,0.9968886060442916,false
23,1,9,Transitions,transitions,Engaged → Disengaged,cumulative_reward,0.7545192837715149,0.7545192837715149,Base coefficient,0.9968886060442916,false
23,1,9,Transitions,transitions,Engaged → Disengaged,drug_z,-0.0029703727923333645,-0.0059592872858047485,Drug − saline contrast,0.9968886060442916,false
23,1,9,Transitions,transitions,Disengaged → Engaged,bias,-6.2296600341796875,-6.2296600341796875,Base coefficient,0.9968886060442916,false
23,1,9,Transitions,transitions,Disengaged → Engaged,cumulative_reward,-0.5174803733825684,-0.5174803733825684,Base coefficient,0.9968886060442916,false
23,1,9,Transitions,transitions,Disengaged → Engaged,drug_z,-1.2535622119903564,-2.5149495601654053,Drug − saline contrast,0.9968886060442916,false
23,1,10,Emissions,emissions,Engaged,stim_param,1.2050615549087524,1.2050615549087524,Base coefficient,0.9992719929311631,false
23,1,10,Emissions,emissions,Engaged,choice_lag_param,0.9272217750549316,0.9272217750549316,Base coefficient,0.9992719929311631,false
23,1,10,Emissions,emissions,Engaged,bias,-0.09815031290054321,-0.09815031290054321,Base coefficient,0.9992719929311631,false
23,1,10,Emissions,emissions,Engaged,drug_z_x_stim_param,-0.039944689720869064,-0.0799475833773613,Drug − saline contrast,0.9992719929311631,false
23,1,10,Emissions,emissions,Engaged,drug_z_x_choice_lag_param,0.15454339981079102,0.30931198596954346,Drug − saline contrast,0.9992719929311631,false
23,1,10,Emissions,emissions,Disengaged,stim_param,0.0,0.0,Base coefficient,0.9992719929311631,true
23,1,10,Emissions,emissions,Disengaged,choice_lag_param,1.6451455354690552,1.6451455354690552,Base coefficient,0.9992719929311631,false
23,1,10,Emissions,emissions,Disengaged,bias,-0.15914426743984222,-0.15914426743984222,Base coefficient,0.9992719929311631,false
23,1,10,Emissions,emissions,Disengaged,drug_z_x_stim_param,0.0,0.0,Drug − saline contrast,0.9992719929311631,true
23,1,10,Emissions,emissions,Disengaged,drug_z_x_choice_lag_param,0.2859627604484558,0.5723422169685364,Drug − saline contrast,0.9992719929311631,false
23,1,10,Transitions,transitions,Engaged → Disengaged,bias,-5.693788051605225,-5.693788051605225,Base coefficient,0.9992719929311631,false
23,1,10,Transitions,transitions,Engaged → Disengaged,cumulative_reward,0.9215885400772095,0.9215885400772095,Base coefficient,0.9992719929311631,false
23,1,10,Transitions,transitions,Engaged → Disengaged,drug_z,-0.19307787716388702,-0.3864370882511139,Drug − saline contrast,0.9992719929311631,false
23,1,10,Transitions,transitions,Disengaged → Engaged,bias,-6.240442276000977,-6.240442276000977,Base coefficient,0.9992719929311631,false
23,1,10,Transitions,transitions,Disengaged → Engaged,cumulative_reward,-0.26802027225494385,-0.26802027225494385,Base coefficient,0.9992719929311631,false
23,1,10,Transitions,transitions,Disengaged → Engaged,drug_z,-1.2329829931259155,-2.4677624702453613,Drug − saline contrast,0.9992719929311631,false
23,1,11,Emissions,emissions,Engaged,stim_param,1.224585771560669,1.224585771560669,Base coefficient,0.9964917961027164,false
23,1,11,Emissions,emissions,Engaged,choice_lag_param,0.9924771785736084,0.9924771785736084,Base coefficient,0.9964917961027164,false
23,1,11,Emissions,emissions,Engaged,bias,-0.11852097511291504,-0.11852097511291504,Base coefficient,0.9964917961027164,false
23,1,11,Emissions,emissions,Engaged,drug_z_x_stim_param,-0.10750600695610046,-0.2157689779996872,Drug − saline contrast,0.9964917961027164,false
23,1,11,Emissions,emissions,Engaged,drug_z_x_choice_lag_param,0.12787754833698273,0.2566554844379425,Drug − saline contrast,0.9964917961027164,false
23,1,11,Emissions,emissions,Disengaged,stim_param,0.0,0.0,Base coefficient,0.9964917961027164,true
23,1,11,Emissions,emissions,Disengaged,choice_lag_param,1.6594442129135132,1.6594442129135132,Base coefficient,0.9964917961027164,false
23,1,11,Emissions,emissions,Disengaged,bias,-0.15860791504383087,-0.15860791504383087,Base coefficient,0.9964917961027164,false
23,1,11,Emissions,emissions,Disengaged,drug_z_x_stim_param,0.0,0.0,Drug − saline contrast,0.9964917961027164,true
23,1,11,Emissions,emissions,Disengaged,drug_z_x_choice_lag_param,0.3233669400215149,0.6490107178688049,Drug − saline contrast,0.9964917961027164,false
23,1,11,Transitions,transitions,Engaged → Disengaged,bias,-5.667960166931152,-5.667960166931152,Base coefficient,0.9964917961027164,false
23,1,11,Transitions,transitions,Engaged → Disengaged,cumulative_reward,0.7695555686950684,0.7695555686950684,Base coefficient,0.9964917961027164,false
23,1,11,Transitions,transitions,Engaged → Disengaged,drug_z,0.010389751754701138,0.02085265889763832,Drug − saline contrast,0.9964917961027164,false
23,1,11,Transitions,transitions,Disengaged → Engaged,bias,-6.225372314453125,-6.225372314453125,Base coefficient,0.9964917961027164,false
23,1,11,Transitions,transitions,Disengaged → Engaged,cumulative_reward,-0.5841852426528931,-0.5841852426528931,Base coefficient,0.9964917961027164,false
23,1,11,Transitions,transitions,Disengaged → Engaged,drug_z,-1.1624022722244263,-2.33298921585083,Drug − saline contrast,0.9964917961027164,false
23,1,12,Emissions,emissions,Engaged,stim_param,1.2069319486618042,1.2069319486618042,Base coefficient,0.999170600512583,false
23,1,12,Emissions,emissions,Engaged,choice_lag_param,0.9325238466262817,0.9325238466262817,Base coefficient,0.999170600512583,false
23,1,12,Emissions,emissions,Engaged,bias,-0.12042315304279327,-0.12042315304279327,Base coefficient,0.999170600512583,false
23,1,12,Emissions,emissions,Engaged,drug_z_x_stim_param,-0.04667044058442116,-0.09341835975646973,Drug − saline contrast,0.999170600512583,false
23,1,12,Emissions,emissions,Engaged,drug_z_x_choice_lag_param,0.16804853081703186,0.33637604117393494,Drug − saline contrast,0.999170600512583,false
23,1,12,Emissions,emissions,Disengaged,stim_param,0.0,0.0,Base coefficient,0.999170600512583,true
23,1,12,Emissions,emissions,Disengaged,choice_lag_param,1.5641930103302002,1.5641930103302002,Base coefficient,0.999170600512583,false
23,1,12,Emissions,emissions,Disengaged,bias,-0.09987995773553848,-0.09987995773553848,Base coefficient,0.999170600512583,false
23,1,12,Emissions,emissions,Disengaged,drug_z_x_stim_param,0.0,0.0,Drug − saline contrast,0.999170600512583,true
23,1,12,Emissions,emissions,Disengaged,drug_z_x_choice_lag_param,0.2179272174835205,0.43621623516082764,Drug − saline contrast,0.999170600512583,false
23,1,12,Transitions,transitions,Engaged → Disengaged,bias,-5.484930515289307,-5.484930515289307,Base coefficient,0.999170600512583,false
23,1,12,Transitions,transitions,Engaged → Disengaged,cumulative_reward,0.7306649088859558,0.7306649088859558,Base coefficient,0.999170600512583,false
23,1,12,Transitions,transitions,Engaged → Disengaged,drug_z,-0.069669708609581,-0.13945508003234863,Drug − saline contrast,0.999170600512583,false
23,1,12,Transitions,transitions,Disengaged → Engaged,bias,-5.980489730834961,-5.980489730834961,Base coefficient,0.999170600512583,false
23,1,12,Transitions,transitions,Disengaged → Engaged,cumulative_reward,-0.5868914127349854,-0.5868914127349854,Base coefficient,0.999170600512583,false
23,1,12,Transitions,transitions,Disengaged → Engaged,drug_z,-1.1371173858642578,-2.276122570037842,Drug − saline contrast,0.999170600512583,false
23,1,13,Emissions,emissions,Engaged,stim_param,1.2047688961029053,1.2047688961029053,Base coefficient,0.9974502783514615,false
23,1,13,Emissions,emissions,Engaged,choice_lag_param,0.9242079257965088,0.9242079257965088,Base coefficient,0.9974502783514615,false
23,1,13,Emissions,emissions,Engaged,bias,-0.16201670467853546,-0.16201670467853546,Base coefficient,0.9974502783514615,false
23,1,13,Emissions,emissions,Engaged,drug_z_x_stim_param,-0.09279010444879532,-0.18605458736419678,Drug − saline contrast,0.9974502783514615,false
23,1,13,Emissions,emissions,Engaged,drug_z_x_choice_lag_param,0.17490746080875397,0.35070914030075073,Drug − saline contrast,0.9974502783514615,false
23,1,13,Emissions,emissions,Disengaged,stim_param,0.0,0.0,Base coefficient,0.9974502783514615,true
23,1,13,Emissions,emissions,Disengaged,choice_lag_param,1.614896535873413,1.614896535873413,Base coefficient,0.9974502783514615,false
23,1,13,Emissions,emissions,Disengaged,bias,-0.21137839555740356,-0.21137839555740356,Base coefficient,0.9974502783514615,false
23,1,13,Emissions,emissions,Disengaged,drug_z_x_stim_param,0.0,0.0,Drug − saline contrast,0.9974502783514615,true
23,1,13,Emissions,emissions,Disengaged,drug_z_x_choice_lag_param,0.3238256275653839,0.6493067741394043,Drug − saline contrast,0.9974502783514615,false
23,1,13,Transitions,transitions,Engaged → Disengaged,bias,-5.5976738929748535,-5.5976738929748535,Base coefficient,0.9974502783514615,false
23,1,13,Transitions,transitions,Engaged → Disengaged,cumulative_reward,0.7153257131576538,0.7153257131576538,Base coefficient,0.9974502783514615,false
23,1,13,Transitions,transitions,Engaged → Disengaged,drug_z,-0.032556965947151184,-0.06528037786483765,Drug − saline contrast,0.9974502783514615,false
23,1,13,Transitions,transitions,Disengaged → Engaged,bias,-6.188780784606934,-6.188780784606934,Base coefficient,0.9974502783514615,false
23,1,13,Transitions,transitions,Disengaged → Engaged,cumulative_reward,-0.43653228878974915,-0.43653228878974915,Base coefficient,0.9974502783514615,false
23,1,13,Transitions,transitions,Disengaged → Engaged,drug_z,-1.250321865081787,-2.507035970687866,Drug − saline contrast,0.9974502783514615,false
23,1,14,Emissions,emissions,Engaged,stim_param,1.1632176637649536,1.1632176637649536,Base coefficient,0.9992984148695303,false
23,1,14,Emissions,emissions,Engaged,choice_lag_param,0.9442242980003357,0.9442242980003357,Base coefficient,0.9992984148695303,false
23,1,14,Emissions,emissions,Engaged,bias,-0.14067010581493378,-0.14067010581493378,Base coefficient,0.9992984148695303,false
23,1,14,Emissions,emissions,Engaged,drug_z_x_stim_param,-0.01445302926003933,-0.02892635390162468,Drug − saline contrast,0.9992984148695303,false
23,1,14,Emissions,emissions,Engaged,drug_z_x_choice_lag_param,0.16971640288829803,0.33967113494873047,Drug − saline contrast,0.9992984148695303,false
23,1,14,Emissions,emissions,Disengaged,stim_param,0.0,0.0,Base coefficient,0.9992984148695303,true
23,1,14,Emissions,emissions,Disengaged,choice_lag_param,1.8034172058105469,1.8034172058105469,Base coefficient,0.9992984148695303,false
23,1,14,Emissions,emissions,Disengaged,bias,-0.28634414076805115,-0.28634414076805115,Base coefficient,0.9992984148695303,false
23,1,14,Emissions,emissions,Disengaged,drug_z_x_stim_param,0.0,0.0,Drug − saline contrast,0.9992984148695303,true
23,1,14,Emissions,emissions,Disengaged,drug_z_x_choice_lag_param,0.3258800506591797,0.6522176861763,Drug − saline contrast,0.9992984148695303,false
23,1,14,Transitions,transitions,Engaged → Disengaged,bias,-5.72698450088501,-5.72698450088501,Base coefficient,0.9992984148695303,false
23,1,14,Transitions,transitions,Engaged → Disengaged,cumulative_reward,1.0005983114242554,1.0005983114242554,Base coefficient,0.9992984148695303,false
23,1,14,Transitions,transitions,Engaged → Disengaged,drug_z,-0.10763949900865555,-0.2154301404953003,Drug − saline contrast,0.9992984148695303,false
23,1,14,Transitions,transitions,Disengaged → Engaged,bias,-5.963501453399658,-5.963501453399658,Base coefficient,0.9992984148695303,false
23,1,14,Transitions,transitions,Disengaged → Engaged,cumulative_reward,-0.3838130533695221,-0.3838130533695221,Base coefficient,0.9992984148695303,false
23,1,14,Transitions,transitions,Disengaged → Engaged,drug_z,-1.1241655349731445,-2.2499096393585205,Drug − saline contrast,0.9992984148695303,false
23,1,15,Emissions,emissions,Engaged,stim_param,1.238722562789917,1.238722562789917,Base coefficient,0.9966737650617599,false
23,1,15,Emissions,emissions,Engaged,choice_lag_param,0.9552614092826843,0.9552614092826843,Base coefficient,0.9966737650617599,false
23,1,15,Emissions,emissions,Engaged,bias,-0.15918786823749542,-0.15918786823749542,Base coefficient,0.9966737650617599,false
23,1,15,Emissions,emissions,Engaged,drug_z_x_stim_param,-0.09981949627399445,-0.2003052532672882,Drug − saline contrast,0.9966737650617599,false
23,1,15,Emissions,emissions,Engaged,drug_z_x_choice_lag_param,0.14949390292167664,0.2999856173992157,Drug − saline contrast,0.9966737650617599,false
23,1,15,Emissions,emissions,Disengaged,stim_param,0.0,0.0,Base coefficient,0.9966737650617599,true
23,1,15,Emissions,emissions,Disengaged,choice_lag_param,1.6213178634643555,1.6213178634643555,Base coefficient,0.9966737650617599,false
23,1,15,Emissions,emissions,Disengaged,bias,-0.22703371942043304,-0.22703371942043304,Base coefficient,0.9966737650617599,false
23,1,15,Emissions,emissions,Disengaged,drug_z_x_stim_param,0.0,0.0,Drug − saline contrast,0.9966737650617599,true
23,1,15,Emissions,emissions,Disengaged,drug_z_x_choice_lag_param,0.3239259719848633,0.6500140428543091,Drug − saline contrast,0.9966737650617599,false
23,1,15,Transitions,transitions,Engaged → Disengaged,bias,-5.642416477203369,-5.642416477203369,Base coefficient,0.9966737650617599,false
23,1,15,Transitions,transitions,Engaged → Disengaged,cumulative_reward,0.7987523674964905,0.7987523674964905,Base coefficient,0.9966737650617599,false
23,1,15,Transitions,transitions,Engaged → Disengaged,drug_z,-0.09927425533533096,-0.19921113550662994,Drug − saline contrast,0.9966737650617599,false
23,1,15,Transitions,transitions,Disengaged → Engaged,bias,-6.129037857055664,-6.129037857055664,Base coefficient,0.9966737650617599,false
23,1,15,Transitions,transitions,Disengaged → Engaged,cumulative_reward,-0.45821547508239746,-0.45821547508239746,Base coefficient,0.9966737650617599,false
23,1,15,Transitions,transitions,Disengaged → Engaged,drug_z,-1.430379867553711,-2.870306968688965,Drug − saline contrast,0.9966737650617599,false
23,1,16,Emissions,emissions,Engaged,stim_param,1.1991314888000488,1.1991314888000488,Base coefficient,0.9994068880586006,false
23,1,16,Emissions,emissions,Engaged,choice_lag_param,0.932553231716156,0.932553231716156,Base coefficient,0.9994068880586006,false
23,1,16,Emissions,emissions,Engaged,bias,-0.11603070795536041,-0.11603070795536041,Base coefficient,0.9994068880586006,false
23,1,16,Emissions,emissions,Engaged,drug_z_x_stim_param,-0.053938187658786774,-0.10794039815664291,Drug − saline contrast,0.9994068880586006,false
23,1,16,Emissions,emissions,Engaged,drug_z_x_choice_lag_param,0.1643138974905014,0.3288228213787079,Drug − saline contrast,0.9994068880586006,false
23,1,16,Emissions,emissions,Disengaged,stim_param,0.0,0.0,Base coefficient,0.9994068880586006,true
23,1,16,Emissions,emissions,Disengaged,choice_lag_param,1.5781075954437256,1.5781075954437256,Base coefficient,0.9994068880586006,false
23,1,16,Emissions,emissions,Disengaged,bias,-0.3031834661960602,-0.3031834661960602,Base coefficient,0.9994068880586006,false
23,1,16,Emissions,emissions,Disengaged,drug_z_x_stim_param,0.0,0.0,Drug − saline contrast,0.9994068880586006,true
23,1,16,Emissions,emissions,Disengaged,drug_z_x_choice_lag_param,0.23489910364151,0.4700770080089569,Drug − saline contrast,0.9994068880586006,false
23,1,16,Transitions,transitions,Engaged → Disengaged,bias,-5.489471435546875,-5.489471435546875,Base coefficient,0.9994068880586006,false
23,1,16,Transitions,transitions,Engaged → Disengaged,cumulative_reward,0.7678230404853821,0.7678230404853821,Base coefficient,0.9994068880586006,false
23,1,16,Transitions,transitions,Engaged → Disengaged,drug_z,-0.024554526433348656,-0.04913819953799248,Drug − saline contrast,0.9994068880586006,false
23,1,16,Transitions,transitions,Disengaged → Engaged,bias,-5.972369194030762,-5.972369194030762,Base coefficient,0.9994068880586006,false
23,1,16,Transitions,transitions,Disengaged → Engaged,cumulative_reward,-0.5036905407905579,-0.5036905407905579,Base coefficient,0.9994068880586006,false
23,1,16,Transitions,transitions,Disengaged → Engaged,drug_z,-1.0193802118301392,-2.0399703979492188,Drug − saline contrast,0.9994068880586006,false
23,1,17,Emissions,emissions,Engaged,stim_param,1.1987344026565552,1.1987344026565552,Base coefficient,0.9966538228461731,false
23,1,17,Emissions,emissions,Engaged,choice_lag_param,0.9460510611534119,0.9460510611534119,Base coefficient,0.9966538228461731,false
23,1,17,Emissions,emissions,Engaged,bias,-0.11269094794988632,-0.11269094794988632,Base coefficient,0.9966538228461731,false
23,1,17,Emissions,emissions,Engaged,drug_z_x_stim_param,-0.03577060252428055,-0.07178139686584473,Drug − saline contrast,0.9966538228461731,false
23,1,17,Emissions,emissions,Engaged,drug_z_x_choice_lag_param,0.15484195947647095,0.3107236623764038,Drug − saline contrast,0.9966538228461731,false
23,1,17,Emissions,emissions,Disengaged,stim_param,0.0,0.0,Base coefficient,0.9966538228461731,true
23,1,17,Emissions,emissions,Disengaged,choice_lag_param,1.7536121606826782,1.7536121606826782,Base coefficient,0.9966538228461731,false
23,1,17,Emissions,emissions,Disengaged,bias,-0.21115969121456146,-0.21115969121456146,Base coefficient,0.9966538228461731,false
23,1,17,Emissions,emissions,Disengaged,drug_z_x_stim_param,0.0,0.0,Drug − saline contrast,0.9966538228461731,true
23,1,17,Emissions,emissions,Disengaged,drug_z_x_choice_lag_param,0.08503984659910202,0.17065072059631348,Drug − saline contrast,0.9966538228461731,false
23,1,17,Transitions,transitions,Engaged → Disengaged,bias,-5.671581745147705,-5.671581745147705,Base coefficient,0.9966538228461731,false
23,1,17,Transitions,transitions,Engaged → Disengaged,cumulative_reward,0.7981894612312317,0.7981894612312317,Base coefficient,0.9966538228461731,false
23,1,17,Transitions,transitions,Engaged → Disengaged,drug_z,0.2768717408180237,0.5556026697158813,Drug − saline contrast,0.9966538228461731,false
23,1,17,Transitions,transitions,Disengaged → Engaged,bias,-7.22030782699585,-7.22030782699585,Base coefficient,0.9966538228461731,false
23,1,17,Transitions,transitions,Disengaged → Engaged,cumulative_reward,0.5873702764511108,0.5873702764511108,Base coefficient,0.9966538228461731,false
23,1,17,Transitions,transitions,Disengaged → Engaged,drug_z,0.5171230435371399,1.0377185344696045,Drug − saline contrast,0.9966538228461731,false
23,1,18,Emissions,emissions,Engaged,stim_param,1.2128719091415405,1.2128719091415405,Base coefficient,0.9992082944739971,false
23,1,18,Emissions,emissions,Engaged,choice_lag_param,0.9323328733444214,0.9323328733444214,Base coefficient,0.9992082944739971,false
23,1,18,Emissions,emissions,Engaged,bias,-0.1181030124425888,-0.1181030124425888,Base coefficient,0.9992082944739971,false
23,1,18,Emissions,emissions,Engaged,drug_z_x_stim_param,-0.02562669664621353,-0.051294002681970596,Drug − saline contrast,0.9992082944739971,false
23,1,18,Emissions,emissions,Engaged,drug_z_x_choice_lag_param,0.16738557815551758,0.33503642678260803,Drug − saline contrast,0.9992082944739971,false
23,1,18,Emissions,emissions,Disengaged,stim_param,0.0,0.0,Base coefficient,0.9992082944739971,true
23,1,18,Emissions,emissions,Disengaged,choice_lag_param,1.5445454120635986,1.5445454120635986,Base coefficient,0.9992082944739971,false
23,1,18,Emissions,emissions,Disengaged,bias,-0.09404368698596954,-0.09404368698596954,Base coefficient,0.9992082944739971,false
23,1,18,Emissions,emissions,Disengaged,drug_z_x_stim_param,0.0,0.0,Drug − saline contrast,0.9992082944739971,true
23,1,18,Emissions,emissions,Disengaged,drug_z_x_choice_lag_param,0.1700083166360855,0.3402860462665558,Drug − saline contrast,0.9992082944739971,false
23,1,18,Transitions,transitions,Engaged → Disengaged,bias,-5.481961727142334,-5.481961727142334,Base coefficient,0.9992082944739971,false
23,1,18,Transitions,transitions,Engaged → Disengaged,cumulative_reward,0.7281970381736755,0.7281970381736755,Base coefficient,0.9992082944739971,false
23,1,18,Transitions,transitions,Engaged → Disengaged,drug_z,-0.08341910690069199,-0.1669704020023346,Drug − saline contrast,0.9992082944739971,false
23,1,18,Transitions,transitions,Disengaged → Engaged,bias,-6.004406929016113,-6.004406929016113,Base coefficient,0.9992082944739971,false
23,1,18,Transitions,transitions,Disengaged → Engaged,cumulative_reward,-0.5795348882675171,-0.5795348882675171,Base coefficient,0.9992082944739971,false
23,1,18,Transitions,transitions,Disengaged → Engaged,drug_z,-1.1624985933303833,-2.3268394470214844,Drug − saline contrast,0.9992082944739971,false
24,1,1,Emissions,emissions,Engaged,stim_param,1.028771996498108,1.028771996498108,Base coefficient,0.9962517937907502,false
24,1,1,Emissions,emissions,Engaged,choice_lag_param,1.0245113372802734,1.0245113372802734,Base coefficient,0.9962517937907502,false
24,1,1,Emissions,emissions,Engaged,bias,-0.03710213303565979,-0.03710213303565979,Base coefficient,0.9962517937907502,false
24,1,1,Emissions,emissions,Engaged,drug_z_x_stim_param,-0.06719286739826202,-0.1348913311958313,Drug − saline contrast,0.9962517937907502,false
24,1,1,Emissions,emissions,Engaged,drug_z_x_choice_lag_param,0.1642899364233017,0.329816073179245,Drug − saline contrast,0.9962517937907502,false
24,1,1,Emissions,emissions,Disengaged,stim_param,0.0,0.0,Base coefficient,0.9962517937907502,true
24,1,1,Emissions,emissions,Disengaged,choice_lag_param,1.0223066806793213,1.0223066806793213,Base coefficient,0.9962517937907502,false
24,1,1,Emissions,emissions,Disengaged,bias,-1.5596472024917603,-1.5596472024917603,Base coefficient,0.9962517937907502,false
24,1,1,Emissions,emissions,Disengaged,drug_z_x_stim_param,0.0,0.0,Drug − saline contrast,0.9962517937907502,true
24,1,1,Emissions,emissions,Disengaged,drug_z_x_choice_lag_param,-0.1529056876897812,-0.30696192383766174,Drug − saline contrast,0.9962517937907502,false
24,1,1,Transitions,transitions,Engaged → Disengaged,bias,-7.041143894195557,-7.041143894195557,Base coefficient,0.9962517937907502,false
24,1,1,Transitions,transitions,Engaged → Disengaged,cumulative_reward,0.775386393070221,0.775386393070221,Base coefficient,0.9962517937907502,false
24,1,1,Transitions,transitions,Engaged → Disengaged,drug_z,-0.6975257396697998,-1.4003000259399414,Drug − saline contrast,0.9962517937907502,false
24,1,1,Transitions,transitions,Disengaged → Engaged,bias,-6.539751052856445,-6.539751052856445,Base coefficient,0.9962517937907502,false
24,1,1,Transitions,transitions,Disengaged → Engaged,cumulative_reward,-1.6570717096328735,-1.6570717096328735,Base coefficient,0.9962517937907502,false
24,1,1,Transitions,transitions,Disengaged → Engaged,drug_z,0.09274151921272278,0.18618087470531464,Drug − saline contrast,0.9962517937907502,false
24,1,2,Emissions,emissions,Engaged,stim_param,1.0332716703414917,1.0332716703414917,Base coefficient,0.9993958938514497,false
24,1,2,Emissions,emissions,Engaged,choice_lag_param,1.0382027626037598,1.0382027626037598,Base coefficient,0.9993958938514497,false
24,1,2,Emissions,emissions,Engaged,bias,-0.04331745207309723,-0.04331745207309723,Base coefficient,0.9993958938514497,false
24,1,2,Emissions,emissions,Engaged,drug_z_x_stim_param,-0.07704764604568481,-0.15418843924999237,Drug − saline contrast,0.9993958938514497,false
24,1,2,Emissions,emissions,Engaged,drug_z_x_choice_lag_param,0.16275694966316223,0.325710654258728,Drug − saline contrast,0.9993958938514497,false
24,1,2,Emissions,emissions,Disengaged,stim_param,0.0,0.0,Base coefficient,0.9993958938514497,true
24,1,2,Emissions,emissions,Disengaged,choice_lag_param,1.026596188545227,1.026596188545227,Base coefficient,0.9993958938514497,false
24,1,2,Emissions,emissions,Disengaged,bias,-1.5580065250396729,-1.5580065250396729,Base coefficient,0.9993958938514497,false
24,1,2,Emissions,emissions,Disengaged,drug_z_x_stim_param,0.0,0.0,Drug − saline contrast,0.9993958938514497,true
24,1,2,Emissions,emissions,Disengaged,drug_z_x_choice_lag_param,-0.16018298268318176,-0.32055962085723877,Drug − saline contrast,0.9993958938514497,false
24,1,2,Transitions,transitions,Engaged → Disengaged,bias,-7.059146404266357,-7.059146404266357,Base coefficient,0.9993958938514497,false
24,1,2,Transitions,transitions,Engaged → Disengaged,cumulative_reward,0.8825666904449463,0.8825666904449463,Base coefficient,0.9993958938514497,false
24,1,2,Transitions,transitions,Engaged → Disengaged,drug_z,-0.6537230610847473,-1.3082363605499268,Drug − saline contrast,0.9993958938514497,false
24,1,2,Transitions,transitions,Disengaged → Engaged,bias,-6.409403324127197,-6.409403324127197,Base coefficient,0.9993958938514497,false
24,1,2,Transitions,transitions,Disengaged → Engaged,cumulative_reward,-1.4662766456604004,-1.4662766456604004,Base coefficient,0.9993958938514497,false
24,1,2,Transitions,transitions,Disengaged → Engaged,drug_z,0.12160209566354752,0.24335119128227234,Drug − saline contrast,0.9993958938514497,false
24,1,3,Emissions,emissions,Engaged,stim_param,1.033215045928955,1.033215045928955,Base coefficient,0.996292874993742,false
24,1,3,Emissions,emissions,Engaged,choice_lag_param,1.0377260446548462,1.0377260446548462,Base coefficient,0.996292874993742,false
24,1,3,Emissions,emissions,Engaged,bias,-0.05498556047677994,-0.05498556047677994,Base coefficient,0.996292874993742,false
24,1,3,Emissions,emissions,Engaged,drug_z_x_stim_param,-0.06829650700092316,-0.13710126280784607,Drug − saline contrast,0.996292874993742,false
24,1,3,Emissions,emissions,Engaged,drug_z_x_choice_lag_param,0.1533423364162445,0.30782580375671387,Drug − saline contrast,0.996292874993742,false
24,1,3,Emissions,emissions,Disengaged,stim_param,0.0,0.0,Base coefficient,0.996292874993742,true
24,1,3,Emissions,emissions,Disengaged,choice_lag_param,1.025589942932129,1.025589942932129,Base coefficient,0.996292874993742,false
24,1,3,Emissions,emissions,Disengaged,bias,-1.562098503112793,-1.562098503112793,Base coefficient,0.996292874993742,false
24,1,3,Emissions,emissions,Disengaged,drug_z_x_stim_param,0.0,0.0,Drug − saline contrast,0.996292874993742,true
24,1,3,Emissions,emissions,Disengaged,drug_z_x_choice_lag_param,-0.16088269650936127,-0.3229626417160034,Drug − saline contrast,0.996292874993742,false
24,1,3,Transitions,transitions,Engaged → Disengaged,bias,-7.072936058044434,-7.072936058044434,Base coefficient,0.996292874993742,false
24,1,3,Transitions,transitions,Engaged → Disengaged,cumulative_reward,0.9155683517456055,0.9155683517456055,Base coefficient,0.996292874993742,false
24,1,3,Transitions,transitions,Engaged → Disengaged,drug_z,-0.7794684171676636,-1.5647374391555786,Drug − saline contrast,0.996292874993742,false
24,1,3,Transitions,transitions,Disengaged → Engaged,bias,-6.474715709686279,-6.474715709686279,Base coefficient,0.996292874993742,false
24,1,3,Transitions,transitions,Disengaged → Engaged,cumulative_reward,-1.5595524311065674,-1.5595524311065674,Base coefficient,0.996292874993742,false
24,1,3,Transitions,transitions,Disengaged → Engaged,drug_z,0.1313362568616867,0.2636498808860779,Drug − saline contrast,0.996292874993742,false
24,1,4,Emissions,emissions,Engaged,stim_param,1.0445261001586914,1.0445261001586914,Base coefficient,0.999419243937271,false
24,1,4,Emissions,emissions,Engaged,choice_lag_param,1.0205971002578735,1.0205971002578735,Base coefficient,0.999419243937271,false
24,1,4,Emissions,emissions,Engaged,bias,-0.09040231257677078,-0.09040231257677078,Base coefficient,0.999419243937271,false
24,1,4,Emissions,emissions,Engaged,drug_z_x_stim_param,-0.06165111064910889,-0.12337386608123779,Drug − saline contrast,0.999419243937271,false
24,1,4,Emissions,emissions,Engaged,drug_z_x_choice_lag_param,0.14744281768798828,0.2950569689273834,Drug − saline contrast,0.999419243937271,false
24,1,4,Emissions,emissions,Disengaged,stim_param,0.0,0.0,Base coefficient,0.999419243937271,true
24,1,4,Emissions,emissions,Disengaged,choice_lag_param,1.0303406715393066,1.0303406715393066,Base coefficient,0.999419243937271,false
24,1,4,Emissions,emissions,Disengaged,bias,-1.557963490486145,-1.557963490486145,Base coefficient,0.999419243937271,false
24,1,4,Emissions,emissions,Disengaged,drug_z_x_stim_param,0.0,0.0,Drug − saline contrast,0.999419243937271,true
24,1,4,Emissions,emissions,Disengaged,drug_z_x_choice_lag_param,-0.161266028881073,-0.3227194845676422,Drug − saline contrast,0.999419243937271,false
24,1,4,Transitions,transitions,Engaged → Disengaged,bias,-7.089262962341309,-7.089262962341309,Base coefficient,0.999419243937271,false
24,1,4,Transitions,transitions,Engaged → Disengaged,cumulative_reward,0.9372438788414001,0.9372438788414001,Base coefficient,0.999419243937271,false
24,1,4,Transitions,transitions,Engaged → Disengaged,drug_z,-0.6520316004753113,-1.3048208951950073,Drug − saline contrast,0.999419243937271,false
24,1,4,Transitions,transitions,Disengaged → Engaged,bias,-6.465400695800781,-6.465400695800781,Base coefficient,0.999419243937271,false
24,1,4,Transitions,transitions,Disengaged → Engaged,cumulative_reward,-1.550065040588379,-1.550065040588379,Base coefficient,0.999419243937271,false
24,1,4,Transitions,transitions,Disengaged → Engaged,drug_z,0.10861654579639435,0.21735931932926178,Drug − saline contrast,0.999419243937271,false
24,1,5,Emissions,emissions,Engaged,stim_param,1.0531126260757446,1.0531126260757446,Base coefficient,0.9959997417356917,false
24,1,5,Emissions,emissions,Engaged,choice_lag_param,1.0555719137191772,1.0555719137191772,Base coefficient,0.9959997417356917,false
24,1,5,Emissions,emissions,Engaged,bias,-0.04891273006796837,-0.04891273006796837,Base coefficient,0.9959997417356917,false
24,1,5,Emissions,emissions,Engaged,drug_z_x_stim_param,-0.09139187633991241,-0.18351787328720093,Drug − saline contrast,0.9959997417356917,false
24,1,5,Emissions,emissions,Engaged,drug_z_x_choice_lag_param,0.13285668194293976,0.2667805552482605,Drug − saline contrast,0.9959997417356917,false
24,1,5,Emissions,emissions,Disengaged,stim_param,0.0,0.0,Base coefficient,0.9959997417356917,true
24,1,5,Emissions,emissions,Disengaged,choice_lag_param,1.027797818183899,1.027797818183899,Base coefficient,0.9959997417356917,false
24,1,5,Emissions,emissions,Disengaged,bias,-1.5583945512771606,-1.5583945512771606,Base coefficient,0.9959997417356917,false
24,1,5,Emissions,emissions,Disengaged,drug_z_x_stim_param,0.0,0.0,Drug − saline contrast,0.9959997417356917,true
24,1,5,Emissions,emissions,Disengaged,drug_z_x_choice_lag_param,-0.16207458078861237,-0.3254510462284088,Drug − saline contrast,0.9959997417356917,false
24,1,5,Transitions,transitions,Engaged → Disengaged,bias,-7.076423645019531,-7.076423645019531,Base coefficient,0.9959997417356917,false
24,1,5,Transitions,transitions,Engaged → Disengaged,cumulative_reward,0.9581479430198669,0.9581479430198669,Base coefficient,0.9959997417356917,false
24,1,5,Transitions,transitions,Engaged → Disengaged,drug_z,-0.7894615530967712,-1.5852645635604858,Drug − saline contrast,0.9959997417356917,false
24,1,5,Transitions,transitions,Disengaged → Engaged,bias,-6.426352024078369,-6.426352024078369,Base coefficient,0.9959997417356917,false
24,1,5,Transitions,transitions,Disengaged → Engaged,cumulative_reward,-1.4905146360397339,-1.4905146360397339,Base coefficient,0.9959997417356917,false
24,1,5,Transitions,transitions,Disengaged → Engaged,drug_z,0.1689334660768509,0.3392239212989807,Drug − saline contrast,0.9959997417356917,false
24,1,6,Emissions,emissions,Engaged,stim_param,1.027260422706604,1.027260422706604,Base coefficient,0.9993060514210429,false
24,1,6,Emissions,emissions,Engaged,choice_lag_param,1.0433080196380615,1.0433080196380615,Base coefficient,0.9993060514210429,false
24,1,6,Emissions,emissions,Engaged,bias,-0.04094758629798889,-0.04094758629798889,Base coefficient,0.9993060514210429,false
24,1,6,Emissions,emissions,Engaged,drug_z_x_stim_param,-0.08061835169792175,-0.16134867072105408,Drug − saline contrast,0.9993060514210429,false
24,1,6,Emissions,emissions,Engaged,drug_z_x_choice_lag_param,0.16799499094486237,0.336223304271698,Drug − saline contrast,0.9993060514210429,false
24,1,6,Emissions,emissions,Disengaged,stim_param,0.0,0.0,Base coefficient,0.9993060514210429,true
24,1,6,Emissions,emissions,Disengaged,choice_lag_param,1.017693042755127,1.017693042755127,Base coefficient,0.9993060514210429,false
24,1,6,Emissions,emissions,Disengaged,bias,-1.5851694345474243,-1.5851694345474243,Base coefficient,0.9993060514210429,false
24,1,6,Emissions,emissions,Disengaged,drug_z_x_stim_param,0.0,0.0,Drug − saline contrast,0.9993060514210429,true
24,1,6,Emissions,emissions,Disengaged,drug_z_x_choice_lag_param,-0.16132336854934692,-0.32287079095840454,Drug − saline contrast,0.9993060514210429,false
24,1,6,Transitions,transitions,Engaged → Disengaged,bias,-7.06373405456543,-7.06373405456543,Base coefficient,0.9993060514210429,false
24,1,6,Transitions,transitions,Engaged → Disengaged,cumulative_reward,0.8915220499038696,0.8915220499038696,Base coefficient,0.9993060514210429,false
24,1,6,Transitions,transitions,Engaged → Disengaged,drug_z,-0.6469603180885315,-1.2948192358016968,Drug − saline contrast,0.9993060514210429,false
24,1,6,Transitions,transitions,Disengaged → Engaged,bias,-6.295828819274902,-6.295828819274902,Base coefficient,0.9993060514210429,false
24,1,6,Transitions,transitions,Disengaged → Engaged,cumulative_reward,-1.1833096742630005,-1.1833096742630005,Base coefficient,0.9993060514210429,false
24,1,6,Transitions,transitions,Disengaged → Engaged,drug_z,0.22774255275726318,0.45580142736434937,Drug − saline contrast,0.9993060514210429,false
24,1,7,Emissions,emissions,Engaged,stim_param,0.9963310956954956,0.9963310956954956,Base coefficient,0.9963336930023934,false
24,1,7,Emissions,emissions,Engaged,choice_lag_param,1.042554497718811,1.042554497718811,Base coefficient,0.9963336930023934,false
24,1,7,Emissions,emissions,Engaged,bias,-0.07279445976018906,-0.07279445976018906,Base coefficient,0.9963336930023934,false
24,1,7,Emissions,emissions,Engaged,drug_z_x_stim_param,-0.03551856055855751,-0.0712985247373581,Drug − saline contrast,0.9963336930023934,false
24,1,7,Emissions,emissions,Engaged,drug_z_x_choice_lag_param,0.14172813296318054,0.28449931740760803,Drug − saline contrast,0.9963336930023934,false
24,1,7,Emissions,emissions,Disengaged,stim_param,0.0,0.0,Base coefficient,0.9963336930023934,true
24,1,7,Emissions,emissions,Disengaged,choice_lag_param,0.9958309531211853,0.9958309531211853,Base coefficient,0.9963336930023934,false
24,1,7,Emissions,emissions,Disengaged,bias,-1.553125262260437,-1.553125262260437,Base coefficient,0.9963336930023934,false
24,1,7,Emissions,emissions,Disengaged,drug_z_x_stim_param,0.0,0.0,Drug − saline contrast,0.9963336930023934,true
24,1,7,Emissions,emissions,Disengaged,drug_z_x_choice_lag_param,-0.10827118158340454,-0.2173391878604889,Drug − saline contrast,0.9963336930023934,false
24,1,7,Transitions,transitions,Engaged → Disengaged,bias,-7.643216609954834,-7.643216609954834,Base coefficient,0.9963336930023934,false
24,1,7,Transitions,transitions,Engaged → Disengaged,cumulative_reward,-0.19184844195842743,-0.19184844195842743,Base coefficient,0.9963336930023934,false
24,1,7,Transitions,transitions,Engaged → Disengaged,drug_z,-0.6700343489646912,-1.3449997901916504,Drug − saline contrast,0.9963336930023934,false
24,1,7,Transitions,transitions,Disengaged → Engaged,bias,-6.573008060455322,-6.573008060455322,Base coefficient,0.9963336930023934,false
24,1,7,Transitions,transitions,Disengaged → Engaged,cumulative_reward,-1.6286545991897583,-1.6286545991897583,Base coefficient,0.9963336930023934,false
24,1,7,Transitions,transitions,Disengaged → Engaged,drug_z,0.12069518864154816,0.24227863550186157,Drug − saline contrast,0.9963336930023934,false
24,1,8,Emissions,emissions,Engaged,stim_param,1.029411792755127,1.029411792755127,Base coefficient,0.9993394929751875,false
24,1,8,Emissions,emissions,Engaged,choice_lag_param,1.0073274374008179,1.0073274374008179,Base coefficient,0.9993394929751875,false
24,1,8,Emissions,emissions,Engaged,bias,-0.006783264223486185,-0.006783264223486185,Base coefficient,0.9993394929751875,false
24,1,8,Emissions,emissions,Engaged,drug_z_x_stim_param,-0.0936066061258316,-0.18733695149421692,Drug − saline contrast,0.9993394929751875,false
24,1,8,Emissions,emissions,Engaged,drug_z_x_choice_lag_param,0.1326293796300888,0.2654340863227844,Drug − saline contrast,0.9993394929751875,false
24,1,8,Emissions,emissions,Disengaged,stim_param,0.0,0.0,Base coefficient,0.9993394929751875,true
24,1,8,Emissions,emissions,Disengaged,choice_lag_param,1.1649351119995117,1.1649351119995117,Base coefficient,0.9993394929751875,false
24,1,8,Emissions,emissions,Disengaged,bias,-1.1370128393173218,-1.1370128393173218,Base coefficient,0.9993394929751875,false
24,1,8,Emissions,emissions,Disengaged,drug_z_x_stim_param,0.0,0.0,Drug − saline contrast,0.9993394929751875,true
24,1,8,Emissions,emissions,Disengaged,drug_z_x_choice_lag_param,-0.13782887160778046,-0.2758399248123169,Drug − saline contrast,0.9993394929751875,false
24,1,8,Transitions,transitions,Engaged → Disengaged,bias,-7.168573379516602,-7.168573379516602,Base coefficient,0.9993394929751875,false
24,1,8,Transitions,transitions,Engaged → Disengaged,cumulative_reward,0.7043960690498352,0.7043960690498352,Base coefficient,0.9993394929751875,false
24,1,8,Transitions,transitions,Engaged → Disengaged,drug_z,-1.0569572448730469,-2.115311622619629,Drug − saline contrast,0.9993394929751875,false
24,1,8,Transitions,transitions,Disengaged → Engaged,bias,-19.92694854736328,-19.92694854736328,Base coefficient,0.9993394929751875,false
24,1,8,Transitions,transitions,Disengaged → Engaged,cumulative_reward,-10.731440544128418,-10.731440544128418,Base coefficient,0.9993394929751875,false
24,1,8,Transitions,transitions,Disengaged → Engaged,drug_z,-0.3129812777042389,-0.6263762712478638,Drug − saline contrast,0.9993394929751875,false
24,1,9,Emissions,emissions,Engaged,stim_param,0.979332447052002,0.979332447052002,Base coefficient,0.9958482663130511,false
24,1,9,Emissions,emissions,Engaged,choice_lag_param,1.026710033416748,1.026710033416748,Base coefficient,0.9958482663130511,false
24,1,9,Emissions,emissions,Engaged,bias,-0.03020136058330536,-0.03020136058330536,Base coefficient,0.9958482663130511,false
24,1,9,Emissions,emissions,Engaged,drug_z_x_stim_param,-0.0179057028144598,-0.03596070408821106,Drug − saline contrast,0.9958482663130511,false
24,1,9,Emissions,emissions,Engaged,drug_z_x_choice_lag_param,0.15903127193450928,0.31938856840133667,Drug − saline contrast,0.9958482663130511,false
24,1,9,Emissions,emissions,Disengaged,stim_param,0.0,0.0,Base coefficient,0.9958482663130511,true
24,1,9,Emissions,emissions,Disengaged,choice_lag_param,1.0248780250549316,1.0248780250549316,Base coefficient,0.9958482663130511,false
24,1,9,Emissions,emissions,Disengaged,bias,-1.5674282312393188,-1.5674282312393188,Base coefficient,0.9958482663130511,false
24,1,9,Emissions,emissions,Disengaged,drug_z_x_stim_param,0.0,0.0,Drug − saline contrast,0.9958482663130511,true
24,1,9,Emissions,emissions,Disengaged,drug_z_x_choice_lag_param,-0.16376757621765137,-0.32890066504478455,Drug − saline contrast,0.9958482663130511,false
24,1,9,Transitions,transitions,Engaged → Disengaged,bias,-7.056441307067871,-7.056441307067871,Base coefficient,0.9958482663130511,false
24,1,9,Transitions,transitions,Engaged → Disengaged,cumulative_reward,0.8403115272521973,0.8403115272521973,Base coefficient,0.9958482663130511,false
24,1,9,Transitions,transitions,Engaged → Disengaged,drug_z,-0.7691171169281006,-1.544647216796875,Drug − saline contrast,0.9958482663130511,false
24,1,9,Transitions,transitions,Disengaged → Engaged,bias,-6.466278076171875,-6.466278076171875,Base coefficient,0.9958482663130511,false
24,1,9,Transitions,transitions,Disengaged → Engaged,cumulative_reward,-1.540464162826538,-1.540464162826538,Base coefficient,0.9958482663130511,false
24,1,9,Transitions,transitions,Disengaged → Engaged,drug_z,0.13880865275859833,0.2787747085094452,Drug − saline contrast,0.9958482663130511,false
24,1,10,Emissions,emissions,Engaged,stim_param,1.027203917503357,1.027203917503357,Base coefficient,0.9993394929751875,false
24,1,10,Emissions,emissions,Engaged,choice_lag_param,1.01125967502594,1.01125967502594,Base coefficient,0.9993394929751875,false
24,1,10,Emissions,emissions,Engaged,bias,-0.03663584217429161,-0.03663584217429161,Base coefficient,0.9993394929751875,false
24,1,10,Emissions,emissions,Engaged,drug_z_x_stim_param,-0.08223146945238113,-0.1645716279745102,Drug − saline contrast,0.9993394929751875,false
24,1,10,Emissions,emissions,Engaged,drug_z_x_choice_lag_param,0.1348084658384323,0.26979511976242065,Drug − saline contrast,0.9993394929751875,false
24,1,10,Emissions,emissions,Disengaged,stim_param,0.0,0.0,Base coefficient,0.9993394929751875,true
24,1,10,Emissions,emissions,Disengaged,choice_lag_param,1.029510259628296,1.029510259628296,Base coefficient,0.9993394929751875,false
24,1,10,Emissions,emissions,Disengaged,bias,-1.550686240196228,-1.550686240196228,Base coefficient,0.9993394929751875,false
24,1,10,Emissions,emissions,Disengaged,drug_z_x_stim_param,0.0,0.0,Drug − saline contrast,0.9993394929751875,true
24,1,10,Emissions,emissions,Disengaged,drug_z_x_choice_lag_param,-0.1566399782896042,-0.3134869933128357,Drug − saline contrast,0.9993394929751875,false
24,1,10,Transitions,transitions,Engaged → Disengaged,bias,-7.035497665405273,-7.035497665405273,Base coefficient,0.9993394929751875,false
24,1,10,Transitions,transitions,Engaged → Disengaged,cumulative_reward,0.9506584405899048,0.9506584405899048,Base coefficient,0.9993394929751875,false
24,1,10,Transitions,transitions,Engaged → Disengaged,drug_z,-0.5993444323539734,-1.1994811296463013,Drug − saline contrast,0.9993394929751875,false
24,1,10,Transitions,transitions,Disengaged → Engaged,bias,-6.338205814361572,-6.338205814361572,Base coefficient,0.9993394929751875,false
24,1,10,Transitions,transitions,Disengaged → Engaged,cumulative_reward,-1.3851433992385864,-1.3851433992385864,Base coefficient,0.9993394929751875,false
24,1,10,Transitions,transitions,Disengaged → Engaged,drug_z,0.1386655867099762,0.2775144577026367,Drug − saline contrast,0.9993394929751875,false
24,1,11,Emissions,emissions,Engaged,stim_param,1.0454667806625366,1.0454667806625366,Base coefficient,0.9959997417356918,false
24,1,11,Emissions,emissions,Engaged,choice_lag_param,1.0634838342666626,1.0634838342666626,Base coefficient,0.9959997417356918,false
24,1,11,Emissions,emissions,Engaged,bias,-0.06377184391021729,-0.06377184391021729,Base coefficient,0.9959997417356918,false
24,1,11,Emissions,emissions,Engaged,drug_z_x_stim_param,-0.08167216181755066,-0.16400036215782166,Drug − saline contrast,0.9959997417356918,false
24,1,11,Emissions,emissions,Engaged,drug_z_x_choice_lag_param,0.1230449303984642,0.24707823991775513,Drug − saline contrast,0.9959997417356918,false
24,1,11,Emissions,emissions,Disengaged,stim_param,0.0,0.0,Base coefficient,0.9959997417356918,true
24,1,11,Emissions,emissions,Disengaged,choice_lag_param,1.021692156791687,1.021692156791687,Base coefficient,0.9959997417356918,false
24,1,11,Emissions,emissions,Disengaged,bias,-1.577794075012207,-1.577794075012207,Base coefficient,0.9959997417356918,false
24,1,11,Emissions,emissions,Disengaged,drug_z_x_stim_param,0.0,0.0,Drug − saline contrast,0.9959997417356918,true
24,1,11,Emissions,emissions,Disengaged,drug_z_x_choice_lag_param,-0.16329987347126007,-0.32791146636009216,Drug − saline contrast,0.9959997417356918,false
24,1,11,Transitions,transitions,Engaged → Disengaged,bias,-7.094653606414795,-7.094653606414795,Base coefficient,0.9959997417356918,false
24,1,11,Transitions,transitions,Engaged → Disengaged,cumulative_reward,0.8367342352867126,0.8367342352867126,Base coefficient,0.9959997417356918,false
24,1,11,Transitions,transitions,Engaged → Disengaged,drug_z,-0.7664121389389038,-1.5389806032180786,Drug − saline contrast,0.9959997417356918,false
24,1,11,Transitions,transitions,Disengaged → Engaged,bias,-6.483462333679199,-6.483462333679199,Base coefficient,0.9959997417356918,false
24,1,11,Transitions,transitions,Disengaged → Engaged,cumulative_reward,-1.5573185682296753,-1.5573185682296753,Base coefficient,0.9959997417356918,false
24,1,11,Transitions,transitions,Disengaged → Engaged,drug_z,0.12978962063789368,0.2606217861175537,Drug − saline contrast,0.9959997417356918,false
24,1,12,Emissions,emissions,Engaged,stim_param,1.0507721900939941,1.0507721900939941,Base coefficient,0.9993880012102802,false
24,1,12,Emissions,emissions,Engaged,choice_lag_param,0.9867335557937622,0.9867335557937622,Base coefficient,0.9993880012102802,false
24,1,12,Emissions,emissions,Engaged,bias,-0.12011019885540009,-0.12011019885540009,Base coefficient,0.9993880012102802,false
24,1,12,Emissions,emissions,Engaged,drug_z_x_stim_param,-0.057225264608860016,-0.1145206168293953,Drug − saline contrast,0.9993880012102802,false
24,1,12,Emissions,emissions,Engaged,drug_z_x_choice_lag_param,0.11358083039522171,0.22730077803134918,Drug − saline contrast,0.9993880012102802,false
24,1,12,Emissions,emissions,Disengaged,stim_param,0.0,0.0,Base coefficient,0.9993880012102802,true
24,1,12,Emissions,emissions,Disengaged,choice_lag_param,1.036283254623413,1.036283254623413,Base coefficient,0.9993880012102802,false
24,1,12,Emissions,emissions,Disengaged,bias,-1.548811435699463,-1.548811435699463,Base coefficient,0.9993880012102802,false
24,1,12,Emissions,emissions,Disengaged,drug_z_x_stim_param,0.0,0.0,Drug − saline contrast,0.9993880012102802,true
24,1,12,Emissions,emissions,Disengaged,drug_z_x_choice_lag_param,-0.16039612889289856,-0.3209887146949768,Drug − saline contrast,0.9993880012102802,false
24,1,12,Transitions,transitions,Engaged → Disengaged,bias,-7.0747833251953125,-7.0747833251953125,Base coefficient,0.9993880012102802,false
24,1,12,Transitions,transitions,Engaged → Disengaged,cumulative_reward,0.9519007205963135,0.9519007205963135,Base coefficient,0.9993880012102802,false
24,1,12,Transitions,transitions,Engaged → Disengaged,drug_z,-0.6312229037284851,-1.263218879699707,Drug − saline contrast,0.9993880012102802,false
24,1,12,Transitions,transitions,Disengaged → Engaged,bias,-6.359471797943115,-6.359471797943115,Base coefficient,0.9993880012102802,false
24,1,12,Transitions,transitions,Disengaged → Engaged,cumulative_reward,-1.4021257162094116,-1.4021257162094116,Base coefficient,0.9993880012102802,false
24,1,12,Transitions,transitions,Disengaged → Engaged,drug_z,0.14743401110172272,0.2950485944747925,Drug − saline contrast,0.9993880012102802,false
24,1,13,Emissions,emissions,Engaged,stim_param,1.0582596063613892,1.0582596063613892,Base coefficient,0.9978640750283282,false
24,1,13,Emissions,emissions,Engaged,choice_lag_param,1.0428016185760498,1.0428016185760498,Base coefficient,0.9978640750283282,false
24,1,13,Emissions,emissions,Engaged,bias,-0.04549342393875122,-0.04549342393875122,Base coefficient,0.9978640750283282,false
24,1,13,Emissions,emissions,Engaged,drug_z_x_stim_param,-0.09591884911060333,-0.19224832952022552,Drug − saline contrast,0.9978640750283282,false
24,1,13,Emissions,emissions,Engaged,drug_z_x_choice_lag_param,0.14139039814472198,0.28338608145713806,Drug − saline contrast,0.9978640750283282,false
24,1,13,Emissions,emissions,Disengaged,stim_param,0.0,0.0,Base coefficient,0.9978640750283282,true
24,1,13,Emissions,emissions,Disengaged,choice_lag_param,1.0281858444213867,1.0281858444213867,Base coefficient,0.9978640750283282,false
24,1,13,Emissions,emissions,Disengaged,bias,-1.559579849243164,-1.559579849243164,Base coefficient,0.9978640750283282,false
24,1,13,Emissions,emissions,Disengaged,drug_z_x_stim_param,0.0,0.0,Drug − saline contrast,0.9978640750283282,true
24,1,13,Emissions,emissions,Disengaged,drug_z_x_choice_lag_param,-0.1590748131275177,-0.3188306391239166,Drug − saline contrast,0.9978640750283282,false
24,1,13,Transitions,transitions,Engaged → Disengaged,bias,-7.101144313812256,-7.101144313812256,Base coefficient,0.9978640750283282,false
24,1,13,Transitions,transitions,Engaged → Disengaged,cumulative_reward,0.5206087827682495,0.5206087827682495,Base coefficient,0.9978640750283282,false
24,1,13,Transitions,transitions,Engaged → Disengaged,drug_z,-0.601982057094574,-1.2065411806106567,Drug − saline contrast,0.9978640750283282,false
24,1,13,Transitions,transitions,Disengaged → Engaged,bias,-6.407081604003906,-6.407081604003906,Base coefficient,0.9978640750283282,false
24,1,13,Transitions,transitions,Disengaged → Engaged,cumulative_reward,-1.4223501682281494,-1.4223501682281494,Base coefficient,0.9978640750283282,false
24,1,13,Transitions,transitions,Disengaged → Engaged,drug_z,0.2623763680458069,0.525875985622406,Drug − saline contrast,0.9978640750283282,false
24,1,14,Emissions,emissions,Engaged,stim_param,1.0785839557647705,1.0785839557647705,Base coefficient,0.9994115151443709,false
24,1,14,Emissions,emissions,Engaged,choice_lag_param,1.0358941555023193,1.0358941555023193,Base coefficient,0.9994115151443709,false
24,1,14,Emissions,emissions,Engaged,bias,-0.06810683012008667,-0.06810683012008667,Base coefficient,0.9994115151443709,false
24,1,14,Emissions,emissions,Engaged,drug_z_x_stim_param,-0.023879000917077065,-0.04778612405061722,Drug − saline contrast,0.9994115151443709,false
24,1,14,Emissions,emissions,Engaged,drug_z_x_choice_lag_param,0.1638985574245453,0.3279901146888733,Drug − saline contrast,0.9994115151443709,false
24,1,14,Emissions,emissions,Disengaged,stim_param,0.0,0.0,Base coefficient,0.9994115151443709,true
24,1,14,Emissions,emissions,Disengaged,choice_lag_param,1.0299941301345825,1.0299941301345825,Base coefficient,0.9994115151443709,false
24,1,14,Emissions,emissions,Disengaged,bias,-1.5496681928634644,-1.5496681928634644,Base coefficient,0.9994115151443709,false
24,1,14,Emissions,emissions,Disengaged,drug_z_x_stim_param,0.0,0.0,Drug − saline contrast,0.9994115151443709,true
24,1,14,Emissions,emissions,Disengaged,drug_z_x_choice_lag_param,-0.16420091688632965,-0.32859519124031067,Drug − saline contrast,0.9994115151443709,false
24,1,14,Transitions,transitions,Engaged → Disengaged,bias,-7.062096118927002,-7.062096118927002,Base coefficient,0.9994115151443709,false
24,1,14,Transitions,transitions,Engaged → Disengaged,cumulative_reward,0.9999085664749146,0.9999085664749146,Base coefficient,0.9994115151443709,false
24,1,14,Transitions,transitions,Engaged → Disengaged,drug_z,-0.6169566512107849,-1.2346398830413818,Drug − saline contrast,0.9994115151443709,false
24,1,14,Transitions,transitions,Disengaged → Engaged,bias,-6.261305809020996,-6.261305809020996,Base coefficient,0.9994115151443709,false
24,1,14,Transitions,transitions,Disengaged → Engaged,cumulative_reward,-1.2084931135177612,-1.2084931135177612,Base coefficient,0.9994115151443709,false
24,1,14,Transitions,transitions,Disengaged → Engaged,drug_z,0.188934788107872,0.37809208035469055,Drug − saline contrast,0.9994115151443709,false
24,1,15,Emissions,emissions,Engaged,stim_param,1.050174355506897,1.050174355506897,Base coefficient,0.9964943464606749,false
24,1,15,Emissions,emissions,Engaged,choice_lag_param,1.042254090309143,1.042254090309143,Base coefficient,0.9964943464606749,false
24,1,15,Emissions,emissions,Engaged,bias,-0.04829546809196472,-0.04829546809196472,Base coefficient,0.9964943464606749,false
24,1,15,Emissions,emissions,Engaged,drug_z_x_stim_param,-0.08094090223312378,-0.16245129704475403,Drug − saline contrast,0.9964943464606749,false
24,1,15,Emissions,emissions,Engaged,drug_z_x_choice_lag_param,0.13880470395088196,0.2785860300064087,Drug − saline contrast,0.9964943464606749,false
24,1,15,Emissions,emissions,Disengaged,stim_param,0.0,0.0,Base coefficient,0.9964943464606749,true
24,1,15,Emissions,emissions,Disengaged,choice_lag_param,1.039202094078064,1.039202094078064,Base coefficient,0.9964943464606749,false
24,1,15,Emissions,emissions,Disengaged,bias,-1.4996060132980347,-1.4996060132980347,Base coefficient,0.9964943464606749,false
24,1,15,Emissions,emissions,Disengaged,drug_z_x_stim_param,0.0,0.0,Drug − saline contrast,0.9964943464606749,true
24,1,15,Emissions,emissions,Disengaged,drug_z_x_choice_lag_param,-0.1895744651556015,-0.3804827630519867,Drug − saline contrast,0.9964943464606749,false
24,1,15,Transitions,transitions,Engaged → Disengaged,bias,-8.991196632385254,-8.991196632385254,Base coefficient,0.9964943464606749,false
24,1,15,Transitions,transitions,Engaged → Disengaged,cumulative_reward,2.606816530227661,2.606816530227661,Base coefficient,0.9964943464606749,false
24,1,15,Transitions,transitions,Engaged → Disengaged,drug_z,-0.6784543395042419,-1.3616822957992554,Drug − saline contrast,0.9964943464606749,false
24,1,15,Transitions,transitions,Disengaged → Engaged,bias,-5.97629976272583,-5.97629976272583,Base coefficient,0.9964943464606749,false
24,1,15,Transitions,transitions,Disengaged → Engaged,cumulative_reward,-0.7962275147438049,-0.7962275147438049,Base coefficient,0.9964943464606749,false
24,1,15,Transitions,transitions,Disengaged → Engaged,drug_z,0.4989008903503418,1.001312017440796,Drug − saline contrast,0.9964943464606749,false
24,1,16,Emissions,emissions,Engaged,stim_param,1.0964205265045166,1.0964205265045166,Base coefficient,0.9994345381680669,false
24,1,16,Emissions,emissions,Engaged,choice_lag_param,0.9690155386924744,0.9690155386924744,Base coefficient,0.9994345381680669,false
24,1,16,Emissions,emissions,Engaged,bias,-0.11288999766111374,-0.11288999766111374,Base coefficient,0.9994345381680669,false
24,1,16,Emissions,emissions,Engaged,drug_z_x_stim_param,-0.06224854663014412,-0.12456753104925156,Drug − saline contrast,0.9994345381680669,false
24,1,16,Emissions,emissions,Engaged,drug_z_x_choice_lag_param,0.13249057531356812,0.2651310861110687,Drug − saline contrast,0.9994345381680669,false
24,1,16,Emissions,emissions,Disengaged,stim_param,0.0,0.0,Base coefficient,0.9994345381680669,true
24,1,16,Emissions,emissions,Disengaged,choice_lag_param,1.572387456893921,1.572387456893921,Base coefficient,0.9994345381680669,false
24,1,16,Emissions,emissions,Disengaged,bias,-0.3835126459598541,-0.3835126459598541,Base coefficient,0.9994345381680669,false
24,1,16,Emissions,emissions,Disengaged,drug_z_x_stim_param,0.0,0.0,Drug − saline contrast,0.9994345381680669,true
24,1,16,Emissions,emissions,Disengaged,drug_z_x_choice_lag_param,-0.04594774544239044,-0.09194748103618622,Drug − saline contrast,0.9994345381680669,false
24,1,16,Transitions,transitions,Engaged → Disengaged,bias,-6.143235683441162,-6.143235683441162,Base coefficient,0.9994345381680669,false
24,1,16,Transitions,transitions,Engaged → Disengaged,cumulative_reward,1.248600959777832,1.248600959777832,Base coefficient,0.9994345381680669,false
24,1,16,Transitions,transitions,Engaged → Disengaged,drug_z,0.1104290634393692,0.22098308801651,Drug − saline contrast,0.9994345381680669,false
24,1,16,Transitions,transitions,Disengaged → Engaged,bias,-4.581467151641846,-4.581467151641846,Base coefficient,0.9994345381680669,false
24,1,16,Transitions,transitions,Disengaged → Engaged,cumulative_reward,-0.08448623865842819,-0.08448623865842819,Base coefficient,0.9994345381680669,false
24,1,16,Transitions,transitions,Disengaged → Engaged,drug_z,0.7139926552772522,1.42879319190979,Drug − saline contrast,0.9994345381680669,false
24,1,17,Emissions,emissions,Engaged,stim_param,1.0337951183319092,1.0337951183319092,Base coefficient,0.9972187617635047,false
24,1,17,Emissions,emissions,Engaged,choice_lag_param,1.032257080078125,1.032257080078125,Base coefficient,0.9972187617635047,false
24,1,17,Emissions,emissions,Engaged,bias,-0.05475429445505142,-0.05475429445505142,Base coefficient,0.9972187617635047,false
24,1,17,Emissions,emissions,Engaged,drug_z_x_stim_param,-0.06584788113832474,-0.13206306099891663,Drug − saline contrast,0.9972187617635047,false
24,1,17,Emissions,emissions,Engaged,drug_z_x_choice_lag_param,0.14464470744132996,0.2900962233543396,Drug − saline contrast,0.9972187617635047,false
24,1,17,Emissions,emissions,Disengaged,stim_param,0.0,0.0,Base coefficient,0.9972187617635047,true
24,1,17,Emissions,emissions,Disengaged,choice_lag_param,0.8548604846000671,0.8548604846000671,Base coefficient,0.9972187617635047,false
24,1,17,Emissions,emissions,Disengaged,bias,-1.8248955011367798,-1.8248955011367798,Base coefficient,0.9972187617635047,false
24,1,17,Emissions,emissions,Disengaged,drug_z_x_stim_param,0.0,0.0,Drug − saline contrast,0.9972187617635047,true
24,1,17,Emissions,emissions,Disengaged,drug_z_x_choice_lag_param,-0.16217076778411865,-0.325246125459671,Drug − saline contrast,0.9972187617635047,false
24,1,17,Transitions,transitions,Engaged → Disengaged,bias,-7.133179187774658,-7.133179187774658,Base coefficient,0.9972187617635047,false
24,1,17,Transitions,transitions,Engaged → Disengaged,cumulative_reward,0.890465259552002,0.890465259552002,Base coefficient,0.9972187617635047,false
24,1,17,Transitions,transitions,Engaged → Disengaged,drug_z,-0.6604630947113037,-1.3246102333068848,Drug − saline contrast,0.9972187617635047,false
24,1,17,Transitions,transitions,Disengaged → Engaged,bias,-5.932466506958008,-5.932466506958008,Base coefficient,0.9972187617635047,false
24,1,17,Transitions,transitions,Disengaged → Engaged,cumulative_reward,-1.1897374391555786,-1.1897374391555786,Base coefficient,0.9972187617635047,false
24,1,17,Transitions,transitions,Disengaged → Engaged,drug_z,-0.39945536851882935,-0.8011388778686523,Drug − saline contrast,0.9972187617635047,false
24,1,18,Emissions,emissions,Engaged,stim_param,1.0353416204452515,1.0353416204452515,Base coefficient,0.9996674991774306,false
24,1,18,Emissions,emissions,Engaged,choice_lag_param,1.0172736644744873,1.0172736644744873,Base coefficient,0.9996674991774306,false
24,1,18,Emissions,emissions,Engaged,bias,-0.03757473826408386,-0.03757473826408386,Base coefficient,0.9996674991774306,false
24,1,18,Emissions,emissions,Engaged,drug_z_x_stim_param,-0.0657244399189949,-0.13149259984493256,Drug − saline contrast,0.9996674991774306,false
24,1,18,Emissions,emissions,Engaged,drug_z_x_choice_lag_param,0.13086165487766266,0.2618103623390198,Drug − saline contrast,0.9996674991774306,false
24,1,18,Emissions,emissions,Disengaged,stim_param,0.0,0.0,Base coefficient,0.9996674991774306,true
24,1,18,Emissions,emissions,Disengaged,choice_lag_param,1.054925560951233,1.054925560951233,Base coefficient,0.9996674991774306,false
24,1,18,Emissions,emissions,Disengaged,bias,-1.651694893836975,-1.651694893836975,Base coefficient,0.9996674991774306,false
24,1,18,Emissions,emissions,Disengaged,drug_z_x_stim_param,0.0,0.0,Drug − saline contrast,0.9996674991774306,true
24,1,18,Emissions,emissions,Disengaged,drug_z_x_choice_lag_param,-0.11248083412647247,-0.22503648698329926,Drug − saline contrast,0.9996674991774306,false
24,1,18,Transitions,transitions,Engaged → Disengaged,bias,-7.264482498168945,-7.264482498168945,Base coefficient,0.9996674991774306,false
24,1,18,Transitions,transitions,Engaged → Disengaged,cumulative_reward,0.48598340153694153,0.48598340153694153,Base coefficient,0.9996674991774306,false
24,1,18,Transitions,transitions,Engaged → Disengaged,drug_z,-1.058569073677063,-2.117842197418213,Drug − saline contrast,0.9996674991774306,false
24,1,18,Transitions,transitions,Disengaged → Engaged,bias,-9.034218788146973,-9.034218788146973,Base coefficient,0.9996674991774306,false
24,1,18,Transitions,transitions,Disengaged → Engaged,cumulative_reward,-3.5992469787597656,-3.5992469787597656,Base coefficient,0.9996674991774306,false
24,1,18,Transitions,transitions,Disengaged → Engaged,drug_z,-0.14145776629447937,-0.2830096185207367,Drug − saline contrast,0.9996674991774306,false
25,1,1,Emissions,emissions,Engaged,stim_param,1.079945683479309,1.079945683479309,Base coefficient,0.9993804367287173,false
25,1,1,Emissions,emissions,Engaged,choice_lag_param,0.8811442852020264,0.8811442852020264,Base coefficient,0.9993804367287173,false
25,1,1,Emissions,emissions,Engaged,bias,-0.12117940187454224,-0.12117940187454224,Base coefficient,0.9993804367287173,false
25,1,1,Emissions,emissions,Engaged,drug_z_x_stim_param,-0.0518023855984211,-0.10366900265216827,Drug − saline contrast,0.9993804367287173,false
25,1,1,Emissions,emissions,Engaged,drug_z_x_choice_lag_param,0.0995802953839302,0.19928406178951263,Drug − saline contrast,0.9993804367287173,false
25,1,1,Emissions,emissions,Disengaged,stim_param,0.0,0.0,Base coefficient,0.9993804367287173,true
25,1,1,Emissions,emissions,Disengaged,choice_lag_param,1.5880643129348755,1.5880643129348755,Base coefficient,0.9993804367287173,false
25,1,1,Emissions,emissions,Disengaged,bias,0.18823683261871338,0.18823683261871338,Base coefficient,0.9993804367287173,false
25,1,1,Emissions,emissions,Disengaged,drug_z_x_stim_param,0.0,0.0,Drug − saline contrast,0.9993804367287173,true
25,1,1,Emissions,emissions,Disengaged,drug_z_x_choice_lag_param,0.005149549338966608,0.01030548382550478,Drug − saline contrast,0.9993804367287173,false
25,1,1,Transitions,transitions,Engaged → Disengaged,bias,-7.013699054718018,-7.013699054718018,Base coefficient,0.9993804367287173,false
25,1,1,Transitions,transitions,Engaged → Disengaged,cumulative_reward,1.3367503881454468,1.3367503881454468,Base coefficient,0.9993804367287173,false
25,1,1,Transitions,transitions,Engaged → Disengaged,drug_z,0.4829292297363281,0.9664572477340698,Drug − saline contrast,0.9993804367287173,false
25,1,1,Transitions,transitions,Disengaged → Engaged,bias,-5.658639907836914,-5.658639907836914,Base coefficient,0.9993804367287173,false
25,1,1,Transitions,transitions,Disengaged → Engaged,cumulative_reward,-0.8063819408416748,-0.8063819408416748,Base coefficient,0.9993804367287173,false
25,1,1,Transitions,transitions,Disengaged → Engaged,drug_z,-0.8028143644332886,-1.6066241264343262,Drug − saline contrast,0.9993804367287173,false
25,1,2,Emissions,emissions,Engaged,stim_param,1.0797698497772217,1.0797698497772217,Base coefficient,0.9975302174272827,false
25,1,2,Emissions,emissions,Engaged,choice_lag_param,0.8347055912017822,0.8347055912017822,Base coefficient,0.9975302174272827,false
25,1,2,Emissions,emissions,Engaged,bias,-0.10294250398874283,-0.10294250398874283,Base coefficient,0.9975302174272827,false
25,1,2,Emissions,emissions,Engaged,drug_z_x_stim_param,-0.08419988304376602,-0.1688167005777359,Drug − saline contrast,0.9975302174272827,false
25,1,2,Emissions,emissions,Engaged,drug_z_x_choice_lag_param,0.05985548347234726,0.12000735849142075,Drug − saline contrast,0.9975302174272827,false
25,1,2,Emissions,emissions,Disengaged,stim_param,0.0,0.0,Base coefficient,0.9975302174272827,true
25,1,2,Emissions,emissions,Disengaged,choice_lag_param,1.5719853639602661,1.5719853639602661,Base coefficient,0.9975302174272827,false
25,1,2,Emissions,emissions,Disengaged,bias,0.20752230286598206,0.20752230286598206,Base coefficient,0.9975302174272827,false
25,1,2,Emissions,emissions,Disengaged,drug_z_x_stim_param,0.0,0.0,Drug − saline contrast,0.9975302174272827,true
25,1,2,Emissions,emissions,Disengaged,drug_z_x_choice_lag_param,0.0017782239010557532,0.003565253224223852,Drug − saline contrast,0.9975302174272827,false
25,1,2,Transitions,transitions,Engaged → Disengaged,bias,-7.390050888061523,-7.390050888061523,Base coefficient,0.9975302174272827,false
25,1,2,Transitions,transitions,Engaged → Disengaged,cumulative_reward,1.5083664655685425,1.5083664655685425,Base coefficient,0.9975302174272827,false
25,1,2,Transitions,transitions,Engaged → Disengaged,drug_z,0.24995815753936768,0.5011540651321411,Drug − saline contrast,0.9975302174272827,false
25,1,2,Transitions,transitions,Disengaged → Engaged,bias,-5.682679653167725,-5.682679653167725,Base coefficient,0.9975302174272827,false
25,1,2,Transitions,transitions,Disengaged → Engaged,cumulative_reward,-0.9176936149597168,-0.9176936149597168,Base coefficient,0.9975302174272827,false
25,1,2,Transitions,transitions,Disengaged → Engaged,drug_z,-1.0657305717468262,-2.1367383003234863,Drug − saline contrast,0.9975302174272827,false
25,1,3,Emissions,emissions,Engaged,stim_param,1.0497493743896484,1.0497493743896484,Base coefficient,0.9980573132858228,false
25,1,3,Emissions,emissions,Engaged,choice_lag_param,0.873938798904419,0.873938798904419,Base coefficient,0.9980573132858228,false
25,1,3,Emissions,emissions,Engaged,bias,-0.11013159900903702,-0.11013159900903702,Base coefficient,0.9980573132858228,false
25,1,3,Emissions,emissions,Engaged,drug_z_x_stim_param,-0.03542311489582062,-0.0709841325879097,Drug − saline contrast,0.9980573132858228,false
25,1,3,Emissions,emissions,Engaged,drug_z_x_choice_lag_param,0.10402518510818481,0.20845533907413483,Drug − saline contrast,0.9980573132858228,false
25,1,3,Emissions,emissions,Disengaged,stim_param,0.0,0.0,Base coefficient,0.9980573132858228,true
25,1,3,Emissions,emissions,Disengaged,choice_lag_param,1.5881266593933105,1.5881266593933105,Base coefficient,0.9980573132858228,false
25,1,3,Emissions,emissions,Disengaged,bias,0.19354428350925446,0.19354428350925446,Base coefficient,0.9980573132858228,false
25,1,3,Emissions,emissions,Disengaged,drug_z_x_stim_param,0.0,0.0,Drug − saline contrast,0.9980573132858228,true
25,1,3,Emissions,emissions,Disengaged,drug_z_x_choice_lag_param,0.008303304202854633,0.01663893274962902,Drug − saline contrast,0.9980573132858228,false
25,1,3,Transitions,transitions,Engaged → Disengaged,bias,-7.003264427185059,-7.003264427185059,Base coefficient,0.9980573132858228,false
25,1,3,Transitions,transitions,Engaged → Disengaged,cumulative_reward,1.4305137395858765,1.4305137395858765,Base coefficient,0.9980573132858228,false
25,1,3,Transitions,transitions,Engaged → Disengaged,drug_z,0.351035475730896,0.7034375071525574,Drug − saline contrast,0.9980573132858228,false
25,1,3,Transitions,transitions,Disengaged → Engaged,bias,-5.743189811706543,-5.743189811706543,Base coefficient,0.9980573132858228,false
25,1,3,Transitions,transitions,Disengaged → Engaged,cumulative_reward,-1.145621657371521,-1.145621657371521,Base coefficient,0.9980573132858228,false
25,1,3,Transitions,transitions,Disengaged → Engaged,drug_z,-1.1017677783966064,-2.20782470703125,Drug − saline contrast,0.9980573132858228,false
25,1,4,Emissions,emissions,Engaged,stim_param,1.113232970237732,1.113232970237732,Base coefficient,0.9992694272226,false
25,1,4,Emissions,emissions,Engaged,choice_lag_param,0.8887859582901001,0.8887859582901001,Base coefficient,0.9992694272226,false
25,1,4,Emissions,emissions,Engaged,bias,-0.1441844254732132,-0.1441844254732132,Base coefficient,0.9992694272226,false
25,1,4,Emissions,emissions,Engaged,drug_z_x_stim_param,-0.039792560040950775,-0.07964330911636353,Drug − saline contrast,0.9992694272226,false
25,1,4,Emissions,emissions,Engaged,drug_z_x_choice_lag_param,0.14836542308330536,0.29694777727127075,Drug − saline contrast,0.9992694272226,false
25,1,4,Emissions,emissions,Disengaged,stim_param,0.0,0.0,Base coefficient,0.9992694272226,true
25,1,4,Emissions,emissions,Disengaged,choice_lag_param,1.5821746587753296,1.5821746587753296,Base coefficient,0.9992694272226,false
25,1,4,Emissions,emissions,Disengaged,bias,0.1930050402879715,0.1930050402879715,Base coefficient,0.9992694272226,false
25,1,4,Emissions,emissions,Disengaged,drug_z_x_stim_param,0.0,0.0,Drug − saline contrast,0.9992694272226,true
25,1,4,Emissions,emissions,Disengaged,drug_z_x_choice_lag_param,0.011314619332551956,0.02264578267931938,Drug − saline contrast,0.9992694272226,false
25,1,4,Transitions,transitions,Engaged → Disengaged,bias,-6.993455410003662,-6.993455410003662,Base coefficient,0.9992694272226,false
25,1,4,Transitions,transitions,Engaged → Disengaged,cumulative_reward,1.3293124437332153,1.3293124437332153,Base coefficient,0.9992694272226,false
25,1,4,Transitions,transitions,Engaged → Disengaged,drug_z,0.5419801473617554,1.0847527980804443,Drug − saline contrast,0.9992694272226,false
25,1,4,Transitions,transitions,Disengaged → Engaged,bias,-5.734564304351807,-5.734564304351807,Base coefficient,0.9992694272226,false
25,1,4,Transitions,transitions,Disengaged → Engaged,cumulative_reward,-1.1482212543487549,-1.1482212543487549,Base coefficient,0.9992694272226,false
25,1,4,Transitions,transitions,Disengaged → Engaged,drug_z,-1.0527398586273193,-2.1070189476013184,Drug − saline contrast,0.9992694272226,false
25,1,5,Emissions,emissions,Engaged,stim_param,1.0836853981018066,1.0836853981018066,Base coefficient,0.998260588411279,false
25,1,5,Emissions,emissions,Engaged,choice_lag_param,0.8468168377876282,0.8468168377876282,Base coefficient,0.998260588411279,false
25,1,5,Emissions,emissions,Engaged,bias,-0.08904431760311127,-0.08904431760311127,Base coefficient,0.998260588411279,false
25,1,5,Emissions,emissions,Engaged,drug_z_x_stim_param,-0.05590040609240532,-0.11199561506509781,Drug − saline contrast,0.998260588411279,false
25,1,5,Emissions,emissions,Engaged,drug_z_x_choice_lag_param,0.12356177717447281,0.24755415320396423,Drug − saline contrast,0.998260588411279,false
25,1,5,Emissions,emissions,Disengaged,stim_param,0.0,0.0,Base coefficient,0.998260588411279,true
25,1,5,Emissions,emissions,Disengaged,choice_lag_param,1.58646821975708,1.58646821975708,Base coefficient,0.998260588411279,false
25,1,5,Emissions,emissions,Disengaged,bias,0.18134073913097382,0.18134073913097382,Base coefficient,0.998260588411279,false
25,1,5,Emissions,emissions,Disengaged,drug_z_x_stim_param,0.0,0.0,Drug − saline contrast,0.998260588411279,true
25,1,5,Emissions,emissions,Disengaged,drug_z_x_choice_lag_param,0.012686069123446941,0.02541634626686573,Drug − saline contrast,0.998260588411279,false
25,1,5,Transitions,transitions,Engaged → Disengaged,bias,-6.872580051422119,-6.872580051422119,Base coefficient,0.998260588411279,false
25,1,5,Transitions,transitions,Engaged → Disengaged,cumulative_reward,1.3810808658599854,1.3810808658599854,Base coefficient,0.998260588411279,false
25,1,5,Transitions,transitions,Engaged → Disengaged,drug_z,0.45958900451660156,0.9207795858383179,Drug − saline contrast,0.998260588411279,false
25,1,5,Transitions,transitions,Disengaged → Engaged,bias,-5.595461845397949,-5.595461845397949,Base coefficient,0.998260588411279,false
25,1,5,Transitions,transitions,Disengaged → Engaged,cumulative_reward,-0.8963498473167419,-0.8963498473167419,Base coefficient,0.998260588411279,false
25,1,5,Transitions,transitions,Disengaged → Engaged,drug_z,-0.9314605593681335,-1.8661670684814453,Drug − saline contrast,0.998260588411279,false
25,1,6,Emissions,emissions,Engaged,stim_param,1.111793041229248,1.111793041229248,Base coefficient,0.9977128505823785,false
25,1,6,Emissions,emissions,Engaged,choice_lag_param,0.8539973497390747,0.8539973497390747,Base coefficient,0.9977128505823785,false
25,1,6,Emissions,emissions,Engaged,bias,-0.11631304770708084,-0.11631304770708084,Base coefficient,0.9977128505823785,false
25,1,6,Emissions,emissions,Engaged,drug_z_x_stim_param,-0.03567127883434296,-0.07150610536336899,Drug − saline contrast,0.9977128505823785,false
25,1,6,Emissions,emissions,Engaged,drug_z_x_choice_lag_param,0.09703917056322098,0.19452324509620667,Drug − saline contrast,0.9977128505823785,false
25,1,6,Emissions,emissions,Disengaged,stim_param,0.0,0.0,Base coefficient,0.9977128505823785,true
25,1,6,Emissions,emissions,Disengaged,choice_lag_param,1.5818248987197876,1.5818248987197876,Base coefficient,0.9977128505823785,false
25,1,6,Emissions,emissions,Disengaged,bias,0.18768920004367828,0.18768920004367828,Base coefficient,0.9977128505823785,false
25,1,6,Emissions,emissions,Disengaged,drug_z_x_stim_param,0.0,0.0,Drug − saline contrast,0.9977128505823785,true
25,1,6,Emissions,emissions,Disengaged,drug_z_x_choice_lag_param,0.007546745240688324,0.015128090977668762,Drug − saline contrast,0.9977128505823785,false
25,1,6,Transitions,transitions,Engaged → Disengaged,bias,-6.744964599609375,-6.744964599609375,Base coefficient,0.9977128505823785,false
25,1,6,Transitions,transitions,Engaged → Disengaged,cumulative_reward,0.9607470631599426,0.9607470631599426,Base coefficient,0.9977128505823785,false
25,1,6,Transitions,transitions,Engaged → Disengaged,drug_z,0.47691604495048523,0.9560186266899109,Drug − saline contrast,0.9977128505823785,false
25,1,6,Transitions,transitions,Disengaged → Engaged,bias,-5.768003940582275,-5.768003940582275,Base coefficient,0.9977128505823785,false
25,1,6,Transitions,transitions,Disengaged → Engaged,cumulative_reward,-1.1052547693252563,-1.1052547693252563,Base coefficient,0.9977128505823785,false
25,1,6,Transitions,transitions,Disengaged → Engaged,drug_z,-1.1163387298583984,-2.23779559135437,Drug − saline contrast,0.9977128505823785,false
25,1,7,Emissions,emissions,Engaged,stim_param,1.1076714992523193,1.1076714992523193,Base coefficient,0.9981459679286455,false
25,1,7,Emissions,emissions,Engaged,choice_lag_param,0.8682525157928467,0.8682525157928467,Base coefficient,0.9981459679286455,false
25,1,7,Emissions,emissions,Engaged,bias,-0.10179312527179718,-0.10179312527179718,Base coefficient,0.9981459679286455,false
25,1,7,Emissions,emissions,Engaged,drug_z_x_stim_param,-0.0699474886059761,-0.14015482366085052,Drug − saline contrast,0.9981459679286455,false
25,1,7,Emissions,emissions,Engaged,drug_z_x_choice_lag_param,0.10672253370285034,0.2138415277004242,Drug − saline contrast,0.9981459679286455,false
25,1,7,Emissions,emissions,Disengaged,stim_param,0.0,0.0,Base coefficient,0.9981459679286455,true
25,1,7,Emissions,emissions,Disengaged,choice_lag_param,1.5828087329864502,1.5828087329864502,Base coefficient,0.9981459679286455,false
25,1,7,Emissions,emissions,Disengaged,bias,0.1891709715127945,0.1891709715127945,Base coefficient,0.9981459679286455,false
25,1,7,Emissions,emissions,Disengaged,drug_z_x_stim_param,0.0,0.0,Drug − saline contrast,0.9981459679286455,true
25,1,7,Emissions,emissions,Disengaged,drug_z_x_choice_lag_param,0.012694047763943672,0.025435252115130424,Drug − saline contrast,0.9981459679286455,false
25,1,7,Transitions,transitions,Engaged → Disengaged,bias,-6.923430919647217,-6.923430919647217,Base coefficient,0.9981459679286455,false
25,1,7,Transitions,transitions,Engaged → Disengaged,cumulative_reward,1.4200448989868164,1.4200448989868164,Base coefficient,0.9981459679286455,false
25,1,7,Transitions,transitions,Engaged → Disengaged,drug_z,0.43610885739326477,0.8738378286361694,Drug − saline contrast,0.9981459679286455,false
25,1,7,Transitions,transitions,Disengaged → Engaged,bias,-5.635305881500244,-5.635305881500244,Base coefficient,0.9981459679286455,false
25,1,7,Transitions,transitions,Disengaged → Engaged,cumulative_reward,-0.9785944819450378,-0.9785944819450378,Base coefficient,0.9981459679286455,false
25,1,7,Transitions,transitions,Disengaged → Engaged,drug_z,-0.9902276396751404,-1.9841338396072388,Drug − saline contrast,0.9981459679286455,false
25,1,8,Emissions,emissions,Engaged,stim_param,1.099926471710205,1.099926471710205,Base coefficient,0.9976473569366235,false
25,1,8,Emissions,emissions,Engaged,choice_lag_param,0.8532081842422485,0.8532081842422485,Base coefficient,0.9976473569366235,false
25,1,8,Emissions,emissions,Engaged,bias,-0.13156935572624207,-0.13156935572624207,Base coefficient,0.9976473569366235,false
25,1,8,Emissions,emissions,Engaged,drug_z_x_stim_param,-0.05268962308764458,-0.10562775284051895,Drug − saline contrast,0.9976473569366235,false
25,1,8,Emissions,emissions,Engaged,drug_z_x_choice_lag_param,0.09588948637247086,0.192231222987175,Drug − saline contrast,0.9976473569366235,false
25,1,8,Emissions,emissions,Disengaged,stim_param,0.0,0.0,Base coefficient,0.9976473569366235,true
25,1,8,Emissions,emissions,Disengaged,choice_lag_param,1.5851905345916748,1.5851905345916748,Base coefficient,0.9976473569366235,false
25,1,8,Emissions,emissions,Disengaged,bias,0.18083108961582184,0.18083108961582184,Base coefficient,0.9976473569366235,false
25,1,8,Emissions,emissions,Disengaged,drug_z_x_stim_param,0.0,0.0,Drug − saline contrast,0.9976473569366235,true
25,1,8,Emissions,emissions,Disengaged,drug_z_x_choice_lag_param,0.009669194929301739,0.0193839929997921,Drug − saline contrast,0.9976473569366235,false
25,1,8,Transitions,transitions,Engaged → Disengaged,bias,-7.208492279052734,-7.208492279052734,Base coefficient,0.9976473569366235,false
25,1,8,Transitions,transitions,Engaged → Disengaged,cumulative_reward,1.3809536695480347,1.3809536695480347,Base coefficient,0.9976473569366235,false
25,1,8,Transitions,transitions,Engaged → Disengaged,drug_z,0.40901461243629456,0.8199583292007446,Drug − saline contrast,0.9976473569366235,false
25,1,8,Transitions,transitions,Disengaged → Engaged,bias,-5.977187633514404,-5.977187633514404,Base coefficient,0.9976473569366235,false
25,1,8,Transitions,transitions,Disengaged → Engaged,cumulative_reward,-1.2644248008728027,-1.2644248008728027,Base coefficient,0.9976473569366235,false
25,1,8,Transitions,transitions,Disengaged → Engaged,drug_z,-1.218216061592102,-2.4421777725219727,Drug − saline contrast,0.9976473569366235,false
25,1,9,Emissions,emissions,Engaged,stim_param,1.091958999633789,1.091958999633789,Base coefficient,0.9993963650687506,false
25,1,9,Emissions,emissions,Engaged,choice_lag_param,0.8522573709487915,0.8522573709487915,Base coefficient,0.9993963650687506,false
25,1,9,Emissions,emissions,Engaged,bias,-0.11376918852329254,-0.11376918852329254,Base coefficient,0.9993963650687506,false
25,1,9,Emissions,emissions,Engaged,drug_z_x_stim_param,-0.05510054528713226,-0.11026764661073685,Drug − saline contrast,0.9993963650687506,false
25,1,9,Emissions,emissions,Engaged,drug_z_x_choice_lag_param,0.11341273039579391,0.22696246206760406,Drug − saline contrast,0.9993963650687506,false
25,1,9,Emissions,emissions,Disengaged,stim_param,0.0,0.0,Base coefficient,0.9993963650687506,true
25,1,9,Emissions,emissions,Disengaged,choice_lag_param,1.58004891872406,1.58004891872406,Base coefficient,0.9993963650687506,false
25,1,9,Emissions,emissions,Disengaged,bias,0.20654906332492828,0.20654906332492828,Base coefficient,0.9993963650687506,false
25,1,9,Emissions,emissions,Disengaged,drug_z_x_stim_param,0.0,0.0,Drug − saline contrast,0.9993963650687506,true
25,1,9,Emissions,emissions,Disengaged,drug_z_x_choice_lag_param,0.0017138348193839192,0.0034297399688512087,Drug − saline contrast,0.9993963650687506,false
25,1,9,Transitions,transitions,Engaged → Disengaged,bias,-7.05802583694458,-7.05802583694458,Base coefficient,0.9993963650687506,false
25,1,9,Transitions,transitions,Engaged → Disengaged,cumulative_reward,1.48857843875885,1.48857843875885,Base coefficient,0.9993963650687506,false
25,1,9,Transitions,transitions,Engaged → Disengaged,drug_z,0.45109936594963074,0.9027436375617981,Drug − saline contrast,0.9993963650687506,false
25,1,9,Transitions,transitions,Disengaged → Engaged,bias,-5.772531509399414,-5.772531509399414,Base coefficient,0.9993963650687506,false
25,1,9,Transitions,transitions,Disengaged → Engaged,cumulative_reward,-1.0444180965423584,-1.0444180965423584,Base coefficient,0.9993963650687506,false
25,1,9,Transitions,transitions,Disengaged → Engaged,drug_z,-1.0834578275680542,-2.168224334716797,Drug − saline contrast,0.9993963650687506,false
25,1,10,Emissions,emissions,Engaged,stim_param,1.0892865657806396,1.0892865657806396,Base coefficient,0.9979185318836756,false
25,1,10,Emissions,emissions,Engaged,choice_lag_param,0.8490131497383118,0.8490131497383118,Base coefficient,0.9979185318836756,false
25,1,10,Emissions,emissions,Engaged,bias,-0.1472734957933426,-0.1472734957933426,Base coefficient,0.9979185318836756,false
25,1,10,Emissions,emissions,Engaged,drug_z_x_stim_param,-0.07635007798671722,-0.15301865339279175,Drug − saline contrast,0.9979185318836756,false
25,1,10,Emissions,emissions,Engaged,drug_z_x_choice_lag_param,0.09351171553134918,0.1874135285615921,Drug − saline contrast,0.9979185318836756,false
25,1,10,Emissions,emissions,Disengaged,stim_param,0.0,0.0,Base coefficient,0.9979185318836756,true
25,1,10,Emissions,emissions,Disengaged,choice_lag_param,1.5773096084594727,1.5773096084594727,Base coefficient,0.9979185318836756,false
25,1,10,Emissions,emissions,Disengaged,bias,0.18031467497348785,0.18031467497348785,Base coefficient,0.9979185318836756,false
25,1,10,Emissions,emissions,Disengaged,drug_z_x_stim_param,0.0,0.0,Drug − saline contrast,0.9979185318836756,true
25,1,10,Emissions,emissions,Disengaged,drug_z_x_choice_lag_param,0.013707879930734634,0.02747294306755066,Drug − saline contrast,0.9979185318836756,false
25,1,10,Transitions,transitions,Engaged → Disengaged,bias,-7.039251804351807,-7.039251804351807,Base coefficient,0.9979185318836756,false
25,1,10,Transitions,transitions,Engaged → Disengaged,cumulative_reward,1.4884341955184937,1.4884341955184937,Base coefficient,0.9979185318836756,false
25,1,10,Transitions,transitions,Engaged → Disengaged,drug_z,0.7179588079452515,1.4389126300811768,Drug − saline contrast,0.9979185318836756,false
25,1,10,Transitions,transitions,Disengaged → Engaged,bias,-5.759286403656006,-5.759286403656006,Base coefficient,0.9979185318836756,false
25,1,10,Transitions,transitions,Disengaged → Engaged,cumulative_reward,-1.0317095518112183,-1.0317095518112183,Base coefficient,0.9979185318836756,false
25,1,10,Transitions,transitions,Disengaged → Engaged,drug_z,-1.1639010906219482,-2.3326575756073,Drug − saline contrast,0.9979185318836756,false
25,1,11,Emissions,emissions,Engaged,stim_param,1.0907589197158813,1.0907589197158813,Base coefficient,0.9982886077271991,false
25,1,11,Emissions,emissions,Engaged,choice_lag_param,0.8718969821929932,0.8718969821929932,Base coefficient,0.9982886077271991,false
25,1,11,Emissions,emissions,Engaged,bias,-0.14412058889865875,-0.14412058889865875,Base coefficient,0.9982886077271991,false
25,1,11,Emissions,emissions,Engaged,drug_z_x_stim_param,-0.05914326757192612,-0.11848931759595871,Drug − saline contrast,0.9982886077271991,false
25,1,11,Emissions,emissions,Engaged,drug_z_x_choice_lag_param,0.1003766655921936,0.2010974884033203,Drug − saline contrast,0.9982886077271991,false
25,1,11,Emissions,emissions,Disengaged,stim_param,0.0,0.0,Base coefficient,0.9982886077271991,true
25,1,11,Emissions,emissions,Disengaged,choice_lag_param,1.5821037292480469,1.5821037292480469,Base coefficient,0.9982886077271991,false
25,1,11,Emissions,emissions,Disengaged,bias,0.19410549104213715,0.19410549104213715,Base coefficient,0.9982886077271991,false
25,1,11,Emissions,emissions,Disengaged,drug_z_x_stim_param,0.0,0.0,Drug − saline contrast,0.9982886077271991,true
25,1,11,Emissions,emissions,Disengaged,drug_z_x_choice_lag_param,0.008411578834056854,0.01685199700295925,Drug − saline contrast,0.9982886077271991,false
25,1,11,Transitions,transitions,Engaged → Disengaged,bias,-6.959802627563477,-6.959802627563477,Base coefficient,0.9982886077271991,false
25,1,11,Transitions,transitions,Engaged → Disengaged,cumulative_reward,1.3845535516738892,1.3845535516738892,Base coefficient,0.9982886077271991,false
25,1,11,Transitions,transitions,Engaged → Disengaged,drug_z,0.392314612865448,0.7859743237495422,Drug − saline contrast,0.9982886077271991,false
25,1,11,Transitions,transitions,Disengaged → Engaged,bias,-5.756839752197266,-5.756839752197266,Base coefficient,0.9982886077271991,false
25,1,11,Transitions,transitions,Disengaged → Engaged,cumulative_reward,-1.175804615020752,-1.175804615020752,Base coefficient,0.9982886077271991,false
25,1,11,Transitions,transitions,Disengaged → Engaged,drug_z,-1.073922038078308,-2.1515262126922607,Drug − saline contrast,0.9982886077271991,false
25,1,12,Emissions,emissions,Engaged,stim_param,1.090142846107483,1.090142846107483,Base coefficient,0.9977932519475621,false
25,1,12,Emissions,emissions,Engaged,choice_lag_param,0.8652217984199524,0.8652217984199524,Base coefficient,0.9977932519475621,false
25,1,12,Emissions,emissions,Engaged,bias,-0.12875163555145264,-0.12875163555145264,Base coefficient,0.9977932519475621,false
25,1,12,Emissions,emissions,Engaged,drug_z_x_stim_param,-0.07782313227653503,-0.15599049627780914,Drug − saline contrast,0.9977932519475621,false
25,1,12,Emissions,emissions,Engaged,drug_z_x_choice_lag_param,0.10712697356939316,0.21472778916358948,Drug − saline contrast,0.9977932519475621,false
25,1,12,Emissions,emissions,Disengaged,stim_param,0.0,0.0,Base coefficient,0.9977932519475621,true
25,1,12,Emissions,emissions,Disengaged,choice_lag_param,1.6593613624572754,1.6593613624572754,Base coefficient,0.9977932519475621,false
25,1,12,Emissions,emissions,Disengaged,bias,0.1963053196668625,0.1963053196668625,Base coefficient,0.9977932519475621,false
25,1,12,Emissions,emissions,Disengaged,drug_z_x_stim_param,0.0,0.0,Drug − saline contrast,0.9977932519475621,true
25,1,12,Emissions,emissions,Disengaged,drug_z_x_choice_lag_param,0.10795076191425323,0.21637901663780212,Drug − saline contrast,0.9977932519475621,false
25,1,12,Transitions,transitions,Engaged → Disengaged,bias,-6.716734409332275,-6.716734409332275,Base coefficient,0.9977932519475621,false
25,1,12,Transitions,transitions,Engaged → Disengaged,cumulative_reward,0.9984965324401855,0.9984965324401855,Base coefficient,0.9977932519475621,false
25,1,12,Transitions,transitions,Engaged → Disengaged,drug_z,0.5257711410522461,1.0538679361343384,Drug − saline contrast,0.9977932519475621,false
25,1,12,Transitions,transitions,Disengaged → Engaged,bias,-5.478782653808594,-5.478782653808594,Base coefficient,0.9977932519475621,false
25,1,12,Transitions,transitions,Disengaged → Engaged,cumulative_reward,-1.100662112236023,-1.100662112236023,Base coefficient,0.9977932519475621,false
25,1,12,Transitions,transitions,Disengaged → Engaged,drug_z,-0.8201466798782349,-1.6439210176467896,Drug − saline contrast,0.9977932519475621,false
25,1,13,Emissions,emissions,Engaged,stim_param,1.0939892530441284,1.0939892530441284,Base coefficient,0.9982037881588041,false
25,1,13,Emissions,emissions,Engaged,choice_lag_param,0.8748378753662109,0.8748378753662109,Base coefficient,0.9982037881588041,false
25,1,13,Emissions,emissions,Engaged,bias,-0.17658405005931854,-0.17658405005931854,Base coefficient,0.9982037881588041,false
25,1,13,Emissions,emissions,Engaged,drug_z_x_stim_param,-0.06328731030225754,-0.12680238485336304,Drug − saline contrast,0.9982037881588041,false
25,1,13,Emissions,emissions,Engaged,drug_z_x_choice_lag_param,0.10253020375967026,0.20542939007282257,Drug − saline contrast,0.9982037881588041,false
25,1,13,Emissions,emissions,Disengaged,stim_param,0.0,0.0,Base coefficient,0.9982037881588041,true
25,1,13,Emissions,emissions,Disengaged,choice_lag_param,1.578865647315979,1.578865647315979,Base coefficient,0.9982037881588041,false
25,1,13,Emissions,emissions,Disengaged,bias,0.1887684017419815,0.1887684017419815,Base coefficient,0.9982037881588041,false
25,1,13,Emissions,emissions,Disengaged,drug_z_x_stim_param,0.0,0.0,Drug − saline contrast,0.9982037881588041,true
25,1,13,Emissions,emissions,Disengaged,drug_z_x_choice_lag_param,0.022819507867097855,0.0457211397588253,Drug − saline contrast,0.9982037881588041,false
25,1,13,Transitions,transitions,Engaged → Disengaged,bias,-6.750172138214111,-6.750172138214111,Base coefficient,0.9982037881588041,false
25,1,13,Transitions,transitions,Engaged → Disengaged,cumulative_reward,0.5815221667289734,0.5815221667289734,Base coefficient,0.9982037881588041,false
25,1,13,Transitions,transitions,Engaged → Disengaged,drug_z,0.8028652667999268,1.6086199283599854,Drug − saline contrast,0.9982037881588041,false
25,1,13,Transitions,transitions,Disengaged → Engaged,bias,-5.683159351348877,-5.683159351348877,Base coefficient,0.9982037881588041,false
25,1,13,Transitions,transitions,Disengaged → Engaged,cumulative_reward,-1.0263843536376953,-1.0263843536376953,Base coefficient,0.9982037881588041,false
25,1,13,Transitions,transitions,Disengaged → Engaged,drug_z,-0.9037635922431946,-1.8107796907424927,Drug − saline contrast,0.9982037881588041,false
25,1,14,Emissions,emissions,Engaged,stim_param,1.0966626405715942,1.0966626405715942,Base coefficient,0.9977128505823785,false
25,1,14,Emissions,emissions,Engaged,choice_lag_param,0.8647328615188599,0.8647328615188599,Base coefficient,0.9977128505823785,false
25,1,14,Emissions,emissions,Engaged,bias,-0.12618519365787506,-0.12618519365787506,Base coefficient,0.9977128505823785,false
25,1,14,Emissions,emissions,Engaged,drug_z_x_stim_param,-0.05943847447633743,-0.11914946138858795,Drug − saline contrast,0.9977128505823785,false
25,1,14,Emissions,emissions,Engaged,drug_z_x_choice_lag_param,0.10794959962368011,0.21639412641525269,Drug − saline contrast,0.9977128505823785,false
25,1,14,Emissions,emissions,Disengaged,stim_param,0.0,0.0,Base coefficient,0.9977128505823785,true
25,1,14,Emissions,emissions,Disengaged,choice_lag_param,1.5341150760650635,1.5341150760650635,Base coefficient,0.9977128505823785,false
25,1,14,Emissions,emissions,Disengaged,bias,0.11709249764680862,0.11709249764680862,Base coefficient,0.9977128505823785,false
25,1,14,Emissions,emissions,Disengaged,drug_z_x_stim_param,0.0,0.0,Drug − saline contrast,0.9977128505823785,true
25,1,14,Emissions,emissions,Disengaged,drug_z_x_choice_lag_param,-0.000019305100067867897,-0.00003869870852213353,Drug − saline contrast,0.9977128505823785,false
25,1,14,Transitions,transitions,Engaged → Disengaged,bias,-7.004720687866211,-7.004720687866211,Base coefficient,0.9977128505823785,false
25,1,14,Transitions,transitions,Engaged → Disengaged,cumulative_reward,1.3924164772033691,1.3924164772033691,Base coefficient,0.9977128505823785,false
25,1,14,Transitions,transitions,Engaged → Disengaged,drug_z,0.5305376052856445,1.0635075569152832,Drug − saline contrast,0.9977128505823785,false
25,1,14,Transitions,transitions,Disengaged → Engaged,bias,-5.385232925415039,-5.385232925415039,Base coefficient,0.9977128505823785,false
25,1,14,Transitions,transitions,Disengaged → Engaged,cumulative_reward,-0.940550684928894,-0.940550684928894,Base coefficient,0.9977128505823785,false
25,1,14,Transitions,transitions,Disengaged → Engaged,drug_z,-0.8380396962165833,-1.6799216270446777,Drug − saline contrast,0.9977128505823785,false
25,1,15,Emissions,emissions,Engaged,stim_param,1.1272293329238892,1.1272293329238892,Base coefficient,0.9982464836765104,false
25,1,15,Emissions,emissions,Engaged,choice_lag_param,0.8991977572441101,0.8991977572441101,Base coefficient,0.9982464836765104,false
25,1,15,Emissions,emissions,Engaged,bias,-0.16228429973125458,-0.16228429973125458,Base coefficient,0.9982464836765104,false
25,1,15,Emissions,emissions,Engaged,drug_z_x_stim_param,-0.08236569166183472,-0.16502074897289276,Drug − saline contrast,0.9982464836765104,false
25,1,15,Emissions,emissions,Engaged,drug_z_x_choice_lag_param,0.08097682893276215,0.16223815083503723,Drug − saline contrast,0.9982464836765104,false
25,1,15,Emissions,emissions,Disengaged,stim_param,0.0,0.0,Base coefficient,0.9982464836765104,true
25,1,15,Emissions,emissions,Disengaged,choice_lag_param,1.5788546800613403,1.5788546800613403,Base coefficient,0.9982464836765104,false
25,1,15,Emissions,emissions,Disengaged,bias,0.19456644356250763,0.19456644356250763,Base coefficient,0.9982464836765104,false
25,1,15,Emissions,emissions,Disengaged,drug_z_x_stim_param,0.0,0.0,Drug − saline contrast,0.9982464836765104,true
25,1,15,Emissions,emissions,Disengaged,drug_z_x_choice_lag_param,0.010248327627778053,0.02053266018629074,Drug − saline contrast,0.9982464836765104,false
25,1,15,Transitions,transitions,Engaged → Disengaged,bias,-7.012096405029297,-7.012096405029297,Base coefficient,0.9982464836765104,false
25,1,15,Transitions,transitions,Engaged → Disengaged,cumulative_reward,1.4598056077957153,1.4598056077957153,Base coefficient,0.9982464836765104,false
25,1,15,Transitions,transitions,Engaged → Disengaged,drug_z,0.35846757888793945,0.7181945443153381,Drug − saline contrast,0.9982464836765104,false
25,1,15,Transitions,transitions,Disengaged → Engaged,bias,-5.706360340118408,-5.706360340118408,Base coefficient,0.9982464836765104,false
25,1,15,Transitions,transitions,Disengaged → Engaged,cumulative_reward,-1.1175694465637207,-1.1175694465637207,Base coefficient,0.9982464836765104,false
25,1,15,Transitions,transitions,Disengaged → Engaged,drug_z,-1.0773088932037354,-2.158402681350708,Drug − saline contrast,0.9982464836765104,false
25,1,16,Emissions,emissions,Engaged,stim_param,1.0969531536102295,1.0969531536102295,Base coefficient,0.9977612862279209,false
25,1,16,Emissions,emissions,Engaged,choice_lag_param,0.8671330809593201,0.8671330809593201,Base coefficient,0.9977612862279209,false
25,1,16,Emissions,emissions,Engaged,bias,-0.11947941780090332,-0.11947941780090332,Base coefficient,0.9977612862279209,false
25,1,16,Emissions,emissions,Engaged,drug_z_x_stim_param,-0.052880194038152695,-0.10599768161773682,Drug − saline contrast,0.9977612862279209,false
25,1,16,Emissions,emissions,Engaged,drug_z_x_choice_lag_param,0.11448048800230026,0.22947469353675842,Drug − saline contrast,0.9977612862279209,false
25,1,16,Emissions,emissions,Disengaged,stim_param,0.0,0.0,Base coefficient,0.9977612862279209,true
25,1,16,Emissions,emissions,Disengaged,choice_lag_param,1.5947586297988892,1.5947586297988892,Base coefficient,0.9977612862279209,false
25,1,16,Emissions,emissions,Disengaged,bias,0.16676141321659088,0.16676141321659088,Base coefficient,0.9977612862279209,false
25,1,16,Emissions,emissions,Disengaged,drug_z_x_stim_param,0.0,0.0,Drug − saline contrast,0.9977612862279209,true
25,1,16,Emissions,emissions,Disengaged,drug_z_x_choice_lag_param,0.003590738633647561,0.007197590544819832,Drug − saline contrast,0.9977612862279209,false
25,1,16,Transitions,transitions,Engaged → Disengaged,bias,-7.078409194946289,-7.078409194946289,Base coefficient,0.9977612862279209,false
25,1,16,Transitions,transitions,Engaged → Disengaged,cumulative_reward,1.3285293579101562,1.3285293579101562,Base coefficient,0.9977612862279209,false
25,1,16,Transitions,transitions,Engaged → Disengaged,drug_z,0.5277263522148132,1.0578207969665527,Drug − saline contrast,0.9977612862279209,false
25,1,16,Transitions,transitions,Disengaged → Engaged,bias,-8.017471313476562,-8.017471313476562,Base coefficient,0.9977612862279209,false
25,1,16,Transitions,transitions,Disengaged → Engaged,cumulative_reward,-3.0073049068450928,-3.0073049068450928,Base coefficient,0.9977612862279209,false
25,1,16,Transitions,transitions,Disengaged → Engaged,drug_z,-0.9556761980056763,-1.915640950202942,Drug − saline contrast,0.9977612862279209,false
25,1,17,Emissions,emissions,Engaged,stim_param,1.095992088317871,1.095992088317871,Base coefficient,0.9984776966925677,false
25,1,17,Emissions,emissions,Engaged,choice_lag_param,0.879668116569519,0.879668116569519,Base coefficient,0.9984776966925677,false
25,1,17,Emissions,emissions,Engaged,bias,-0.12118183076381683,-0.12118183076381683,Base coefficient,0.9984776966925677,false
25,1,17,Emissions,emissions,Engaged,drug_z_x_stim_param,-0.057302262634038925,-0.11477925628423691,Drug − saline contrast,0.9984776966925677,false
25,1,17,Emissions,emissions,Engaged,drug_z_x_choice_lag_param,0.10541699081659317,0.21115542948246002,Drug − saline contrast,0.9984776966925677,false
25,1,17,Emissions,emissions,Disengaged,stim_param,0.0,0.0,Base coefficient,0.9984776966925677,true
25,1,17,Emissions,emissions,Disengaged,choice_lag_param,1.5581341981887817,1.5581341981887817,Base coefficient,0.9984776966925677,false
25,1,17,Emissions,emissions,Disengaged,bias,0.2558082342147827,0.2558082342147827,Base coefficient,0.9984776966925677,false
25,1,17,Emissions,emissions,Disengaged,drug_z_x_stim_param,0.0,0.0,Drug − saline contrast,0.9984776966925677,true
25,1,17,Emissions,emissions,Disengaged,drug_z_x_choice_lag_param,0.010278100147843361,0.020587541162967682,Drug − saline contrast,0.9984776966925677,false
25,1,17,Transitions,transitions,Engaged → Disengaged,bias,-9.44356918334961,-9.44356918334961,Base coefficient,0.9984776966925677,false
25,1,17,Transitions,transitions,Engaged → Disengaged,cumulative_reward,3.2043423652648926,3.2043423652648926,Base coefficient,0.9984776966925677,false
25,1,17,Transitions,transitions,Engaged → Disengaged,drug_z,0.8883804082870483,1.7794697284698486,Drug − saline contrast,0.9984776966925677,false
25,1,17,Transitions,transitions,Disengaged → Engaged,bias,-5.73446798324585,-5.73446798324585,Base coefficient,0.9984776966925677,false
25,1,17,Transitions,transitions,Disengaged → Engaged,cumulative_reward,-1.0215955972671509,-1.0215955972671509,Base coefficient,0.9984776966925677,false
25,1,17,Transitions,transitions,Disengaged → Engaged,drug_z,-1.1670011281967163,-2.3375606536865234,Drug − saline contrast,0.9984776966925677,false
25,1,18,Emissions,emissions,Engaged,stim_param,1.0949891805648804,1.0949891805648804,Base coefficient,0.9978407151652456,false
25,1,18,Emissions,emissions,Engaged,choice_lag_param,0.8666945099830627,0.8666945099830627,Base coefficient,0.9978407151652456,false
25,1,18,Emissions,emissions,Engaged,bias,-0.12935394048690796,-0.12935394048690796,Base coefficient,0.9978407151652456,false
25,1,18,Emissions,emissions,Engaged,drug_z_x_stim_param,-0.0596519336104393,-0.11956203728914261,Drug − saline contrast,0.9978407151652456,false
25,1,18,Emissions,emissions,Engaged,drug_z_x_choice_lag_param,0.11114975064992905,0.22278055548667908,Drug − saline contrast,0.9978407151652456,false
25,1,18,Emissions,emissions,Disengaged,stim_param,0.0,0.0,Base coefficient,0.9978407151652456,true
25,1,18,Emissions,emissions,Disengaged,choice_lag_param,1.5669273138046265,1.5669273138046265,Base coefficient,0.9978407151652456,false
25,1,18,Emissions,emissions,Disengaged,bias,0.2851763367652893,0.2851763367652893,Base coefficient,0.9978407151652456,false
25,1,18,Emissions,emissions,Disengaged,drug_z_x_stim_param,0.0,0.0,Drug − saline contrast,0.9978407151652456,true
25,1,18,Emissions,emissions,Disengaged,drug_z_x_choice_lag_param,-0.016089068725705147,-0.032247770577669144,Drug − saline contrast,0.9978407151652456,false
25,1,18,Transitions,transitions,Engaged → Disengaged,bias,-6.843142986297607,-6.843142986297607,Base coefficient,0.9978407151652456,false
25,1,18,Transitions,transitions,Engaged → Disengaged,cumulative_reward,1.1733598709106445,1.1733598709106445,Base coefficient,0.9978407151652456,false
25,1,18,Transitions,transitions,Engaged → Disengaged,drug_z,0.5158863067626953,1.0340052843093872,Drug − saline contrast,0.9978407151652456,false
25,1,18,Transitions,transitions,Disengaged → Engaged,bias,-5.392736911773682,-5.392736911773682,Base coefficient,0.9978407151652456,false
25,1,18,Transitions,transitions,Disengaged → Engaged,cumulative_reward,-0.9849416613578796,-0.9849416613578796,Base coefficient,0.9978407151652456,false
25,1,18,Transitions,transitions,Disengaged → Engaged,drug_z,-0.8238011598587036,-1.651167631149292,Drug − saline contrast,0.9978407151652456,false
