subject,repeat,fold,model,component,group,feature,raw_weight,weight,weight_kind,drug_train_sd,fixed
C37,1,1,Emissions,emissions,Engaged,bias,0.14249445497989655,0.14249445497989655,Base coefficient,0.739682537257316,false
C37,1,1,Emissions,emissions,Engaged,stim_x_delay_param,1.178619384765625,1.178619384765625,Base coefficient,0.739682537257316,false
C37,1,1,Emissions,emissions,Engaged,choice_lag_param,0.8635616898536682,0.8635616898536682,Base coefficient,0.739682537257316,false
C37,1,1,Emissions,emissions,Engaged,drug_z_x_stim_x_delay_param,-0.20598922669887543,-0.5569665431976318,Drug − saline contrast,0.739682537257316,false
C37,1,1,Emissions,emissions,Engaged,drug_z_x_choice_lag_param,0.21819546818733215,0.589970588684082,Drug − saline contrast,0.739682537257316,false
C37,1,1,Emissions,emissions,Disengaged,bias,0.007144042756408453,0.007144042756408453,Base coefficient,0.739682537257316,false
C37,1,1,Emissions,emissions,Disengaged,stim_x_delay_param,0.0,0.0,Base coefficient,0.739682537257316,true
C37,1,1,Emissions,emissions,Disengaged,choice_lag_param,1.1259214878082275,1.1259214878082275,Base coefficient,0.739682537257316,false
C37,1,1,Emissions,emissions,Disengaged,drug_z_x_stim_x_delay_param,0.0,0.0,Drug − saline contrast,0.739682537257316,true
C37,1,1,Emissions,emissions,Disengaged,drug_z_x_choice_lag_param,-0.06737799197435379,-0.18218083679676056,Drug − saline contrast,0.739682537257316,false
C37,1,1,Transitions,transitions,Engaged → Disengaged,bias,-5.418602466583252,-5.418602466583252,Base coefficient,0.739682537257316,false
C37,1,1,Transitions,transitions,Engaged → Disengaged,cumulative_reward,-0.4720073342323303,-0.4720073342323303,Base coefficient,0.739682537257316,false
C37,1,1,Transitions,transitions,Engaged → Disengaged,drug_z,1.6036807298660278,4.336132526397705,Drug − saline contrast,0.739682537257316,false
C37,1,1,Transitions,transitions,Disengaged → Engaged,bias,-4.525296211242676,-4.525296211242676,Base coefficient,0.739682537257316,false
C37,1,1,Transitions,transitions,Disengaged → Engaged,cumulative_reward,-0.8723899722099304,-0.8723899722099304,Base coefficient,0.739682537257316,false
C37,1,1,Transitions,transitions,Disengaged → Engaged,drug_z,0.5143089294433594,1.3906207084655762,Drug − saline contrast,0.739682537257316,false
C37,1,2,Emissions,emissions,Engaged,bias,0.14734868705272675,0.14734868705272675,Base coefficient,0.7428196937250712,false
C37,1,2,Emissions,emissions,Engaged,stim_x_delay_param,1.1801031827926636,1.1801031827926636,Base coefficient,0.7428196937250712,false
C37,1,2,Emissions,emissions,Engaged,choice_lag_param,0.8629163503646851,0.8629163503646851,Base coefficient,0.7428196937250712,false
C37,1,2,Emissions,emissions,Engaged,drug_z_x_stim_x_delay_param,-0.20489081740379333,-0.55165696144104,Drug − saline contrast,0.7428196937250712,false
C37,1,2,Emissions,emissions,Engaged,drug_z_x_choice_lag_param,0.2240387350320816,0.6032116413116455,Drug − saline contrast,0.7428196937250712,false
C37,1,2,Emissions,emissions,Disengaged,bias,0.007859423756599426,0.007859423756599426,Base coefficient,0.7428196937250712,false
C37,1,2,Emissions,emissions,Disengaged,stim_x_delay_param,0.0,0.0,Base coefficient,0.7428196937250712,true
C37,1,2,Emissions,emissions,Disengaged,choice_lag_param,1.12639582157135,1.12639582157135,Base coefficient,0.7428196937250712,false
C37,1,2,Emissions,emissions,Disengaged,drug_z_x_stim_x_delay_param,0.0,0.0,Drug − saline contrast,0.7428196937250712,true
C37,1,2,Emissions,emissions,Disengaged,drug_z_x_choice_lag_param,-0.06712151318788528,-0.18072088062763214,Drug − saline contrast,0.7428196937250712,false
C37,1,2,Transitions,transitions,Engaged → Disengaged,bias,-5.3384528160095215,-5.3384528160095215,Base coefficient,0.7428196937250712,false
C37,1,2,Transitions,transitions,Engaged → Disengaged,cumulative_reward,-0.4256252944469452,-0.4256252944469452,Base coefficient,0.7428196937250712,false
C37,1,2,Transitions,transitions,Engaged → Disengaged,drug_z,1.5900425910949707,4.281099796295166,Drug − saline contrast,0.7428196937250712,false
C37,1,2,Transitions,transitions,Disengaged → Engaged,bias,-4.478625297546387,-4.478625297546387,Base coefficient,0.7428196937250712,false
C37,1,2,Transitions,transitions,Disengaged → Engaged,cumulative_reward,-0.8558205962181091,-0.8558205962181091,Base coefficient,0.7428196937250712,false
C37,1,2,Transitions,transitions,Disengaged → Engaged,drug_z,0.5023154616355896,1.352455973625183,Drug − saline contrast,0.7428196937250712,false
C37,1,3,Emissions,emissions,Engaged,bias,0.21634846925735474,0.21634846925735474,Base coefficient,0.7425043253863476,false
C37,1,3,Emissions,emissions,Engaged,stim_x_delay_param,1.2041016817092896,1.2041016817092896,Base coefficient,0.7425043253863476,false
C37,1,3,Emissions,emissions,Engaged,choice_lag_param,0.8446614742279053,0.8446614742279053,Base coefficient,0.7425043253863476,false
C37,1,3,Emissions,emissions,Engaged,drug_z_x_stim_x_delay_param,-0.19508551061153412,-0.525479793548584,Drug − saline contrast,0.7425043253863476,false
C37,1,3,Emissions,emissions,Engaged,drug_z_x_choice_lag_param,0.2291477471590042,0.6172294020652771,Drug − saline contrast,0.7425043253863476,false
C37,1,3,Emissions,emissions,Disengaged,bias,-0.012672662734985352,-0.012672662734985352,Base coefficient,0.7425043253863476,false
C37,1,3,Emissions,emissions,Disengaged,stim_x_delay_param,0.0,0.0,Base coefficient,0.7425043253863476,true
C37,1,3,Emissions,emissions,Disengaged,choice_lag_param,1.1231906414031982,1.1231906414031982,Base coefficient,0.7425043253863476,false
C37,1,3,Emissions,emissions,Disengaged,drug_z_x_stim_x_delay_param,0.0,0.0,Drug − saline contrast,0.7425043253863476,true
C37,1,3,Emissions,emissions,Disengaged,drug_z_x_choice_lag_param,-0.05650917813181877,-0.15221239626407623,Drug − saline contrast,0.7425043253863476,false
C37,1,3,Transitions,transitions,Engaged → Disengaged,bias,-5.5234599113464355,-5.5234599113464355,Base coefficient,0.7425043253863476,false
C37,1,3,Transitions,transitions,Engaged → Disengaged,cumulative_reward,-0.11461096256971359,-0.11461096256971359,Base coefficient,0.7425043253863476,false
C37,1,3,Transitions,transitions,Engaged → Disengaged,drug_z,1.7871484756469727,4.813839912414551,Drug − saline contrast,0.7425043253863476,false
C37,1,3,Transitions,transitions,Disengaged → Engaged,bias,-4.74724006652832,-4.74724006652832,Base coefficient,0.7425043253863476,false
C37,1,3,Transitions,transitions,Disengaged → Engaged,cumulative_reward,-0.7443647384643555,-0.7443647384643555,Base coefficient,0.7425043253863476,false
C37,1,3,Transitions,transitions,Disengaged → Engaged,drug_z,0.7007418870925903,1.8875093460083008,Drug − saline contrast,0.7425043253863476,false
C37,1,4,Emissions,emissions,Engaged,bias,0.17735601961612701,0.17735601961612701,Base coefficient,0.7413249744496792,false
C37,1,4,Emissions,emissions,Engaged,stim_x_delay_param,1.1708329916000366,1.1708329916000366,Base coefficient,0.7413249744496792,false
C37,1,4,Emissions,emissions,Engaged,choice_lag_param,0.8626934885978699,0.8626934885978699,Base coefficient,0.7413249744496792,false
C37,1,4,Emissions,emissions,Engaged,drug_z_x_stim_x_delay_param,-0.2006407231092453,-0.5413030385971069,Drug − saline contrast,0.7413249744496792,false
C37,1,4,Emissions,emissions,Engaged,drug_z_x_choice_lag_param,0.21703441441059113,0.5855311155319214,Drug − saline contrast,0.7413249744496792,false
C37,1,4,Emissions,emissions,Disengaged,bias,-0.01312379539012909,-0.01312379539012909,Base coefficient,0.7413249744496792,false
C37,1,4,Emissions,emissions,Disengaged,stim_x_delay_param,0.0,0.0,Base coefficient,0.7413249744496792,true
C37,1,4,Emissions,emissions,Disengaged,choice_lag_param,1.1141202449798584,1.1141202449798584,Base coefficient,0.7413249744496792,false
C37,1,4,Emissions,emissions,Disengaged,drug_z_x_stim_x_delay_param,0.0,0.0,Drug − saline contrast,0.7413249744496792,true
C37,1,4,Emissions,emissions,Disengaged,drug_z_x_choice_lag_param,-0.059780292212963104,-0.1612795889377594,Drug − saline contrast,0.7413249744496792,false
C37,1,4,Transitions,transitions,Engaged → Disengaged,bias,-5.478221416473389,-5.478221416473389,Base coefficient,0.7413249744496792,false
C37,1,4,Transitions,transitions,Engaged → Disengaged,cumulative_reward,-0.3181073069572449,-0.3181073069572449,Base coefficient,0.7413249744496792,false
C37,1,4,Transitions,transitions,Engaged → Disengaged,drug_z,1.686668038368225,4.5504150390625,Drug − saline contrast,0.7413249744496792,false
C37,1,4,Transitions,transitions,Disengaged → Engaged,bias,-4.678603172302246,-4.678603172302246,Base coefficient,0.7413249744496792,false
C37,1,4,Transitions,transitions,Disengaged → Engaged,cumulative_reward,-0.8493936061859131,-0.8493936061859131,Base coefficient,0.7413249744496792,false
C37,1,4,Transitions,transitions,Disengaged → Engaged,drug_z,0.6195317506790161,1.671417474746704,Drug − saline contrast,0.7413249744496792,false
C37,1,5,Emissions,emissions,Engaged,bias,0.19046902656555176,0.19046902656555176,Base coefficient,0.7444814532974209,false
C37,1,5,Emissions,emissions,Engaged,stim_x_delay_param,1.2043766975402832,1.2043766975402832,Base coefficient,0.7444814532974209,false
C37,1,5,Emissions,emissions,Engaged,choice_lag_param,0.8957818746566772,0.8957818746566772,Base coefficient,0.7444814532974209,false
C37,1,5,Emissions,emissions,Engaged,drug_z_x_stim_x_delay_param,-0.21223793923854828,-0.5701631307601929,Drug − saline contrast,0.7444814532974209,false
C37,1,5,Emissions,emissions,Engaged,drug_z_x_choice_lag_param,0.20415988564491272,0.5484619736671448,Drug − saline contrast,0.7444814532974209,false
C37,1,5,Emissions,emissions,Disengaged,bias,-0.026992876082658768,-0.026992876082658768,Base coefficient,0.7444814532974209,false
C37,1,5,Emissions,emissions,Disengaged,stim_x_delay_param,0.0,0.0,Base coefficient,0.7444814532974209,true
C37,1,5,Emissions,emissions,Disengaged,choice_lag_param,1.1107327938079834,1.1107327938079834,Base coefficient,0.7444814532974209,false
C37,1,5,Emissions,emissions,Disengaged,drug_z_x_stim_x_delay_param,0.0,0.0,Drug − saline contrast,0.7444814532974209,true
C37,1,5,Emissions,emissions,Disengaged,drug_z_x_choice_lag_param,-0.05734129995107651,-0.15404359996318817,Drug − saline contrast,0.7444814532974209,false
C37,1,5,Transitions,transitions,Engaged → Disengaged,bias,-5.5864481925964355,-5.5864481925964355,Base coefficient,0.7444814532974209,false
C37,1,5,Transitions,transitions,Engaged → Disengaged,cumulative_reward,-0.10233785212039948,-0.10233785212039948,Base coefficient,0.7444814532974209,false
C37,1,5,Transitions,transitions,Engaged → Disengaged,drug_z,1.851003646850586,4.972598552703857,Drug − saline contrast,0.7444814532974209,false
C37,1,5,Transitions,transitions,Disengaged → Engaged,bias,-4.818665981292725,-4.818665981292725,Base coefficient,0.7444814532974209,false
C37,1,5,Transitions,transitions,Disengaged → Engaged,cumulative_reward,-0.7000246644020081,-0.7000246644020081,Base coefficient,0.7444814532974209,false
C37,1,5,Transitions,transitions,Disengaged → Engaged,drug_z,0.7980338931083679,2.1438651084899902,Drug − saline contrast,0.7444814532974209,false
C37,1,6,Emissions,emissions,Engaged,bias,0.22090710699558258,0.22090710699558258,Base coefficient,0.7337453248065369,false
C37,1,6,Emissions,emissions,Engaged,stim_x_delay_param,1.2290425300598145,1.2290425300598145,Base coefficient,0.7337453248065369,false
C37,1,6,Emissions,emissions,Engaged,choice_lag_param,0.8951379060745239,0.8951379060745239,Base coefficient,0.7337453248065369,false
C37,1,6,Emissions,emissions,Engaged,drug_z_x_stim_x_delay_param,-0.20451228320598602,-0.557447612285614,Drug − saline contrast,0.7337453248065369,false
C37,1,6,Emissions,emissions,Engaged,drug_z_x_choice_lag_param,0.20595847070217133,0.5613895058631897,Drug − saline contrast,0.7337453248065369,false
C37,1,6,Emissions,emissions,Disengaged,bias,-0.017184657976031303,-0.017184657976031303,Base coefficient,0.7337453248065369,false
C37,1,6,Emissions,emissions,Disengaged,stim_x_delay_param,0.0,0.0,Base coefficient,0.7337453248065369,true
C37,1,6,Emissions,emissions,Disengaged,choice_lag_param,1.1061094999313354,1.1061094999313354,Base coefficient,0.7337453248065369,false
C37,1,6,Emissions,emissions,Disengaged,drug_z_x_stim_x_delay_param,0.0,0.0,Drug − saline contrast,0.7337453248065369,true
C37,1,6,Emissions,emissions,Disengaged,drug_z_x_choice_lag_param,-0.04590364173054695,-0.12512145936489105,Drug − saline contrast,0.7337453248065369,false
C37,1,6,Transitions,transitions,Engaged → Disengaged,bias,-5.488965034484863,-5.488965034484863,Base coefficient,0.7337453248065369,false
C37,1,6,Transitions,transitions,Engaged → Disengaged,cumulative_reward,-0.44773632287979126,-0.44773632287979126,Base coefficient,0.7337453248065369,false
C37,1,6,Transitions,transitions,Engaged → Disengaged,drug_z,1.6377391815185547,4.464053630828857,Drug − saline contrast,0.7337453248065369,false
C37,1,6,Transitions,transitions,Disengaged → Engaged,bias,-4.700159072875977,-4.700159072875977,Base coefficient,0.7337453248065369,false
C37,1,6,Transitions,transitions,Disengaged → Engaged,cumulative_reward,-0.9450665712356567,-0.9450665712356567,Base coefficient,0.7337453248065369,false
C37,1,6,Transitions,transitions,Disengaged → Engaged,drug_z,0.5672692060470581,1.5462291240692139,Drug − saline contrast,0.7337453248065369,false
C37,1,7,Emissions,emissions,Engaged,bias,0.19388648867607117,0.19388648867607117,Base coefficient,0.7447196839595525,false
C37,1,7,Emissions,emissions,Engaged,stim_x_delay_param,1.1970586776733398,1.1970586776733398,Base coefficient,0.7447196839595525,false
C37,1,7,Emissions,emissions,Engaged,choice_lag_param,0.9135261178016663,0.9135261178016663,Base coefficient,0.7447196839595525,false
C37,1,7,Emissions,emissions,Engaged,drug_z_x_stim_x_delay_param,-0.2119109034538269,-0.5691024661064148,Drug − saline contrast,0.7447196839595525,false
C37,1,7,Emissions,emissions,Engaged,drug_z_x_choice_lag_param,0.18953201174736023,0.5090022683143616,Drug − saline contrast,0.7447196839595525,false
C37,1,7,Emissions,emissions,Disengaged,bias,-0.020864425227046013,-0.020864425227046013,Base coefficient,0.7447196839595525,false
C37,1,7,Emissions,emissions,Disengaged,stim_x_delay_param,0.0,0.0,Base coefficient,0.7447196839595525,true
C37,1,7,Emissions,emissions,Disengaged,choice_lag_param,1.093014121055603,1.093014121055603,Base coefficient,0.7447196839595525,false
C37,1,7,Emissions,emissions,Disengaged,drug_z_x_stim_x_delay_param,0.0,0.0,Drug − saline contrast,0.7447196839595525,true
C37,1,7,Emissions,emissions,Disengaged,drug_z_x_choice_lag_param,-0.04340379685163498,-0.11656411737203598,Drug − saline contrast,0.7447196839595525,false
C37,1,7,Transitions,transitions,Engaged → Disengaged,bias,-5.669191837310791,-5.669191837310791,Base coefficient,0.7447196839595525,false
C37,1,7,Transitions,transitions,Engaged → Disengaged,cumulative_reward,-0.5181629061698914,-0.5181629061698914,Base coefficient,0.7447196839595525,false
C37,1,7,Transitions,transitions,Engaged → Disengaged,drug_z,1.7395907640457153,4.671800136566162,Drug − saline contrast,0.7447196839595525,false
C37,1,7,Transitions,transitions,Disengaged → Engaged,bias,-4.8181047439575195,-4.8181047439575195,Base coefficient,0.7447196839595525,false
C37,1,7,Transitions,transitions,Disengaged → Engaged,cumulative_reward,-0.9475298523902893,-0.9475298523902893,Base coefficient,0.7447196839595525,false
C37,1,7,Transitions,transitions,Disengaged → Engaged,drug_z,0.6593255400657654,1.7706676721572876,Drug − saline contrast,0.7447196839595525,false
C37,1,8,Emissions,emissions,Engaged,bias,0.20561282336711884,0.20561282336711884,Base coefficient,0.7295845927624314,false
C37,1,8,Emissions,emissions,Engaged,stim_x_delay_param,1.179139256477356,1.179139256477356,Base coefficient,0.7295845927624314,false
C37,1,8,Emissions,emissions,Engaged,choice_lag_param,0.8754918575286865,0.8754918575286865,Base coefficient,0.7295845927624314,false
C37,1,8,Emissions,emissions,Engaged,drug_z_x_stim_x_delay_param,-0.19820229709148407,-0.5433291792869568,Drug − saline contrast,0.7295845927624314,false
C37,1,8,Emissions,emissions,Engaged,drug_z_x_choice_lag_param,0.20563724637031555,0.5637105107307434,Drug − saline contrast,0.7295845927624314,false
C37,1,8,Emissions,emissions,Disengaged,bias,-0.020857861265540123,-0.020857861265540123,Base coefficient,0.7295845927624314,false
C37,1,8,Emissions,emissions,Disengaged,stim_x_delay_param,0.0,0.0,Base coefficient,0.7295845927624314,true
C37,1,8,Emissions,emissions,Disengaged,choice_lag_param,1.1062699556350708,1.1062699556350708,Base coefficient,0.7295845927624314,false
C37,1,8,Emissions,emissions,Disengaged,drug_z_x_stim_x_delay_param,0.0,0.0,Drug − saline contrast,0.7295845927624314,true
C37,1,8,Emissions,emissions,Disengaged,drug_z_x_choice_lag_param,-0.05309297889471054,-0.14554303884506226,Drug − saline contrast,0.7295845927624314,false
C37,1,8,Transitions,transitions,Engaged → Disengaged,bias,-5.54514741897583,-5.54514741897583,Base coefficient,0.7295845927624314,false
C37,1,8,Transitions,transitions,Engaged → Disengaged,cumulative_reward,-0.3538984954357147,-0.3538984954357147,Base coefficient,0.7295845927624314,false
C37,1,8,Transitions,transitions,Engaged → Disengaged,drug_z,1.6703741550445557,4.578973293304443,Drug − saline contrast,0.7295845927624314,false
C37,1,8,Transitions,transitions,Disengaged → Engaged,bias,-4.716893196105957,-4.716893196105957,Base coefficient,0.7295845927624314,false
C37,1,8,Transitions,transitions,Disengaged → Engaged,cumulative_reward,-0.896256148815155,-0.896256148815155,Base coefficient,0.7295845927624314,false
C37,1,8,Transitions,transitions,Disengaged → Engaged,drug_z,0.6096763014793396,1.6712970733642578,Drug − saline contrast,0.7295845927624314,false
C37,1,9,Emissions,emissions,Engaged,bias,0.16982239484786987,0.16982239484786987,Base coefficient,0.7381276264786741,false
C37,1,9,Emissions,emissions,Engaged,stim_x_delay_param,1.1858361959457397,1.1858361959457397,Base coefficient,0.7381276264786741,false
C37,1,9,Emissions,emissions,Engaged,choice_lag_param,0.8616321682929993,0.8616321682929993,Base coefficient,0.7381276264786741,false
C37,1,9,Emissions,emissions,Engaged,drug_z_x_stim_x_delay_param,-0.20567277073860168,-0.5572823882102966,Drug − saline contrast,0.7381276264786741,false
C37,1,9,Emissions,emissions,Engaged,drug_z_x_choice_lag_param,0.21967150270938873,0.5952127575874329,Drug − saline contrast,0.7381276264786741,false
C37,1,9,Emissions,emissions,Disengaged,bias,0.0004267281910870224,0.0004267281910870224,Base coefficient,0.7381276264786741,false
C37,1,9,Emissions,emissions,Disengaged,stim_x_delay_param,0.0,0.0,Base coefficient,0.7381276264786741,true
C37,1,9,Emissions,emissions,Disengaged,choice_lag_param,1.121105432510376,1.121105432510376,Base coefficient,0.7381276264786741,false
C37,1,9,Emissions,emissions,Disengaged,drug_z_x_stim_x_delay_param,0.0,0.0,Drug − saline contrast,0.7381276264786741,true
C37,1,9,Emissions,emissions,Disengaged,drug_z_x_choice_lag_param,-0.06274136900901794,-0.17000140249729156,Drug − saline contrast,0.7381276264786741,false
C37,1,9,Transitions,transitions,Engaged → Disengaged,bias,-5.395201683044434,-5.395201683044434,Base coefficient,0.7381276264786741,false
C37,1,9,Transitions,transitions,Engaged → Disengaged,cumulative_reward,-0.39708974957466125,-0.39708974957466125,Base coefficient,0.7381276264786741,false
C37,1,9,Transitions,transitions,Engaged → Disengaged,drug_z,1.6178172826766968,4.383570671081543,Drug − saline contrast,0.7381276264786741,false
C37,1,9,Transitions,transitions,Disengaged → Engaged,bias,-4.536732196807861,-4.536732196807861,Base coefficient,0.7381276264786741,false
C37,1,9,Transitions,transitions,Disengaged → Engaged,cumulative_reward,-0.8381677269935608,-0.8381677269935608,Base coefficient,0.7381276264786741,false
C37,1,9,Transitions,transitions,Disengaged → Engaged,drug_z,0.5375596284866333,1.4565492868423462,Drug − saline contrast,0.7381276264786741,false
C37,1,10,Emissions,emissions,Engaged,bias,0.18952541053295135,0.18952541053295135,Base coefficient,0.7390594867219955,false
C37,1,10,Emissions,emissions,Engaged,stim_x_delay_param,1.1766562461853027,1.1766562461853027,Base coefficient,0.7390594867219955,false
C37,1,10,Emissions,emissions,Engaged,choice_lag_param,0.9311872124671936,0.9311872124671936,Base coefficient,0.7390594867219955,false
C37,1,10,Emissions,emissions,Engaged,drug_z_x_stim_x_delay_param,-0.20814202725887299,-0.563261866569519,Drug − saline contrast,0.7390594867219955,false
C37,1,10,Emissions,emissions,Engaged,drug_z_x_choice_lag_param,0.13791222870349884,0.373210072517395,Drug − saline contrast,0.7390594867219955,false
C37,1,10,Emissions,emissions,Disengaged,bias,-0.1466570496559143,-0.1466570496559143,Base coefficient,0.7390594867219955,false
C37,1,10,Emissions,emissions,Disengaged,stim_x_delay_param,0.0,0.0,Base coefficient,0.7390594867219955,true
C37,1,10,Emissions,emissions,Disengaged,choice_lag_param,1.06367027759552,1.06367027759552,Base coefficient,0.7390594867219955,false
C37,1,10,Emissions,emissions,Disengaged,drug_z_x_stim_x_delay_param,0.0,0.0,Drug − saline contrast,0.7390594867219955,true
C37,1,10,Emissions,emissions,Disengaged,drug_z_x_choice_lag_param,-0.038385722786188126,-0.10387721657752991,Drug − saline contrast,0.7390594867219955,false
C37,1,10,Transitions,transitions,Engaged → Disengaged,bias,-8.081889152526855,-8.081889152526855,Base coefficient,0.7390594867219955,false
C37,1,10,Transitions,transitions,Engaged → Disengaged,cumulative_reward,1.9784432649612427,1.9784432649612427,Base coefficient,0.7390594867219955,false
C37,1,10,Transitions,transitions,Engaged → Disengaged,drug_z,4.2695183753967285,11.553923606872559,Drug − saline contrast,0.7390594867219955,false
C37,1,10,Transitions,transitions,Disengaged → Engaged,bias,-9.793519973754883,-9.793519973754883,Base coefficient,0.7390594867219955,false
C37,1,10,Transitions,transitions,Disengaged → Engaged,cumulative_reward,-0.35704290866851807,-0.35704290866851807,Base coefficient,0.7390594867219955,false
C37,1,10,Transitions,transitions,Disengaged → Engaged,drug_z,3.534414052963257,9.564626693725586,Drug − saline contrast,0.7390594867219955,false
C37,1,11,Emissions,emissions,Engaged,bias,0.1556074321269989,0.1556074321269989,Base coefficient,0.7310145035943002,false
C37,1,11,Emissions,emissions,Engaged,stim_x_delay_param,1.1969878673553467,1.1969878673553467,Base coefficient,0.7310145035943002,false
C37,1,11,Emissions,emissions,Engaged,choice_lag_param,0.8780485987663269,0.8780485987663269,Base coefficient,0.7310145035943002,false
C37,1,11,Emissions,emissions,Engaged,drug_z_x_stim_x_delay_param,-0.2187187820672989,-0.5983979105949402,Drug − saline contrast,0.7310145035943002,false
C37,1,11,Emissions,emissions,Engaged,drug_z_x_choice_lag_param,0.19695784151554108,0.5388616323471069,Drug − saline contrast,0.7310145035943002,false
C37,1,11,Emissions,emissions,Disengaged,bias,-0.009251833893358707,-0.009251833893358707,Base coefficient,0.7310145035943002,false
C37,1,11,Emissions,emissions,Disengaged,stim_x_delay_param,0.0,0.0,Base coefficient,0.7310145035943002,true
C37,1,11,Emissions,emissions,Disengaged,choice_lag_param,1.1021820306777954,1.1021820306777954,Base coefficient,0.7310145035943002,false
C37,1,11,Emissions,emissions,Disengaged,drug_z_x_stim_x_delay_param,0.0,0.0,Drug − saline contrast,0.7310145035943002,true
C37,1,11,Emissions,emissions,Disengaged,drug_z_x_choice_lag_param,-0.052979327738285065,-0.14494740962982178,Drug − saline contrast,0.7310145035943002,false
C37,1,11,Transitions,transitions,Engaged → Disengaged,bias,-5.76837158203125,-5.76837158203125,Base coefficient,0.7310145035943002,false
C37,1,11,Transitions,transitions,Engaged → Disengaged,cumulative_reward,-0.7269406914710999,-0.7269406914710999,Base coefficient,0.7310145035943002,false
C37,1,11,Transitions,transitions,Engaged → Disengaged,drug_z,1.6653990745544434,4.556405067443848,Drug − saline contrast,0.7310145035943002,false
C37,1,11,Transitions,transitions,Disengaged → Engaged,bias,-4.7310943603515625,-4.7310943603515625,Base coefficient,0.7310145035943002,false
C37,1,11,Transitions,transitions,Disengaged → Engaged,cumulative_reward,-0.9700416922569275,-0.9700416922569275,Base coefficient,0.7310145035943002,false
C37,1,11,Transitions,transitions,Disengaged → Engaged,drug_z,0.5513571500778198,1.5084712505340576,Drug − saline contrast,0.7310145035943002,false
C37,1,12,Emissions,emissions,Engaged,bias,0.19576863944530487,0.19576863944530487,Base coefficient,0.5198642590315308,false
C37,1,12,Emissions,emissions,Engaged,stim_x_delay_param,1.1743041276931763,1.1743041276931763,Base coefficient,0.5198642590315308,false
C37,1,12,Emissions,emissions,Engaged,choice_lag_param,0.8778479099273682,0.8778479099273682,Base coefficient,0.5198642590315308,false
C37,1,12,Emissions,emissions,Engaged,drug_z_x_stim_x_delay_param,-0.000664021703414619,-0.0025545964017510414,Drug − saline contrast,0.5198642590315308,false
C37,1,12,Emissions,emissions,Engaged,drug_z_x_choice_lag_param,-0.0007295624818652868,-0.0028067422099411488,Drug − saline contrast,0.5198642590315308,false
C37,1,12,Emissions,emissions,Disengaged,bias,-0.2052338570356369,-0.2052338570356369,Base coefficient,0.5198642590315308,false
C37,1,12,Emissions,emissions,Disengaged,stim_x_delay_param,0.0,0.0,Base coefficient,0.5198642590315308,true
C37,1,12,Emissions,emissions,Disengaged,choice_lag_param,0.9014487862586975,0.9014487862586975,Base coefficient,0.5198642590315308,false
C37,1,12,Emissions,emissions,Disengaged,drug_z_x_stim_x_delay_param,0.0,0.0,Drug − saline contrast,0.5198642590315308,true
C37,1,12,Emissions,emissions,Disengaged,drug_z_x_choice_lag_param,0.012709715403616428,0.04889628291130066,Drug − saline contrast,0.5198642590315308,false
C37,1,12,Transitions,transitions,Engaged → Disengaged,bias,-17.996919631958008,-17.996919631958008,Base coefficient,0.5198642590315308,false
C37,1,12,Transitions,transitions,Engaged → Disengaged,cumulative_reward,8.857717514038086,8.857717514038086,Base coefficient,0.5198642590315308,false
C37,1,12,Transitions,transitions,Engaged → Disengaged,drug_z,0.005111234728246927,0.019663728773593903,Drug − saline contrast,0.5198642590315308,false
C37,1,12,Transitions,transitions,Disengaged → Engaged,bias,-6.348540782928467,-6.348540782928467,Base coefficient,0.5198642590315308,false
C37,1,12,Transitions,transitions,Disengaged → Engaged,cumulative_reward,-0.7751250267028809,-0.7751250267028809,Base coefficient,0.5198642590315308,false
C37,1,12,Transitions,transitions,Disengaged → Engaged,drug_z,-4.017236232757568,-15.45494270324707,Drug − saline contrast,0.5198642590315308,false
C37,1,13,Emissions,emissions,Engaged,bias,0.16919949650764465,0.16919949650764465,Base coefficient,0.5713332659024539,false
C37,1,13,Emissions,emissions,Engaged,stim_x_delay_param,1.2209792137145996,1.2209792137145996,Base coefficient,0.5713332659024539,false
C37,1,13,Emissions,emissions,Engaged,choice_lag_param,0.8610321879386902,0.8610321879386902,Base coefficient,0.5713332659024539,false
C37,1,13,Emissions,emissions,Engaged,drug_z_x_stim_x_delay_param,-0.194851353764534,-0.6820935010910034,Drug − saline contrast,0.5713332659024539,false
C37,1,13,Emissions,emissions,Engaged,drug_z_x_choice_lag_param,0.07027899473905563,0.24601750075817108,Drug − saline contrast,0.5713332659024539,false
C37,1,13,Emissions,emissions,Disengaged,bias,0.18788973987102509,0.18788973987102509,Base coefficient,0.5713332659024539,false
C37,1,13,Emissions,emissions,Disengaged,stim_x_delay_param,0.0,0.0,Base coefficient,0.5713332659024539,true
C37,1,13,Emissions,emissions,Disengaged,choice_lag_param,1.1817971467971802,1.1817971467971802,Base coefficient,0.5713332659024539,false
C37,1,13,Emissions,emissions,Disengaged,drug_z_x_stim_x_delay_param,0.0,0.0,Drug − saline contrast,0.5713332659024539,true
C37,1,13,Emissions,emissions,Disengaged,drug_z_x_choice_lag_param,0.7105220556259155,2.4872419834136963,Drug − saline contrast,0.5713332659024539,false
C37,1,13,Transitions,transitions,Engaged → Disengaged,bias,-4.910114765167236,-4.910114765167236,Base coefficient,0.5713332659024539,false
C37,1,13,Transitions,transitions,Engaged → Disengaged,cumulative_reward,-0.5249555110931396,-0.5249555110931396,Base coefficient,0.5713332659024539,false
C37,1,13,Transitions,transitions,Engaged → Disengaged,drug_z,1.1397961378097534,3.9899518489837646,Drug − saline contrast,0.5713332659024539,false
C37,1,13,Transitions,transitions,Disengaged → Engaged,bias,-3.2090938091278076,-3.2090938091278076,Base coefficient,0.5713332659024539,false
C37,1,13,Transitions,transitions,Disengaged → Engaged,cumulative_reward,-0.7539091110229492,-0.7539091110229492,Base coefficient,0.5713332659024539,false
C37,1,13,Transitions,transitions,Disengaged → Engaged,drug_z,0.3858116567134857,1.350566029548645,Drug − saline contrast,0.5713332659024539,false
C38,1,1,Emissions,emissions,Engaged,bias,-0.5249540209770203,-0.5249540209770203,Base coefficient,0.6406985597985234,false
C38,1,1,Emissions,emissions,Engaged,stim_x_delay_param,0.9964047074317932,0.9964047074317932,Base coefficient,0.6406985597985234,false
C38,1,1,Emissions,emissions,Engaged,choice_lag_param,0.58638596534729,0.58638596534729,Base coefficient,0.6406985597985234,false
C38,1,1,Emissions,emissions,Engaged,drug_z_x_stim_x_delay_param,0.1241711750626564,0.38761183619499207,Drug − saline contrast,0.6406985597985234,false
C38,1,1,Emissions,emissions,Engaged,drug_z_x_choice_lag_param,0.20941409468650818,0.6537055373191833,Drug − saline contrast,0.6406985597985234,false
C38,1,1,Emissions,emissions,Disengaged,bias,-4.673639297485352,-4.673639297485352,Base coefficient,0.6406985597985234,false
C38,1,1,Emissions,emissions,Disengaged,stim_x_delay_param,0.0,0.0,Base coefficient,0.6406985597985234,true
C38,1,1,Emissions,emissions,Disengaged,choice_lag_param,-0.1480606347322464,-0.1480606347322464,Base coefficient,0.6406985597985234,false
C38,1,1,Emissions,emissions,Disengaged,drug_z_x_stim_x_delay_param,0.0,0.0,Drug − saline contrast,0.6406985597985234,true
C38,1,1,Emissions,emissions,Disengaged,drug_z_x_choice_lag_param,0.5718226432800293,1.7849974632263184,Drug − saline contrast,0.6406985597985234,false
C38,1,1,Transitions,transitions,Engaged → Disengaged,bias,-7.17222785949707,-7.17222785949707,Base coefficient,0.6406985597985234,false
C38,1,1,Transitions,transitions,Engaged → Disengaged,cumulative_reward,3.422098159790039,3.422098159790039,Base coefficient,0.6406985597985234,false
C38,1,1,Transitions,transitions,Engaged → Disengaged,drug_z,0.7850045561790466,2.4504644870758057,Drug − saline contrast,0.6406985597985234,false
C38,1,1,Transitions,transitions,Disengaged → Engaged,bias,-2.498549222946167,-2.498549222946167,Base coefficient,0.6406985597985234,false
C38,1,1,Transitions,transitions,Disengaged → Engaged,cumulative_reward,-0.46393021941185,-0.46393021941185,Base coefficient,0.6406985597985234,false
C38,1,1,Transitions,transitions,Disengaged → Engaged,drug_z,-0.04398169368505478,-0.13729293644428253,Drug − saline contrast,0.6406985597985234,false
C38,1,2,Emissions,emissions,Engaged,bias,-0.5148182511329651,-0.5148182511329651,Base coefficient,0.6413709233281978,false
C38,1,2,Emissions,emissions,Engaged,stim_x_delay_param,1.013906478881836,1.013906478881836,Base coefficient,0.6413709233281978,false
C38,1,2,Emissions,emissions,Engaged,choice_lag_param,0.5968250632286072,0.5968250632286072,Base coefficient,0.6413709233281978,false
C38,1,2,Emissions,emissions,Engaged,drug_z_x_stim_x_delay_param,0.1145249754190445,0.35712555050849915,Drug − saline contrast,0.6413709233281978,false
C38,1,2,Emissions,emissions,Engaged,drug_z_x_choice_lag_param,0.20221462845802307,0.6305699348449707,Drug − saline contrast,0.6413709233281978,false
C38,1,2,Emissions,emissions,Disengaged,bias,-5.546730041503906,-5.546730041503906,Base coefficient,0.6413709233281978,false
C38,1,2,Emissions,emissions,Disengaged,stim_x_delay_param,0.0,0.0,Base coefficient,0.6413709233281978,true
C38,1,2,Emissions,emissions,Disengaged,choice_lag_param,-0.47605443000793457,-0.47605443000793457,Base coefficient,0.6413709233281978,false
C38,1,2,Emissions,emissions,Disengaged,drug_z_x_stim_x_delay_param,0.0,0.0,Drug − saline contrast,0.6413709233281978,true
C38,1,2,Emissions,emissions,Disengaged,drug_z_x_choice_lag_param,0.5537201166152954,1.7266765832901,Drug − saline contrast,0.6413709233281978,false
C38,1,2,Transitions,transitions,Engaged → Disengaged,bias,-7.028489589691162,-7.028489589691162,Base coefficient,0.6413709233281978,false
C38,1,2,Transitions,transitions,Engaged → Disengaged,cumulative_reward,3.4878971576690674,3.4878971576690674,Base coefficient,0.6413709233281978,false
C38,1,2,Transitions,transitions,Engaged → Disengaged,drug_z,0.7525770664215088,2.346776247024536,Drug − saline contrast,0.6413709233281978,false
C38,1,2,Transitions,transitions,Disengaged → Engaged,bias,-2.8973028659820557,-2.8973028659820557,Base coefficient,0.6413709233281978,false
C38,1,2,Transitions,transitions,Disengaged → Engaged,cumulative_reward,0.06658384203910828,0.06658384203910828,Base coefficient,0.6413709233281978,false
C38,1,2,Transitions,transitions,Disengaged → Engaged,drug_z,0.019120268523693085,0.0596231184899807,Drug − saline contrast,0.6413709233281978,false
C38,1,3,Emissions,emissions,Engaged,bias,-0.5884272456169128,-0.5884272456169128,Base coefficient,0.6370368688091941,false
C38,1,3,Emissions,emissions,Engaged,stim_x_delay_param,1.0271849632263184,1.0271849632263184,Base coefficient,0.6370368688091941,false
C38,1,3,Emissions,emissions,Engaged,choice_lag_param,0.6381456851959229,0.6381456851959229,Base coefficient,0.6370368688091941,false
C38,1,3,Emissions,emissions,Engaged,drug_z_x_stim_x_delay_param,0.12246251851320267,0.3844754695892334,Drug − saline contrast,0.6370368688091941,false
C38,1,3,Emissions,emissions,Engaged,drug_z_x_choice_lag_param,0.19801919162273407,0.6216883063316345,Drug − saline contrast,0.6370368688091941,false
C38,1,3,Emissions,emissions,Disengaged,bias,-3.8767592906951904,-3.8767592906951904,Base coefficient,0.6370368688091941,false
C38,1,3,Emissions,emissions,Disengaged,stim_x_delay_param,0.0,0.0,Base coefficient,0.6370368688091941,true
C38,1,3,Emissions,emissions,Disengaged,choice_lag_param,0.2489434778690338,0.2489434778690338,Base coefficient,0.6370368688091941,false
C38,1,3,Emissions,emissions,Disengaged,drug_z_x_stim_x_delay_param,0.0,0.0,Drug − saline contrast,0.6370368688091941,true
C38,1,3,Emissions,emissions,Disengaged,drug_z_x_choice_lag_param,0.530536949634552,1.6656397581100464,Drug − saline contrast,0.6370368688091941,false
C38,1,3,Transitions,transitions,Engaged → Disengaged,bias,-7.480733394622803,-7.480733394622803,Base coefficient,0.6370368688091941,false
C38,1,3,Transitions,transitions,Engaged → Disengaged,cumulative_reward,3.7213120460510254,3.7213120460510254,Base coefficient,0.6370368688091941,false
C38,1,3,Transitions,transitions,Engaged → Disengaged,drug_z,0.7611048221588135,2.3895158767700195,Drug − saline contrast,0.6370368688091941,false
C38,1,3,Transitions,transitions,Disengaged → Engaged,bias,-2.340467691421509,-2.340467691421509,Base coefficient,0.6370368688091941,false
C38,1,3,Transitions,transitions,Disengaged → Engaged,cumulative_reward,-0.45316967368125916,-0.45316967368125916,Base coefficient,0.6370368688091941,false
C38,1,3,Transitions,transitions,Disengaged → Engaged,drug_z,-0.08810032904148102,-0.2765941321849823,Drug − saline contrast,0.6370368688091941,false
C38,1,4,Emissions,emissions,Engaged,bias,-0.5409186482429504,-0.5409186482429504,Base coefficient,0.6362953637457919,false
C38,1,4,Emissions,emissions,Engaged,stim_x_delay_param,1.008137822151184,1.008137822151184,Base coefficient,0.6362953637457919,false
C38,1,4,Emissions,emissions,Engaged,choice_lag_param,0.5210003852844238,0.5210003852844238,Base coefficient,0.6362953637457919,false
C38,1,4,Emissions,emissions,Engaged,drug_z_x_stim_x_delay_param,0.1230253055691719,0.38669243454933167,Drug − saline contrast,0.6362953637457919,false
C38,1,4,Emissions,emissions,Engaged,drug_z_x_choice_lag_param,0.22089344263076782,0.6943110227584839,Drug − saline contrast,0.6362953637457919,false
C38,1,4,Emissions,emissions,Disengaged,bias,-6.100146293640137,-6.100146293640137,Base coefficient,0.6362953637457919,false
C38,1,4,Emissions,emissions,Disengaged,stim_x_delay_param,0.0,0.0,Base coefficient,0.6362953637457919,true
C38,1,4,Emissions,emissions,Disengaged,choice_lag_param,-0.7768325209617615,-0.7768325209617615,Base coefficient,0.6362953637457919,false
C38,1,4,Emissions,emissions,Disengaged,drug_z_x_stim_x_delay_param,0.0,0.0,Drug − saline contrast,0.6362953637457919,true
C38,1,4,Emissions,emissions,Disengaged,drug_z_x_choice_lag_param,0.5405113697052002,1.6989322900772095,Drug − saline contrast,0.6362953637457919,false
C38,1,4,Transitions,transitions,Engaged → Disengaged,bias,-6.639023303985596,-6.639023303985596,Base coefficient,0.6362953637457919,false
C38,1,4,Transitions,transitions,Engaged → Disengaged,cumulative_reward,3.087717294692993,3.087717294692993,Base coefficient,0.6362953637457919,false
C38,1,4,Transitions,transitions,Engaged → Disengaged,drug_z,0.7129737734794617,2.2410151958465576,Drug − saline contrast,0.6362953637457919,false
C38,1,4,Transitions,transitions,Disengaged → Engaged,bias,-2.4148166179656982,-2.4148166179656982,Base coefficient,0.6362953637457919,false
C38,1,4,Transitions,transitions,Disengaged → Engaged,cumulative_reward,-0.44578272104263306,-0.44578272104263306,Base coefficient,0.6362953637457919,false
C38,1,4,Transitions,transitions,Disengaged → Engaged,drug_z,-0.07986379414796829,-0.2510274350643158,Drug − saline contrast,0.6362953637457919,false
C38,1,5,Emissions,emissions,Engaged,bias,-0.550786018371582,-0.550786018371582,Base coefficient,0.6384443804073416,false
C38,1,5,Emissions,emissions,Engaged,stim_x_delay_param,1.0615562200546265,1.0615562200546265,Base coefficient,0.6384443804073416,false
C38,1,5,Emissions,emissions,Engaged,choice_lag_param,0.6413264870643616,0.6413264870643616,Base coefficient,0.6384443804073416,false
C38,1,5,Emissions,emissions,Engaged,drug_z_x_stim_x_delay_param,0.11536919325590134,0.36140719056129456,Drug − saline contrast,0.6384443804073416,false
C38,1,5,Emissions,emissions,Engaged,drug_z_x_choice_lag_param,0.20627012848854065,0.6461647748947144,Drug − saline contrast,0.6384443804073416,false
C38,1,5,Emissions,emissions,Disengaged,bias,-3.534107208251953,-3.534107208251953,Base coefficient,0.6384443804073416,false
C38,1,5,Emissions,emissions,Disengaged,stim_x_delay_param,0.0,0.0,Base coefficient,0.6384443804073416,true
C38,1,5,Emissions,emissions,Disengaged,choice_lag_param,0.6015167832374573,0.6015167832374573,Base coefficient,0.6384443804073416,false
C38,1,5,Emissions,emissions,Disengaged,drug_z_x_stim_x_delay_param,0.0,0.0,Drug − saline contrast,0.6384443804073416,true
C38,1,5,Emissions,emissions,Disengaged,drug_z_x_choice_lag_param,0.42932844161987305,1.3449203968048096,Drug − saline contrast,0.6384443804073416,false
C38,1,5,Transitions,transitions,Engaged → Disengaged,bias,-7.156711578369141,-7.156711578369141,Base coefficient,0.6384443804073416,false
C38,1,5,Transitions,transitions,Engaged → Disengaged,cumulative_reward,3.513363838195801,3.513363838195801,Base coefficient,0.6384443804073416,false
C38,1,5,Transitions,transitions,Engaged → Disengaged,drug_z,0.7443358302116394,2.331717014312744,Drug − saline contrast,0.6384443804073416,false
C38,1,5,Transitions,transitions,Disengaged → Engaged,bias,-2.29085636138916,-2.29085636138916,Base coefficient,0.6384443804073416,false
C38,1,5,Transitions,transitions,Disengaged → Engaged,cumulative_reward,-0.4914732873439789,-0.4914732873439789,Base coefficient,0.6384443804073416,false
C38,1,5,Transitions,transitions,Disengaged → Engaged,drug_z,-0.10966704785823822,-0.3435445725917816,Drug − saline contrast,0.6384443804073416,false
C38,1,6,Emissions,emissions,Engaged,bias,-0.5409500598907471,-0.5409500598907471,Base coefficient,0.6377808954473985,false
C38,1,6,Emissions,emissions,Engaged,stim_x_delay_param,1.0045697689056396,1.0045697689056396,Base coefficient,0.6377808954473985,false
C38,1,6,Emissions,emissions,Engaged,choice_lag_param,0.6411371827125549,0.6411371827125549,Base coefficient,0.6377808954473985,false
C38,1,6,Emissions,emissions,Engaged,drug_z_x_stim_x_delay_param,0.12889647483825684,0.40420299768447876,Drug − saline contrast,0.6377808954473985,false
C38,1,6,Emissions,emissions,Engaged,drug_z_x_choice_lag_param,0.20576348900794983,0.6452481746673584,Drug − saline contrast,0.6377808954473985,false
C38,1,6,Emissions,emissions,Disengaged,bias,-3.2091283798217773,-3.2091283798217773,Base coefficient,0.6377808954473985,false
C38,1,6,Emissions,emissions,Disengaged,stim_x_delay_param,0.0,0.0,Base coefficient,0.6377808954473985,true
C38,1,6,Emissions,emissions,Disengaged,choice_lag_param,1.13339102268219,1.13339102268219,Base coefficient,0.6377808954473985,false
C38,1,6,Emissions,emissions,Disengaged,drug_z_x_stim_x_delay_param,0.0,0.0,Drug − saline contrast,0.6377808954473985,true
C38,1,6,Emissions,emissions,Disengaged,drug_z_x_choice_lag_param,0.20893992483615875,0.6552091240882874,Drug − saline contrast,0.6377808954473985,false
C38,1,6,Transitions,transitions,Engaged → Disengaged,bias,-7.4950361251831055,-7.4950361251831055,Base coefficient,0.6377808954473985,false
C38,1,6,Transitions,transitions,Engaged → Disengaged,cumulative_reward,3.7554593086242676,3.7554593086242676,Base coefficient,0.6377808954473985,false
C38,1,6,Transitions,transitions,Engaged → Disengaged,drug_z,0.7542271614074707,2.3651607036590576,Drug − saline contrast,0.6377808954473985,false
C38,1,6,Transitions,transitions,Disengaged → Engaged,bias,-2.2792727947235107,-2.2792727947235107,Base coefficient,0.6377808954473985,false
C38,1,6,Transitions,transitions,Disengaged → Engaged,cumulative_reward,-0.41102880239486694,-0.41102880239486694,Base coefficient,0.6377808954473985,false
C38,1,6,Transitions,transitions,Disengaged → Engaged,drug_z,-0.10232440382242203,-0.3208763599395752,Drug − saline contrast,0.6377808954473985,false
C38,1,7,Emissions,emissions,Engaged,bias,-0.5528877973556519,-0.5528877973556519,Base coefficient,0.643740452185423,false
C38,1,7,Emissions,emissions,Engaged,stim_x_delay_param,1.0114434957504272,1.0114434957504272,Base coefficient,0.643740452185423,false
C38,1,7,Emissions,emissions,Engaged,choice_lag_param,0.617229163646698,0.617229163646698,Base coefficient,0.643740452185423,false
C38,1,7,Emissions,emissions,Engaged,drug_z_x_stim_x_delay_param,0.13082349300384521,0.4064479470252991,Drug − saline contrast,0.643740452185423,false
C38,1,7,Emissions,emissions,Engaged,drug_z_x_choice_lag_param,0.21509145200252533,0.6682551503181458,Drug − saline contrast,0.643740452185423,false
C38,1,7,Emissions,emissions,Disengaged,bias,-3.832782506942749,-3.832782506942749,Base coefficient,0.643740452185423,false
C38,1,7,Emissions,emissions,Disengaged,stim_x_delay_param,0.0,0.0,Base coefficient,0.643740452185423,true
C38,1,7,Emissions,emissions,Disengaged,choice_lag_param,0.48411574959754944,0.48411574959754944,Base coefficient,0.643740452185423,false
C38,1,7,Emissions,emissions,Disengaged,drug_z_x_stim_x_delay_param,0.0,0.0,Drug − saline contrast,0.643740452185423,true
C38,1,7,Emissions,emissions,Disengaged,drug_z_x_choice_lag_param,0.45239028334617615,1.4055051803588867,Drug − saline contrast,0.643740452185423,false
C38,1,7,Transitions,transitions,Engaged → Disengaged,bias,-8.084389686584473,-8.084389686584473,Base coefficient,0.643740452185423,false
C38,1,7,Transitions,transitions,Engaged → Disengaged,cumulative_reward,4.521688461303711,4.521688461303711,Base coefficient,0.643740452185423,false
C38,1,7,Transitions,transitions,Engaged → Disengaged,drug_z,0.6845204830169678,2.126697063446045,Drug − saline contrast,0.643740452185423,false
C38,1,7,Transitions,transitions,Disengaged → Engaged,bias,-2.1830532550811768,-2.1830532550811768,Base coefficient,0.643740452185423,false
C38,1,7,Transitions,transitions,Disengaged → Engaged,cumulative_reward,-0.4701077938079834,-0.4701077938079834,Base coefficient,0.643740452185423,false
C38,1,7,Transitions,transitions,Disengaged → Engaged,drug_z,-0.11904147267341614,-0.369843065738678,Drug − saline contrast,0.643740452185423,false
C38,1,8,Emissions,emissions,Engaged,bias,-0.5545023679733276,-0.5545023679733276,Base coefficient,0.6362131293553502,false
C38,1,8,Emissions,emissions,Engaged,stim_x_delay_param,0.9796636700630188,0.9796636700630188,Base coefficient,0.6362131293553502,false
C38,1,8,Emissions,emissions,Engaged,choice_lag_param,0.5934093594551086,0.5934093594551086,Base coefficient,0.6362131293553502,false
C38,1,8,Emissions,emissions,Engaged,drug_z_x_stim_x_delay_param,0.13164976239204407,0.4138542711734772,Drug − saline contrast,0.6362131293553502,false
C38,1,8,Emissions,emissions,Engaged,drug_z_x_choice_lag_param,0.20899899303913116,0.6570093631744385,Drug − saline contrast,0.6362131293553502,false
C38,1,8,Emissions,emissions,Disengaged,bias,-4.164405345916748,-4.164405345916748,Base coefficient,0.6362131293553502,false
C38,1,8,Emissions,emissions,Disengaged,stim_x_delay_param,0.0,0.0,Base coefficient,0.6362131293553502,true
C38,1,8,Emissions,emissions,Disengaged,choice_lag_param,0.47257721424102783,0.47257721424102783,Base coefficient,0.6362131293553502,false
C38,1,8,Emissions,emissions,Disengaged,drug_z_x_stim_x_delay_param,0.0,0.0,Drug − saline contrast,0.6362131293553502,true
C38,1,8,Emissions,emissions,Disengaged,drug_z_x_choice_lag_param,0.45674845576286316,1.4358347654342651,Drug − saline contrast,0.6362131293553502,false
C38,1,8,Transitions,transitions,Engaged → Disengaged,bias,-7.48363733291626,-7.48363733291626,Base coefficient,0.6362131293553502,false
C38,1,8,Transitions,transitions,Engaged → Disengaged,cumulative_reward,3.6338353157043457,3.6338353157043457,Base coefficient,0.6362131293553502,false
C38,1,8,Transitions,transitions,Engaged → Disengaged,drug_z,0.7829063534736633,2.4611449241638184,Drug − saline contrast,0.6362131293553502,false
C38,1,8,Transitions,transitions,Disengaged → Engaged,bias,-2.298661708831787,-2.298661708831787,Base coefficient,0.6362131293553502,false
C38,1,8,Transitions,transitions,Disengaged → Engaged,cumulative_reward,-0.53858882188797,-0.53858882188797,Base coefficient,0.6362131293553502,false
C38,1,8,Transitions,transitions,Disengaged → Engaged,drug_z,-0.08324196189641953,-0.2616795003414154,Drug − saline contrast,0.6362131293553502,false
C38,1,9,Emissions,emissions,Engaged,bias,-0.4973164200782776,-0.4973164200782776,Base coefficient,0.6412867656569194,false
C38,1,9,Emissions,emissions,Engaged,stim_x_delay_param,0.9878040552139282,0.9878040552139282,Base coefficient,0.6412867656569194,false
C38,1,9,Emissions,emissions,Engaged,choice_lag_param,0.6126269698143005,0.6126269698143005,Base coefficient,0.6412867656569194,false
C38,1,9,Emissions,emissions,Engaged,drug_z_x_stim_x_delay_param,0.12710312008857727,0.39640024304389954,Drug − saline contrast,0.6412867656569194,false
C38,1,9,Emissions,emissions,Engaged,drug_z_x_choice_lag_param,0.2092551738023758,0.6526103019714355,Drug − saline contrast,0.6412867656569194,false
C38,1,9,Emissions,emissions,Disengaged,bias,-5.547245025634766,-5.547245025634766,Base coefficient,0.6412867656569194,false
C38,1,9,Emissions,emissions,Disengaged,stim_x_delay_param,0.0,0.0,Base coefficient,0.6412867656569194,true
C38,1,9,Emissions,emissions,Disengaged,choice_lag_param,-0.5235589146614075,-0.5235589146614075,Base coefficient,0.6412867656569194,false
C38,1,9,Emissions,emissions,Disengaged,drug_z_x_stim_x_delay_param,0.0,0.0,Drug − saline contrast,0.6412867656569194,true
C38,1,9,Emissions,emissions,Disengaged,drug_z_x_choice_lag_param,0.58741694688797,1.8319945335388184,Drug − saline contrast,0.6412867656569194,false
C38,1,9,Transitions,transitions,Engaged → Disengaged,bias,-7.689297199249268,-7.689297199249268,Base coefficient,0.6412867656569194,false
C38,1,9,Transitions,transitions,Engaged → Disengaged,cumulative_reward,3.82041597366333,3.82041597366333,Base coefficient,0.6412867656569194,false
C38,1,9,Transitions,transitions,Engaged → Disengaged,drug_z,0.8147922158241272,2.54111647605896,Drug − saline contrast,0.6412867656569194,false
C38,1,9,Transitions,transitions,Disengaged → Engaged,bias,-2.3946051597595215,-2.3946051597595215,Base coefficient,0.6412867656569194,false
C38,1,9,Transitions,transitions,Disengaged → Engaged,cumulative_reward,-0.5411022305488586,-0.5411022305488586,Base coefficient,0.6412867656569194,false
C38,1,9,Transitions,transitions,Disengaged → Engaged,drug_z,-0.04732885956764221,-0.14760591089725494,Drug − saline contrast,0.6412867656569194,false
C38,1,10,Emissions,emissions,Engaged,bias,-0.5607948303222656,-0.5607948303222656,Base coefficient,0.6367070005083769,false
C38,1,10,Emissions,emissions,Engaged,stim_x_delay_param,0.9924337863922119,0.9924337863922119,Base coefficient,0.6367070005083769,false
C38,1,10,Emissions,emissions,Engaged,choice_lag_param,0.6165744662284851,0.6165744662284851,Base coefficient,0.6367070005083769,false
C38,1,10,Emissions,emissions,Engaged,drug_z_x_stim_x_delay_param,0.12753266096115112,0.400600790977478,Drug − saline contrast,0.6367070005083769,false
C38,1,10,Emissions,emissions,Engaged,drug_z_x_choice_lag_param,0.19849596917629242,0.6235080361366272,Drug − saline contrast,0.6367070005083769,false
C38,1,10,Emissions,emissions,Disengaged,bias,-6.725571155548096,-6.725571155548096,Base coefficient,0.6367070005083769,false
C38,1,10,Emissions,emissions,Disengaged,stim_x_delay_param,0.0,0.0,Base coefficient,0.6367070005083769,true
C38,1,10,Emissions,emissions,Disengaged,choice_lag_param,-1.0113328695297241,-1.0113328695297241,Base coefficient,0.6367070005083769,false
C38,1,10,Emissions,emissions,Disengaged,drug_z_x_stim_x_delay_param,0.0,0.0,Drug − saline contrast,0.6367070005083769,true
C38,1,10,Emissions,emissions,Disengaged,drug_z_x_choice_lag_param,0.5975661873817444,1.8770523071289062,Drug − saline contrast,0.6367070005083769,false
C38,1,10,Transitions,transitions,Engaged → Disengaged,bias,-7.189860820770264,-7.189860820770264,Base coefficient,0.6367070005083769,false
C38,1,10,Transitions,transitions,Engaged → Disengaged,cumulative_reward,3.365283250808716,3.365283250808716,Base coefficient,0.6367070005083769,false
C38,1,10,Transitions,transitions,Engaged → Disengaged,drug_z,0.772626519203186,2.426945209503174,Drug − saline contrast,0.6367070005083769,false
C38,1,10,Transitions,transitions,Disengaged → Engaged,bias,-2.362375020980835,-2.362375020980835,Base coefficient,0.6367070005083769,false
C38,1,10,Transitions,transitions,Disengaged → Engaged,cumulative_reward,-0.5639427304267883,-0.5639427304267883,Base coefficient,0.6367070005083769,false
C38,1,10,Transitions,transitions,Disengaged → Engaged,drug_z,-0.06187158077955246,-0.19434867799282074,Drug − saline contrast,0.6367070005083769,false
C38,1,11,Emissions,emissions,Engaged,bias,-0.5447098612785339,-0.5447098612785339,Base coefficient,0.4670245056042523,false
C38,1,11,Emissions,emissions,Engaged,stim_x_delay_param,0.9776536822319031,0.9776536822319031,Base coefficient,0.4670245056042523,false
C38,1,11,Emissions,emissions,Engaged,choice_lag_param,0.6047258973121643,0.6047258973121643,Base coefficient,0.4670245056042523,false
C38,1,11,Emissions,emissions,Engaged,drug_z_x_stim_x_delay_param,-0.0196381788700819,-0.08409913629293442,Drug − saline contrast,0.4670245056042523,false
C38,1,11,Emissions,emissions,Engaged,drug_z_x_choice_lag_param,0.13141466677188873,0.5627741813659668,Drug − saline contrast,0.4670245056042523,false
C38,1,11,Emissions,emissions,Disengaged,bias,-7.315581321716309,-7.315581321716309,Base coefficient,0.4670245056042523,false
C38,1,11,Emissions,emissions,Disengaged,stim_x_delay_param,0.0,0.0,Base coefficient,0.4670245056042523,true
C38,1,11,Emissions,emissions,Disengaged,choice_lag_param,-1.2790517807006836,-1.2790517807006836,Base coefficient,0.4670245056042523,false
C38,1,11,Emissions,emissions,Disengaged,drug_z_x_stim_x_delay_param,0.0,0.0,Drug − saline contrast,0.4670245056042523,true
C38,1,11,Emissions,emissions,Disengaged,drug_z_x_choice_lag_param,0.5158954858779907,2.209286689758301,Drug − saline contrast,0.4670245056042523,false
C38,1,11,Transitions,transitions,Engaged → Disengaged,bias,-7.601807594299316,-7.601807594299316,Base coefficient,0.4670245056042523,false
C38,1,11,Transitions,transitions,Engaged → Disengaged,cumulative_reward,3.7551863193511963,3.7551863193511963,Base coefficient,0.4670245056042523,false
C38,1,11,Transitions,transitions,Engaged → Disengaged,drug_z,0.7227054834365845,3.0949361324310303,Drug − saline contrast,0.4670245056042523,false
C38,1,11,Transitions,transitions,Disengaged → Engaged,bias,-2.2656211853027344,-2.2656211853027344,Base coefficient,0.4670245056042523,false
C38,1,11,Transitions,transitions,Disengaged → Engaged,cumulative_reward,-0.47816744446754456,-0.47816744446754456,Base coefficient,0.4670245056042523,false
C38,1,11,Transitions,transitions,Disengaged → Engaged,drug_z,-0.04116678610444069,-0.17629389464855194,Drug − saline contrast,0.4670245056042523,false
C38,1,12,Emissions,emissions,Engaged,bias,-0.5543288588523865,-0.5543288588523865,Base coefficient,0.4553303222862939,false
C38,1,12,Emissions,emissions,Engaged,stim_x_delay_param,1.0026891231536865,1.0026891231536865,Base coefficient,0.4553303222862939,false
C38,1,12,Emissions,emissions,Engaged,choice_lag_param,0.5715609192848206,0.5715609192848206,Base coefficient,0.4553303222862939,false
C38,1,12,Emissions,emissions,Engaged,drug_z_x_stim_x_delay_param,0.22691574692726135,0.9967082738876343,Drug − saline contrast,0.4553303222862939,false
C38,1,12,Emissions,emissions,Engaged,drug_z_x_choice_lag_param,0.2015417218208313,0.8852550387382507,Drug − saline contrast,0.4553303222862939,false
C38,1,12,Emissions,emissions,Disengaged,bias,-5.432741165161133,-5.432741165161133,Base coefficient,0.4553303222862939,false
C38,1,12,Emissions,emissions,Disengaged,stim_x_delay_param,0.0,0.0,Base coefficient,0.4553303222862939,true
C38,1,12,Emissions,emissions,Disengaged,choice_lag_param,-0.4941488802433014,-0.4941488802433014,Base coefficient,0.4553303222862939,false
C38,1,12,Emissions,emissions,Disengaged,drug_z_x_stim_x_delay_param,0.0,0.0,Drug − saline contrast,0.4553303222862939,true
C38,1,12,Emissions,emissions,Disengaged,drug_z_x_choice_lag_param,0.3924078345298767,1.7236182689666748,Drug − saline contrast,0.4553303222862939,false
C38,1,12,Transitions,transitions,Engaged → Disengaged,bias,-9.178654670715332,-9.178654670715332,Base coefficient,0.4553303222862939,false
C38,1,12,Transitions,transitions,Engaged → Disengaged,cumulative_reward,4.943243980407715,4.943243980407715,Base coefficient,0.4553303222862939,false
C38,1,12,Transitions,transitions,Engaged → Disengaged,drug_z,0.36420947313308716,1.5997593402862549,Drug − saline contrast,0.4553303222862939,false
C38,1,12,Transitions,transitions,Disengaged → Engaged,bias,-2.2677464485168457,-2.2677464485168457,Base coefficient,0.4553303222862939,false
C38,1,12,Transitions,transitions,Disengaged → Engaged,cumulative_reward,-0.5178073048591614,-0.5178073048591614,Base coefficient,0.4553303222862939,false
C38,1,12,Transitions,transitions,Disengaged → Engaged,drug_z,-0.7542760372161865,-3.313093900680542,Drug − saline contrast,0.4553303222862939,false
C38,1,13,Emissions,emissions,Engaged,bias,-0.5942413210868835,-0.5942413210868835,Base coefficient,0.6378637213206714,false
C38,1,13,Emissions,emissions,Engaged,stim_x_delay_param,0.9826755523681641,0.9826755523681641,Base coefficient,0.6378637213206714,false
C38,1,13,Emissions,emissions,Engaged,choice_lag_param,0.5765945315361023,0.5765945315361023,Base coefficient,0.6378637213206714,false
C38,1,13,Emissions,emissions,Engaged,drug_z_x_stim_x_delay_param,0.129681795835495,0.4066128730773926,Drug − saline contrast,0.6378637213206714,false
C38,1,13,Emissions,emissions,Engaged,drug_z_x_choice_lag_param,0.20306210219860077,0.6366943120956421,Drug − saline contrast,0.6378637213206714,false
C38,1,13,Emissions,emissions,Disengaged,bias,-6.896177291870117,-6.896177291870117,Base coefficient,0.6378637213206714,false
C38,1,13,Emissions,emissions,Disengaged,stim_x_delay_param,0.0,0.0,Base coefficient,0.6378637213206714,true
C38,1,13,Emissions,emissions,Disengaged,choice_lag_param,-1.0906565189361572,-1.0906565189361572,Base coefficient,0.6378637213206714,false
C38,1,13,Emissions,emissions,Disengaged,drug_z_x_stim_x_delay_param,0.0,0.0,Drug − saline contrast,0.6378637213206714,true
C38,1,13,Emissions,emissions,Disengaged,drug_z_x_choice_lag_param,0.5853371024131775,1.835304617881775,Drug − saline contrast,0.6378637213206714,false
C38,1,13,Transitions,transitions,Engaged → Disengaged,bias,-7.052180767059326,-7.052180767059326,Base coefficient,0.6378637213206714,false
C38,1,13,Transitions,transitions,Engaged → Disengaged,cumulative_reward,3.2687201499938965,3.2687201499938965,Base coefficient,0.6378637213206714,false
C38,1,13,Transitions,transitions,Engaged → Disengaged,drug_z,0.7708514928817749,2.4169788360595703,Drug − saline contrast,0.6378637213206714,false
C38,1,13,Transitions,transitions,Disengaged → Engaged,bias,-2.514190912246704,-2.514190912246704,Base coefficient,0.6378637213206714,false
C38,1,13,Transitions,transitions,Disengaged → Engaged,cumulative_reward,-0.44768381118774414,-0.44768381118774414,Base coefficient,0.6378637213206714,false
C38,1,13,Transitions,transitions,Disengaged → Engaged,drug_z,-0.02882823720574379,-0.09038995951414108,Drug − saline contrast,0.6378637213206714,false
C38,1,14,Emissions,emissions,Engaged,bias,-0.5999751091003418,-0.5999751091003418,Base coefficient,0.6376153375806621,false
C38,1,14,Emissions,emissions,Engaged,stim_x_delay_param,0.9943147301673889,0.9943147301673889,Base coefficient,0.6376153375806621,false
C38,1,14,Emissions,emissions,Engaged,choice_lag_param,0.5644099116325378,0.5644099116325378,Base coefficient,0.6376153375806621,false
C38,1,14,Emissions,emissions,Engaged,drug_z_x_stim_x_delay_param,0.12942543625831604,0.4059671461582184,Drug − saline contrast,0.6376153375806621,false
C38,1,14,Emissions,emissions,Engaged,drug_z_x_choice_lag_param,0.21007950603961945,0.6589537858963013,Drug − saline contrast,0.6376153375806621,false
C38,1,14,Emissions,emissions,Disengaged,bias,-4.075073719024658,-4.075073719024658,Base coefficient,0.6376153375806621,false
C38,1,14,Emissions,emissions,Disengaged,stim_x_delay_param,0.0,0.0,Base coefficient,0.6376153375806621,true
C38,1,14,Emissions,emissions,Disengaged,choice_lag_param,0.2404218167066574,0.2404218167066574,Base coefficient,0.6376153375806621,false
C38,1,14,Emissions,emissions,Disengaged,drug_z_x_stim_x_delay_param,0.0,0.0,Drug − saline contrast,0.6376153375806621,true
C38,1,14,Emissions,emissions,Disengaged,drug_z_x_choice_lag_param,0.5138382911682129,1.6117501258850098,Drug − saline contrast,0.6376153375806621,false
C38,1,14,Transitions,transitions,Engaged → Disengaged,bias,-7.054545879364014,-7.054545879364014,Base coefficient,0.6376153375806621,false
C38,1,14,Transitions,transitions,Engaged → Disengaged,cumulative_reward,3.3204689025878906,3.3204689025878906,Base coefficient,0.6376153375806621,false
C38,1,14,Transitions,transitions,Engaged → Disengaged,drug_z,0.7530608177185059,2.3621163368225098,Drug − saline contrast,0.6376153375806621,false
C38,1,14,Transitions,transitions,Disengaged → Engaged,bias,-2.3992116451263428,-2.3992116451263428,Base coefficient,0.6376153375806621,false
C38,1,14,Transitions,transitions,Disengaged → Engaged,cumulative_reward,-0.5164628624916077,-0.5164628624916077,Base coefficient,0.6376153375806621,false
C38,1,14,Transitions,transitions,Disengaged → Engaged,drug_z,-0.07486728578805923,-0.23483528196811676,Drug − saline contrast,0.6376153375806621,false
E10,1,1,Emissions,emissions,Engaged,bias,-0.05210890248417854,-0.05210890248417854,Base coefficient,0.9965287147143267,false
E10,1,1,Emissions,emissions,Engaged,stim_x_delay_param,1.1179133653640747,1.1179133653640747,Base coefficient,0.9965287147143267,false
E10,1,1,Emissions,emissions,Engaged,choice_lag_param,0.9510951042175293,0.9510951042175293,Base coefficient,0.9965287147143267,false
E10,1,1,Emissions,emissions,Engaged,drug_z_x_stim_x_delay_param,-0.1902858018875122,-0.38189730048179626,Drug − saline contrast,0.9965287147143267,false
E10,1,1,Emissions,emissions,Engaged,drug_z_x_choice_lag_param,-0.04048316553235054,-0.08124837279319763,Drug − saline contrast,0.9965287147143267,false
E10,1,1,Emissions,emissions,Disengaged,bias,-0.1842540055513382,-0.1842540055513382,Base coefficient,0.9965287147143267,false
E10,1,1,Emissions,emissions,Disengaged,stim_x_delay_param,0.0,0.0,Base coefficient,0.9965287147143267,true
E10,1,1,Emissions,emissions,Disengaged,choice_lag_param,1.1434463262557983,1.1434463262557983,Base coefficient,0.9965287147143267,false
E10,1,1,Emissions,emissions,Disengaged,drug_z_x_stim_x_delay_param,0.0,0.0,Drug − saline contrast,0.9965287147143267,true
E10,1,1,Emissions,emissions,Disengaged,drug_z_x_choice_lag_param,0.07915601134300232,0.15886348485946655,Drug − saline contrast,0.9965287147143267,false
E10,1,1,Transitions,transitions,Engaged → Disengaged,bias,-6.388625621795654,-6.388625621795654,Base coefficient,0.9965287147143267,false
E10,1,1,Transitions,transitions,Engaged → Disengaged,cumulative_reward,2.1197714805603027,2.1197714805603027,Base coefficient,0.9965287147143267,false
E10,1,1,Transitions,transitions,Engaged → Disengaged,drug_z,0.7958486676216125,1.5972418785095215,Drug − saline contrast,0.9965287147143267,false
E10,1,1,Transitions,transitions,Disengaged → Engaged,bias,-0.7965241074562073,-0.7965241074562073,Base coefficient,0.9965287147143267,false
E10,1,1,Transitions,transitions,Disengaged → Engaged,cumulative_reward,-5.0474772453308105,-5.0474772453308105,Base coefficient,0.9965287147143267,false
E10,1,1,Transitions,transitions,Disengaged → Engaged,drug_z,-0.19346842169761658,-0.38828471302986145,Drug − saline contrast,0.9965287147143267,false
E10,1,2,Emissions,emissions,Engaged,bias,-0.1388023942708969,-0.1388023942708969,Base coefficient,0.9937832681250536,false
E10,1,2,Emissions,emissions,Engaged,stim_x_delay_param,1.229598879814148,1.229598879814148,Base coefficient,0.9937832681250536,false
E10,1,2,Emissions,emissions,Engaged,choice_lag_param,0.7619791626930237,0.7619791626930237,Base coefficient,0.9937832681250536,false
E10,1,2,Emissions,emissions,Engaged,drug_z_x_stim_x_delay_param,-0.15244944393634796,-0.30680620670318604,Drug − saline contrast,0.9937832681250536,false
E10,1,2,Emissions,emissions,Engaged,drug_z_x_choice_lag_param,0.04044719040393829,0.08140042424201965,Drug − saline contrast,0.9937832681250536,false
E10,1,2,Emissions,emissions,Disengaged,bias,-0.3330622613430023,-0.3330622613430023,Base coefficient,0.9937832681250536,false
E10,1,2,Emissions,emissions,Disengaged,stim_x_delay_param,0.0,0.0,Base coefficient,0.9937832681250536,true
E10,1,2,Emissions,emissions,Disengaged,choice_lag_param,1.496121883392334,1.496121883392334,Base coefficient,0.9937832681250536,false
E10,1,2,Emissions,emissions,Disengaged,drug_z_x_stim_x_delay_param,0.0,0.0,Drug − saline contrast,0.9937832681250536,true
E10,1,2,Emissions,emissions,Disengaged,drug_z_x_choice_lag_param,0.07260105013847351,0.1461104303598404,Drug − saline contrast,0.9937832681250536,false
E10,1,2,Transitions,transitions,Engaged → Disengaged,bias,-3.8234736919403076,-3.8234736919403076,Base coefficient,0.9937832681250536,false
E10,1,2,Transitions,transitions,Engaged → Disengaged,cumulative_reward,0.32608383893966675,0.32608383893966675,Base coefficient,0.9937832681250536,false
E10,1,2,Transitions,transitions,Engaged → Disengaged,drug_z,0.9181140065193176,1.8477146625518799,Drug − saline contrast,0.9937832681250536,false
E10,1,2,Transitions,transitions,Disengaged → Engaged,bias,-2.428055763244629,-2.428055763244629,Base coefficient,0.9937832681250536,false
E10,1,2,Transitions,transitions,Disengaged → Engaged,cumulative_reward,-0.30113136768341064,-0.30113136768341064,Base coefficient,0.9937832681250536,false
E10,1,2,Transitions,transitions,Disengaged → Engaged,drug_z,0.3301977813243866,0.6645267009735107,Drug − saline contrast,0.9937832681250536,false
E10,1,3,Emissions,emissions,Engaged,bias,-0.25894755125045776,-0.25894755125045776,Base coefficient,0.9878046668346518,false
E10,1,3,Emissions,emissions,Engaged,stim_x_delay_param,1.1780146360397339,1.1780146360397339,Base coefficient,0.9878046668346518,false
E10,1,3,Emissions,emissions,Engaged,choice_lag_param,0.80961674451828,0.80961674451828,Base coefficient,0.9878046668346518,false
E10,1,3,Emissions,emissions,Engaged,drug_z_x_stim_x_delay_param,-0.20420308411121368,-0.413448303937912,Drug − saline contrast,0.9878046668346518,false
E10,1,3,Emissions,emissions,Engaged,drug_z_x_choice_lag_param,0.126444473862648,0.25601109862327576,Drug − saline contrast,0.9878046668346518,false
E10,1,3,Emissions,emissions,Disengaged,bias,-0.31189975142478943,-0.31189975142478943,Base coefficient,0.9878046668346518,false
E10,1,3,Emissions,emissions,Disengaged,stim_x_delay_param,0.0,0.0,Base coefficient,0.9878046668346518,true
E10,1,3,Emissions,emissions,Disengaged,choice_lag_param,1.2679214477539062,1.2679214477539062,Base coefficient,0.9878046668346518,false
E10,1,3,Emissions,emissions,Disengaged,drug_z_x_stim_x_delay_param,0.0,0.0,Drug − saline contrast,0.9878046668346518,true
E10,1,3,Emissions,emissions,Disengaged,drug_z_x_choice_lag_param,0.13483202457427979,0.2729932963848114,Drug − saline contrast,0.9878046668346518,false
E10,1,3,Transitions,transitions,Engaged → Disengaged,bias,-7.122674942016602,-7.122674942016602,Base coefficient,0.9878046668346518,false
E10,1,3,Transitions,transitions,Engaged → Disengaged,cumulative_reward,3.224681854248047,3.224681854248047,Base coefficient,0.9878046668346518,false
E10,1,3,Transitions,transitions,Engaged → Disengaged,drug_z,1.1930580139160156,2.415574789047241,Drug − saline contrast,0.9878046668346518,false
E10,1,3,Transitions,transitions,Disengaged → Engaged,bias,-3.872302770614624,-3.872302770614624,Base coefficient,0.9878046668346518,false
E10,1,3,Transitions,transitions,Disengaged → Engaged,cumulative_reward,0.5789355039596558,0.5789355039596558,Base coefficient,0.9878046668346518,false
E10,1,3,Transitions,transitions,Disengaged → Engaged,drug_z,0.48668476939201355,0.9853866696357727,Drug − saline contrast,0.9878046668346518,false
E10,1,4,Emissions,emissions,Engaged,bias,-0.07991404831409454,-0.07991404831409454,Base coefficient,0.996821161090391,false
E10,1,4,Emissions,emissions,Engaged,stim_x_delay_param,1.1509686708450317,1.1509686708450317,Base coefficient,0.996821161090391,false
E10,1,4,Emissions,emissions,Engaged,choice_lag_param,0.9207533001899719,0.9207533001899719,Base coefficient,0.996821161090391,false
E10,1,4,Emissions,emissions,Engaged,drug_z_x_stim_x_delay_param,-0.13068145513534546,-0.2621963918209076,Drug − saline contrast,0.996821161090391,false
E10,1,4,Emissions,emissions,Engaged,drug_z_x_choice_lag_param,0.012436481192708015,0.024952281266450882,Drug − saline contrast,0.996821161090391,false
E10,1,4,Emissions,emissions,Disengaged,bias,-0.433714359998703,-0.433714359998703,Base coefficient,0.996821161090391,false
E10,1,4,Emissions,emissions,Disengaged,stim_x_delay_param,0.0,0.0,Base coefficient,0.996821161090391,true
E10,1,4,Emissions,emissions,Disengaged,choice_lag_param,1.3127028942108154,1.3127028942108154,Base coefficient,0.996821161090391,false
E10,1,4,Emissions,emissions,Disengaged,drug_z_x_stim_x_delay_param,0.0,0.0,Drug − saline contrast,0.996821161090391,true
E10,1,4,Emissions,emissions,Disengaged,drug_z_x_choice_lag_param,0.12171243876218796,0.2442011535167694,Drug − saline contrast,0.996821161090391,false
E10,1,4,Transitions,transitions,Engaged → Disengaged,bias,-6.555805683135986,-6.555805683135986,Base coefficient,0.996821161090391,false
E10,1,4,Transitions,transitions,Engaged → Disengaged,cumulative_reward,2.826901912689209,2.826901912689209,Base coefficient,0.996821161090391,false
E10,1,4,Transitions,transitions,Engaged → Disengaged,drug_z,1.1659127473831177,2.339261531829834,Drug − saline contrast,0.996821161090391,false
E10,1,4,Transitions,transitions,Disengaged → Engaged,bias,-2.2481446266174316,-2.2481446266174316,Base coefficient,0.996821161090391,false
E10,1,4,Transitions,transitions,Disengaged → Engaged,cumulative_reward,-0.6400269865989685,-0.6400269865989685,Base coefficient,0.996821161090391,false
E10,1,4,Transitions,transitions,Disengaged → Engaged,drug_z,0.3390706479549408,0.6803038716316223,Drug − saline contrast,0.996821161090391,false
E10,1,5,Emissions,emissions,Engaged,bias,-0.00812515802681446,-0.00812515802681446,Base coefficient,0.9890299392301589,false
E10,1,5,Emissions,emissions,Engaged,stim_x_delay_param,1.04172682762146,1.04172682762146,Base coefficient,0.9890299392301589,false
E10,1,5,Emissions,emissions,Engaged,choice_lag_param,0.9196274876594543,0.9196274876594543,Base coefficient,0.9890299392301589,false
E10,1,5,Emissions,emissions,Engaged,drug_z_x_stim_x_delay_param,-0.13421489298343658,-0.2714071273803711,Drug − saline contrast,0.9890299392301589,false
E10,1,5,Emissions,emissions,Engaged,drug_z_x_choice_lag_param,-0.013095476664602757,-0.02648145705461502,Drug − saline contrast,0.9890299392301589,false
E10,1,5,Emissions,emissions,Disengaged,bias,-0.6809962391853333,-0.6809962391853333,Base coefficient,0.9890299392301589,false
E10,1,5,Emissions,emissions,Disengaged,stim_x_delay_param,0.0,0.0,Base coefficient,0.9890299392301589,true
E10,1,5,Emissions,emissions,Disengaged,choice_lag_param,1.426628828048706,1.426628828048706,Base coefficient,0.9890299392301589,false
E10,1,5,Emissions,emissions,Disengaged,drug_z_x_stim_x_delay_param,0.0,0.0,Drug − saline contrast,0.9890299392301589,true
E10,1,5,Emissions,emissions,Disengaged,drug_z_x_choice_lag_param,-0.01013160403817892,-0.020487962290644646,Drug − saline contrast,0.9890299392301589,false
E10,1,5,Transitions,transitions,Engaged → Disengaged,bias,-6.418387413024902,-6.418387413024902,Base coefficient,0.9890299392301589,false
E10,1,5,Transitions,transitions,Engaged → Disengaged,cumulative_reward,2.9914731979370117,2.9914731979370117,Base coefficient,0.9890299392301589,false
E10,1,5,Transitions,transitions,Engaged → Disengaged,drug_z,1.0363636016845703,2.095717430114746,Drug − saline contrast,0.9890299392301589,false
E10,1,5,Transitions,transitions,Disengaged → Engaged,bias,-2.2926552295684814,-2.2926552295684814,Base coefficient,0.9890299392301589,false
E10,1,5,Transitions,transitions,Disengaged → Engaged,cumulative_reward,-0.04806501790881157,-0.04806501790881157,Base coefficient,0.9890299392301589,false
E10,1,5,Transitions,transitions,Disengaged → Engaged,drug_z,0.11728799343109131,0.23717783391475677,Drug − saline contrast,0.9890299392301589,false
E10,1,6,Emissions,emissions,Engaged,bias,-0.06637832522392273,-0.06637832522392273,Base coefficient,0.9928039374136525,false
E10,1,6,Emissions,emissions,Engaged,stim_x_delay_param,1.0402456521987915,1.0402456521987915,Base coefficient,0.9928039374136525,false
E10,1,6,Emissions,emissions,Engaged,choice_lag_param,0.9252647757530212,0.9252647757530212,Base coefficient,0.9928039374136525,false
E10,1,6,Emissions,emissions,Engaged,drug_z_x_stim_x_delay_param,-0.10758856683969498,-0.2167367935180664,Drug − saline contrast,0.9928039374136525,false
E10,1,6,Emissions,emissions,Engaged,drug_z_x_choice_lag_param,0.0051319473423063755,0.01033828966319561,Drug − saline contrast,0.9928039374136525,false
E10,1,6,Emissions,emissions,Disengaged,bias,-0.21529161930084229,-0.21529161930084229,Base coefficient,0.9928039374136525,false
E10,1,6,Emissions,emissions,Disengaged,stim_x_delay_param,0.0,0.0,Base coefficient,0.9928039374136525,true
E10,1,6,Emissions,emissions,Disengaged,choice_lag_param,1.1605778932571411,1.1605778932571411,Base coefficient,0.9928039374136525,false
E10,1,6,Emissions,emissions,Disengaged,drug_z_x_stim_x_delay_param,0.0,0.0,Drug − saline contrast,0.9928039374136525,true
E10,1,6,Emissions,emissions,Disengaged,drug_z_x_choice_lag_param,0.021041426807641983,0.04238788038492203,Drug − saline contrast,0.9928039374136525,false
E10,1,6,Transitions,transitions,Engaged → Disengaged,bias,-7.477567195892334,-7.477567195892334,Base coefficient,0.9928039374136525,false
E10,1,6,Transitions,transitions,Engaged → Disengaged,cumulative_reward,3.1466562747955322,3.1466562747955322,Base coefficient,0.9928039374136525,false
E10,1,6,Transitions,transitions,Engaged → Disengaged,drug_z,0.5993105173110962,1.2073088884353638,Drug − saline contrast,0.9928039374136525,false
E10,1,6,Transitions,transitions,Disengaged → Engaged,bias,-0.8341066241264343,-0.8341066241264343,Base coefficient,0.9928039374136525,false
E10,1,6,Transitions,transitions,Disengaged → Engaged,cumulative_reward,-5.293131351470947,-5.293131351470947,Base coefficient,0.9928039374136525,false
E10,1,6,Transitions,transitions,Disengaged → Engaged,drug_z,-0.15890271961688995,-0.32010897994041443,Drug − saline contrast,0.9928039374136525,false
E10,1,7,Emissions,emissions,Engaged,bias,-0.12469768524169922,-0.12469768524169922,Base coefficient,0.9895311650867669,false
E10,1,7,Emissions,emissions,Engaged,stim_x_delay_param,1.2067201137542725,1.2067201137542725,Base coefficient,0.9895311650867669,false
E10,1,7,Emissions,emissions,Engaged,choice_lag_param,0.8338578343391418,0.8338578343391418,Base coefficient,0.9895311650867669,false
E10,1,7,Emissions,emissions,Engaged,drug_z_x_stim_x_delay_param,-0.17884480953216553,-0.36147382855415344,Drug − saline contrast,0.9895311650867669,false
E10,1,7,Emissions,emissions,Engaged,drug_z_x_choice_lag_param,0.10317880660295486,0.20854079723358154,Drug − saline contrast,0.9895311650867669,false
E10,1,7,Emissions,emissions,Disengaged,bias,-0.18933604657649994,-0.18933604657649994,Base coefficient,0.9895311650867669,false
E10,1,7,Emissions,emissions,Disengaged,stim_x_delay_param,0.0,0.0,Base coefficient,0.9895311650867669,true
E10,1,7,Emissions,emissions,Disengaged,choice_lag_param,1.3568639755249023,1.3568639755249023,Base coefficient,0.9895311650867669,false
E10,1,7,Emissions,emissions,Disengaged,drug_z_x_stim_x_delay_param,0.0,0.0,Drug − saline contrast,0.9895311650867669,true
E10,1,7,Emissions,emissions,Disengaged,drug_z_x_choice_lag_param,0.010408138856291771,0.021036505699157715,Drug − saline contrast,0.9895311650867669,false
E10,1,7,Transitions,transitions,Engaged → Disengaged,bias,-4.1179327964782715,-4.1179327964782715,Base coefficient,0.9895311650867669,false
E10,1,7,Transitions,transitions,Engaged → Disengaged,cumulative_reward,0.5226439237594604,0.5226439237594604,Base coefficient,0.9895311650867669,false
E10,1,7,Transitions,transitions,Engaged → Disengaged,drug_z,1.4113311767578125,2.852524995803833,Drug − saline contrast,0.9895311650867669,false
E10,1,7,Transitions,transitions,Disengaged → Engaged,bias,-2.7822022438049316,-2.7822022438049316,Base coefficient,0.9895311650867669,false
E10,1,7,Transitions,transitions,Disengaged → Engaged,cumulative_reward,-0.4522022008895874,-0.4522022008895874,Base coefficient,0.9895311650867669,false
E10,1,7,Transitions,transitions,Disengaged → Engaged,drug_z,0.7014604210853577,1.4177632331848145,Drug − saline contrast,0.9895311650867669,false
E10,1,8,Emissions,emissions,Engaged,bias,-0.05055508390069008,-0.05055508390069008,Base coefficient,0.9839030240490871,false
E10,1,8,Emissions,emissions,Engaged,stim_x_delay_param,1.192518949508667,1.192518949508667,Base coefficient,0.9839030240490871,false
E10,1,8,Emissions,emissions,Engaged,choice_lag_param,0.7536985278129578,0.7536985278129578,Base coefficient,0.9839030240490871,false
E10,1,8,Emissions,emissions,Engaged,drug_z_x_stim_x_delay_param,-0.1552111953496933,-0.31550100445747375,Drug − saline contrast,0.9839030240490871,false
E10,1,8,Emissions,emissions,Engaged,drug_z_x_choice_lag_param,-0.021410290151834488,-0.04352113604545593,Drug − saline contrast,0.9839030240490871,false
E10,1,8,Emissions,emissions,Disengaged,bias,0.018955228850245476,0.018955228850245476,Base coefficient,0.9839030240490871,false
E10,1,8,Emissions,emissions,Disengaged,stim_x_delay_param,0.0,0.0,Base coefficient,0.9839030240490871,true
E10,1,8,Emissions,emissions,Disengaged,choice_lag_param,1.200048565864563,1.200048565864563,Base coefficient,0.9839030240490871,false
E10,1,8,Emissions,emissions,Disengaged,drug_z_x_stim_x_delay_param,0.0,0.0,Drug − saline contrast,0.9839030240490871,true
E10,1,8,Emissions,emissions,Disengaged,drug_z_x_choice_lag_param,-0.030708109959959984,-0.062421008944511414,Drug − saline contrast,0.9839030240490871,false
E10,1,8,Transitions,transitions,Engaged → Disengaged,bias,-4.488657474517822,-4.488657474517822,Base coefficient,0.9839030240490871,false
E10,1,8,Transitions,transitions,Engaged → Disengaged,cumulative_reward,0.3967263102531433,0.3967263102531433,Base coefficient,0.9839030240490871,false
E10,1,8,Transitions,transitions,Engaged → Disengaged,drug_z,0.4546108543872833,0.9240968227386475,Drug − saline contrast,0.9839030240490871,false
E10,1,8,Transitions,transitions,Disengaged → Engaged,bias,-3.180783271789551,-3.180783271789551,Base coefficient,0.9839030240490871,false
E10,1,8,Transitions,transitions,Disengaged → Engaged,cumulative_reward,-0.723709762096405,-0.723709762096405,Base coefficient,0.9839030240490871,false
E10,1,8,Transitions,transitions,Disengaged → Engaged,drug_z,-0.16069398820400238,-0.32664597034454346,Drug − saline contrast,0.9839030240490871,false
E10,1,9,Emissions,emissions,Engaged,bias,-0.05169176682829857,-0.05169176682829857,Base coefficient,0.9913056948335454,false
E10,1,9,Emissions,emissions,Engaged,stim_x_delay_param,1.1620041131973267,1.1620041131973267,Base coefficient,0.9913056948335454,false
E10,1,9,Emissions,emissions,Engaged,choice_lag_param,0.8423569798469543,0.8423569798469543,Base coefficient,0.9913056948335454,false
E10,1,9,Emissions,emissions,Engaged,drug_z_x_stim_x_delay_param,-0.18508397042751312,-0.3734145164489746,Drug − saline contrast,0.9913056948335454,false
E10,1,9,Emissions,emissions,Engaged,drug_z_x_choice_lag_param,0.04742145910859108,0.09567474573850632,Drug − saline contrast,0.9913056948335454,false
E10,1,9,Emissions,emissions,Disengaged,bias,-0.10902848839759827,-0.10902848839759827,Base coefficient,0.9913056948335454,false
E10,1,9,Emissions,emissions,Disengaged,stim_x_delay_param,0.0,0.0,Base coefficient,0.9913056948335454,true
E10,1,9,Emissions,emissions,Disengaged,choice_lag_param,1.273749828338623,1.273749828338623,Base coefficient,0.9913056948335454,false
E10,1,9,Emissions,emissions,Disengaged,drug_z_x_stim_x_delay_param,0.0,0.0,Drug − saline contrast,0.9913056948335454,true
E10,1,9,Emissions,emissions,Disengaged,drug_z_x_choice_lag_param,-0.013985338620841503,-0.02821599505841732,Drug − saline contrast,0.9913056948335454,false
E10,1,9,Transitions,transitions,Engaged → Disengaged,bias,-4.490466594696045,-4.490466594696045,Base coefficient,0.9913056948335454,false
E10,1,9,Transitions,transitions,Engaged → Disengaged,cumulative_reward,0.39690834283828735,0.39690834283828735,Base coefficient,0.9913056948335454,false
E10,1,9,Transitions,transitions,Engaged → Disengaged,drug_z,0.8393810391426086,1.6934857368469238,Drug − saline contrast,0.9913056948335454,false
E10,1,9,Transitions,transitions,Disengaged → Engaged,bias,-3.030517816543579,-3.030517816543579,Base coefficient,0.9913056948335454,false
E10,1,9,Transitions,transitions,Disengaged → Engaged,cumulative_reward,-0.8146860599517822,-0.8146860599517822,Base coefficient,0.9913056948335454,false
E10,1,9,Transitions,transitions,Disengaged → Engaged,drug_z,0.2459787130355835,0.49627214670181274,Drug − saline contrast,0.9913056948335454,false
E11,1,1,Emissions,emissions,Engaged,bias,-0.04447450488805771,-0.04447450488805771,Base coefficient,0.9887098303500403,false
E11,1,1,Emissions,emissions,Engaged,stim_x_delay_param,1.1875869035720825,1.1875869035720825,Base coefficient,0.9887098303500403,false
E11,1,1,Emissions,emissions,Engaged,choice_lag_param,0.7647531628608704,0.7647531628608704,Base coefficient,0.9887098303500403,false
E11,1,1,Emissions,emissions,Engaged,drug_z_x_stim_x_delay_param,-0.06206655502319336,-0.12555059790611267,Drug − saline contrast,0.9887098303500403,false
E11,1,1,Emissions,emissions,Engaged,drug_z_x_choice_lag_param,0.3273974061012268,0.6622719764709473,Drug − saline contrast,0.9887098303500403,false
E11,1,1,Emissions,emissions,Disengaged,bias,-1.0761399269104004,-1.0761399269104004,Base coefficient,0.9887098303500403,false
E11,1,1,Emissions,emissions,Disengaged,stim_x_delay_param,0.0,0.0,Base coefficient,0.9887098303500403,true
E11,1,1,Emissions,emissions,Disengaged,choice_lag_param,0.6221148371696472,0.6221148371696472,Base coefficient,0.9887098303500403,false
E11,1,1,Emissions,emissions,Disengaged,drug_z_x_stim_x_delay_param,0.0,0.0,Drug − saline contrast,0.9887098303500403,true
E11,1,1,Emissions,emissions,Disengaged,drug_z_x_choice_lag_param,0.031016822904348373,0.06274201720952988,Drug − saline contrast,0.9887098303500403,false
E11,1,1,Transitions,transitions,Engaged → Disengaged,bias,-4.117537021636963,-4.117537021636963,Base coefficient,0.9887098303500403,false
E11,1,1,Transitions,transitions,Engaged → Disengaged,cumulative_reward,-0.0008493096684105694,-0.0008493096684105694,Base coefficient,0.9887098303500403,false
E11,1,1,Transitions,transitions,Engaged → Disengaged,drug_z,1.711681604385376,3.4624550342559814,Drug − saline contrast,0.9887098303500403,false
E11,1,1,Transitions,transitions,Disengaged → Engaged,bias,-3.236924886703491,-3.236924886703491,Base coefficient,0.9887098303500403,false
E11,1,1,Transitions,transitions,Disengaged → Engaged,cumulative_reward,-0.7296992540359497,-0.7296992540359497,Base coefficient,0.9887098303500403,false
E11,1,1,Transitions,transitions,Disengaged → Engaged,drug_z,0.8382603526115417,1.6956651210784912,Drug − saline contrast,0.9887098303500403,false
E11,1,2,Emissions,emissions,Engaged,bias,-0.012018324807286263,-0.012018324807286263,Base coefficient,0.9959282288994303,false
E11,1,2,Emissions,emissions,Engaged,stim_x_delay_param,1.1624820232391357,1.1624820232391357,Base coefficient,0.9959282288994303,false
E11,1,2,Emissions,emissions,Engaged,choice_lag_param,0.6417199373245239,0.6417199373245239,Base coefficient,0.9959282288994303,false
E11,1,2,Emissions,emissions,Engaged,drug_z_x_stim_x_delay_param,-0.15806376934051514,-0.31742000579833984,Drug − saline contrast,0.9959282288994303,false
E11,1,2,Emissions,emissions,Engaged,drug_z_x_choice_lag_param,0.4840511679649353,0.9720603227615356,Drug − saline contrast,0.9959282288994303,false
E11,1,2,Emissions,emissions,Disengaged,bias,-0.8930352330207825,-0.8930352330207825,Base coefficient,0.9959282288994303,false
E11,1,2,Emissions,emissions,Disengaged,stim_x_delay_param,0.0,0.0,Base coefficient,0.9959282288994303,true
E11,1,2,Emissions,emissions,Disengaged,choice_lag_param,0.6640644073486328,0.6640644073486328,Base coefficient,0.9959282288994303,false
E11,1,2,Emissions,emissions,Disengaged,drug_z_x_stim_x_delay_param,0.0,0.0,Drug − saline contrast,0.9959282288994303,true
E11,1,2,Emissions,emissions,Disengaged,drug_z_x_choice_lag_param,-0.03712063282728195,-0.07454479485750198,Drug − saline contrast,0.9959282288994303,false
E11,1,2,Transitions,transitions,Engaged → Disengaged,bias,-4.697296142578125,-4.697296142578125,Base coefficient,0.9959282288994303,false
E11,1,2,Transitions,transitions,Engaged → Disengaged,cumulative_reward,0.24321147799491882,0.24321147799491882,Base coefficient,0.9959282288994303,false
E11,1,2,Transitions,transitions,Engaged → Disengaged,drug_z,2.497002124786377,5.0144219398498535,Drug − saline contrast,0.9959282288994303,false
E11,1,2,Transitions,transitions,Disengaged → Engaged,bias,-3.911508321762085,-3.911508321762085,Base coefficient,0.9959282288994303,false
E11,1,2,Transitions,transitions,Disengaged → Engaged,cumulative_reward,-0.6744987964630127,-0.6744987964630127,Base coefficient,0.9959282288994303,false
E11,1,2,Transitions,transitions,Disengaged → Engaged,drug_z,1.574916124343872,3.162710189819336,Drug − saline contrast,0.9959282288994303,false
E11,1,3,Emissions,emissions,Engaged,bias,-0.04030265286564827,-0.04030265286564827,Base coefficient,0.9882161542040603,false
E11,1,3,Emissions,emissions,Engaged,stim_x_delay_param,1.235176682472229,1.235176682472229,Base coefficient,0.9882161542040603,false
E11,1,3,Emissions,emissions,Engaged,choice_lag_param,0.825214684009552,0.825214684009552,Base coefficient,0.9882161542040603,false
E11,1,3,Emissions,emissions,Engaged,drug_z_x_stim_x_delay_param,-0.08239249885082245,-0.1667499542236328,Drug − saline contrast,0.9882161542040603,false
E11,1,3,Emissions,emissions,Engaged,drug_z_x_choice_lag_param,0.3023628294467926,0.611936628818512,Drug − saline contrast,0.9882161542040603,false
E11,1,3,Emissions,emissions,Disengaged,bias,-1.0457205772399902,-1.0457205772399902,Base coefficient,0.9882161542040603,false
E11,1,3,Emissions,emissions,Disengaged,stim_x_delay_param,0.0,0.0,Base coefficient,0.9882161542040603,true
E11,1,3,Emissions,emissions,Disengaged,choice_lag_param,0.6234670281410217,0.6234670281410217,Base coefficient,0.9882161542040603,false
E11,1,3,Emissions,emissions,Disengaged,drug_z_x_stim_x_delay_param,0.0,0.0,Drug − saline contrast,0.9882161542040603,true
E11,1,3,Emissions,emissions,Disengaged,drug_z_x_choice_lag_param,0.07025900483131409,0.14219360053539276,Drug − saline contrast,0.9882161542040603,false
E11,1,3,Transitions,transitions,Engaged → Disengaged,bias,-4.032132148742676,-4.032132148742676,Base coefficient,0.9882161542040603,false
E11,1,3,Transitions,transitions,Engaged → Disengaged,cumulative_reward,-0.12256020307540894,-0.12256020307540894,Base coefficient,0.9882161542040603,false
E11,1,3,Transitions,transitions,Engaged → Disengaged,drug_z,1.6752549409866333,3.390462636947632,Drug − saline contrast,0.9882161542040603,false
E11,1,3,Transitions,transitions,Disengaged → Engaged,bias,-3.168687343597412,-3.168687343597412,Base coefficient,0.9882161542040603,false
E11,1,3,Transitions,transitions,Disengaged → Engaged,cumulative_reward,-0.8592296838760376,-0.8592296838760376,Base coefficient,0.9882161542040603,false
E11,1,3,Transitions,transitions,Disengaged → Engaged,drug_z,0.7563310861587524,1.5306997299194336,Drug − saline contrast,0.9882161542040603,false
E11,1,4,Emissions,emissions,Engaged,bias,-0.017801010981202126,-0.017801010981202126,Base coefficient,0.9982894180409149,false
E11,1,4,Emissions,emissions,Engaged,stim_x_delay_param,1.195863962173462,1.195863962173462,Base coefficient,0.9982894180409149,false
E11,1,4,Emissions,emissions,Engaged,choice_lag_param,0.6438417434692383,0.6438417434692383,Base coefficient,0.9982894180409149,false
E11,1,4,Emissions,emissions,Engaged,drug_z_x_stim_x_delay_param,-0.08485305309295654,-0.16999690234661102,Drug − saline contrast,0.9982894180409149,false
E11,1,4,Emissions,emissions,Engaged,drug_z_x_choice_lag_param,0.23924052715301514,0.47930094599723816,Drug − saline contrast,0.9982894180409149,false
E11,1,4,Emissions,emissions,Disengaged,bias,-0.8250981569290161,-0.8250981569290161,Base coefficient,0.9982894180409149,false
E11,1,4,Emissions,emissions,Disengaged,stim_x_delay_param,0.0,0.0,Base coefficient,0.9982894180409149,true
E11,1,4,Emissions,emissions,Disengaged,choice_lag_param,0.6106247901916504,0.6106247901916504,Base coefficient,0.9982894180409149,false
E11,1,4,Emissions,emissions,Disengaged,drug_z_x_stim_x_delay_param,0.0,0.0,Drug − saline contrast,0.9982894180409149,true
E11,1,4,Emissions,emissions,Disengaged,drug_z_x_choice_lag_param,0.03060637228190899,0.06131763383746147,Drug − saline contrast,0.9982894180409149,false
E11,1,4,Transitions,transitions,Engaged → Disengaged,bias,-4.855444431304932,-4.855444431304932,Base coefficient,0.9982894180409149,false
E11,1,4,Transitions,transitions,Engaged → Disengaged,cumulative_reward,-0.9454196095466614,-0.9454196095466614,Base coefficient,0.9982894180409149,false
E11,1,4,Transitions,transitions,Engaged → Disengaged,drug_z,1.4788901805877686,2.962848663330078,Drug − saline contrast,0.9982894180409149,false
E11,1,4,Transitions,transitions,Disengaged → Engaged,bias,-4.94210147857666,-4.94210147857666,Base coefficient,0.9982894180409149,false
E11,1,4,Transitions,transitions,Disengaged → Engaged,cumulative_reward,-2.8757851123809814,-2.8757851123809814,Base coefficient,0.9982894180409149,false
E11,1,4,Transitions,transitions,Disengaged → Engaged,drug_z,0.4026712477207184,0.8067224621772766,Drug − saline contrast,0.9982894180409149,false
E11,1,5,Emissions,emissions,Engaged,bias,-0.005947612691670656,-0.005947612691670656,Base coefficient,0.9911390189780617,false
E11,1,5,Emissions,emissions,Engaged,stim_x_delay_param,1.2282363176345825,1.2282363176345825,Base coefficient,0.9911390189780617,false
E11,1,5,Emissions,emissions,Engaged,choice_lag_param,0.7694255113601685,0.7694255113601685,Base coefficient,0.9911390189780617,false
E11,1,5,Emissions,emissions,Engaged,drug_z_x_stim_x_delay_param,-0.07569386065006256,-0.15274116396903992,Drug − saline contrast,0.9911390189780617,false
E11,1,5,Emissions,emissions,Engaged,drug_z_x_choice_lag_param,0.34147682785987854,0.6890594363212585,Drug − saline contrast,0.9911390189780617,false
E11,1,5,Emissions,emissions,Disengaged,bias,-1.029961109161377,-1.029961109161377,Base coefficient,0.9911390189780617,false
E11,1,5,Emissions,emissions,Disengaged,stim_x_delay_param,0.0,0.0,Base coefficient,0.9911390189780617,true
E11,1,5,Emissions,emissions,Disengaged,choice_lag_param,0.6272859573364258,0.6272859573364258,Base coefficient,0.9911390189780617,false
E11,1,5,Emissions,emissions,Disengaged,drug_z_x_stim_x_delay_param,0.0,0.0,Drug − saline contrast,0.9911390189780617,true
E11,1,5,Emissions,emissions,Disengaged,drug_z_x_choice_lag_param,0.03893917798995972,0.07857460528612137,Drug − saline contrast,0.9911390189780617,false
E11,1,5,Transitions,transitions,Engaged → Disengaged,bias,-4.046421051025391,-4.046421051025391,Base coefficient,0.9911390189780617,false
E11,1,5,Transitions,transitions,Engaged → Disengaged,cumulative_reward,-0.16911959648132324,-0.16911959648132324,Base coefficient,0.9911390189780617,false
E11,1,5,Transitions,transitions,Engaged → Disengaged,drug_z,1.643998622894287,3.317392587661743,Drug − saline contrast,0.9911390189780617,false
E11,1,5,Transitions,transitions,Disengaged → Engaged,bias,-3.244480609893799,-3.244480609893799,Base coefficient,0.9911390189780617,false
E11,1,5,Transitions,transitions,Disengaged → Engaged,cumulative_reward,-0.971423327922821,-0.971423327922821,Base coefficient,0.9911390189780617,false
E11,1,5,Transitions,transitions,Disengaged → Engaged,drug_z,0.716472864151001,1.4457565546035767,Drug − saline contrast,0.9911390189780617,false
E11,1,6,Emissions,emissions,Engaged,bias,-0.02525092288851738,-0.02525092288851738,Base coefficient,0.9987866682715342,false
E11,1,6,Emissions,emissions,Engaged,stim_x_delay_param,1.1953706741333008,1.1953706741333008,Base coefficient,0.9987866682715342,false
E11,1,6,Emissions,emissions,Engaged,choice_lag_param,0.6474449038505554,0.6474449038505554,Base coefficient,0.9987866682715342,false
E11,1,6,Emissions,emissions,Engaged,drug_z_x_stim_x_delay_param,-0.08422812074422836,-0.16866087913513184,Drug − saline contrast,0.9987866682715342,false
E11,1,6,Emissions,emissions,Engaged,drug_z_x_choice_lag_param,0.2953454256057739,0.5914084315299988,Drug − saline contrast,0.9987866682715342,false
E11,1,6,Emissions,emissions,Disengaged,bias,-0.9433361291885376,-0.9433361291885376,Base coefficient,0.9987866682715342,false
E11,1,6,Emissions,emissions,Disengaged,stim_x_delay_param,0.0,0.0,Base coefficient,0.9987866682715342,true
E11,1,6,Emissions,emissions,Disengaged,choice_lag_param,0.6277778744697571,0.6277778744697571,Base coefficient,0.9987866682715342,false
E11,1,6,Emissions,emissions,Disengaged,drug_z_x_stim_x_delay_param,0.0,0.0,Drug − saline contrast,0.9987866682715342,true
E11,1,6,Emissions,emissions,Disengaged,drug_z_x_choice_lag_param,0.02890995889902115,0.0578901581466198,Drug − saline contrast,0.9987866682715342,false
E11,1,6,Transitions,transitions,Engaged → Disengaged,bias,-4.68233060836792,-4.68233060836792,Base coefficient,0.9987866682715342,false
E11,1,6,Transitions,transitions,Engaged → Disengaged,cumulative_reward,-0.5543252229690552,-0.5543252229690552,Base coefficient,0.9987866682715342,false
E11,1,6,Transitions,transitions,Engaged → Disengaged,drug_z,1.4866313934326172,2.976874589920044,Drug − saline contrast,0.9987866682715342,false
E11,1,6,Transitions,transitions,Disengaged → Engaged,bias,-4.097020149230957,-4.097020149230957,Base coefficient,0.9987866682715342,false
E11,1,6,Transitions,transitions,Disengaged → Engaged,cumulative_reward,-2.0111091136932373,-2.0111091136932373,Base coefficient,0.9987866682715342,false
E11,1,6,Transitions,transitions,Disengaged → Engaged,drug_z,0.47059914469718933,0.9423416256904602,Drug − saline contrast,0.9987866682715342,false
E11,1,7,Emissions,emissions,Engaged,bias,0.012721114791929722,0.012721114791929722,Base coefficient,0.9921459733734387,false
E11,1,7,Emissions,emissions,Engaged,stim_x_delay_param,1.1879770755767822,1.1879770755767822,Base coefficient,0.9921459733734387,false
E11,1,7,Emissions,emissions,Engaged,choice_lag_param,0.6899542212486267,0.6899542212486267,Base coefficient,0.9921459733734387,false
E11,1,7,Emissions,emissions,Engaged,drug_z_x_stim_x_delay_param,-0.05955993011593819,-0.12006283551454544,Drug − saline contrast,0.9921459733734387,false
E11,1,7,Emissions,emissions,Engaged,drug_z_x_choice_lag_param,0.36898934841156006,0.7438207268714905,Drug − saline contrast,0.9921459733734387,false
E11,1,7,Emissions,emissions,Disengaged,bias,-1.02971613407135,-1.02971613407135,Base coefficient,0.9921459733734387,false
E11,1,7,Emissions,emissions,Disengaged,stim_x_delay_param,0.0,0.0,Base coefficient,0.9921459733734387,true
E11,1,7,Emissions,emissions,Disengaged,choice_lag_param,0.6081249713897705,0.6081249713897705,Base coefficient,0.9921459733734387,false
E11,1,7,Emissions,emissions,Disengaged,drug_z_x_stim_x_delay_param,0.0,0.0,Drug − saline contrast,0.9921459733734387,true
E11,1,7,Emissions,emissions,Disengaged,drug_z_x_choice_lag_param,0.0240180604159832,0.0484163835644722,Drug − saline contrast,0.9921459733734387,false
E11,1,7,Transitions,transitions,Engaged → Disengaged,bias,-4.265803813934326,-4.265803813934326,Base coefficient,0.9921459733734387,false
E11,1,7,Transitions,transitions,Engaged → Disengaged,cumulative_reward,-0.16639293730258942,-0.16639293730258942,Base coefficient,0.9921459733734387,false
E11,1,7,Transitions,transitions,Engaged → Disengaged,drug_z,1.7844027280807495,3.5970568656921387,Drug − saline contrast,0.9921459733734387,false
E11,1,7,Transitions,transitions,Disengaged → Engaged,bias,-3.5206477642059326,-3.5206477642059326,Base coefficient,0.9921459733734387,false
E11,1,7,Transitions,transitions,Disengaged → Engaged,cumulative_reward,-1.0248947143554688,-1.0248947143554688,Base coefficient,0.9921459733734387,false
E11,1,7,Transitions,transitions,Disengaged → Engaged,drug_z,0.8995341658592224,1.813310146331787,Drug − saline contrast,0.9921459733734387,false
E11,1,8,Emissions,emissions,Engaged,bias,-0.1178068220615387,-0.1178068220615387,Base coefficient,0.9953195317436815,false
E11,1,8,Emissions,emissions,Engaged,stim_x_delay_param,1.269834280014038,1.269834280014038,Base coefficient,0.9953195317436815,false
E11,1,8,Emissions,emissions,Engaged,choice_lag_param,0.622221052646637,0.622221052646637,Base coefficient,0.9953195317436815,false
E11,1,8,Emissions,emissions,Engaged,drug_z_x_stim_x_delay_param,0.024474887177348137,0.049179960042238235,Drug − saline contrast,0.9953195317436815,false
E11,1,8,Emissions,emissions,Engaged,drug_z_x_choice_lag_param,0.41037407517433167,0.8246076703071594,Drug − saline contrast,0.9953195317436815,false
E11,1,8,Emissions,emissions,Disengaged,bias,-1.0568509101867676,-1.0568509101867676,Base coefficient,0.9953195317436815,false
E11,1,8,Emissions,emissions,Disengaged,stim_x_delay_param,0.0,0.0,Base coefficient,0.9953195317436815,true
E11,1,8,Emissions,emissions,Disengaged,choice_lag_param,0.57105952501297,0.57105952501297,Base coefficient,0.9953195317436815,false
E11,1,8,Emissions,emissions,Disengaged,drug_z_x_stim_x_delay_param,0.0,0.0,Drug − saline contrast,0.9953195317436815,true
E11,1,8,Emissions,emissions,Disengaged,drug_z_x_choice_lag_param,0.010095685720443726,0.0202863197773695,Drug − saline contrast,0.9953195317436815,false
E11,1,8,Transitions,transitions,Engaged → Disengaged,bias,-4.466973781585693,-4.466973781585693,Base coefficient,0.9953195317436815,false
E11,1,8,Transitions,transitions,Engaged → Disengaged,cumulative_reward,-0.24415713548660278,-0.24415713548660278,Base coefficient,0.9953195317436815,false
E11,1,8,Transitions,transitions,Engaged → Disengaged,drug_z,1.7487993240356445,3.5140459537506104,Drug − saline contrast,0.9953195317436815,false
E11,1,8,Transitions,transitions,Disengaged → Engaged,bias,-3.7815911769866943,-3.7815911769866943,Base coefficient,0.9953195317436815,false
E11,1,8,Transitions,transitions,Disengaged → Engaged,cumulative_reward,-1.1429258584976196,-1.1429258584976196,Base coefficient,0.9953195317436815,false
E11,1,8,Transitions,transitions,Disengaged → Engaged,drug_z,0.6936445832252502,1.393812894821167,Drug − saline contrast,0.9953195317436815,false
E11,1,9,Emissions,emissions,Engaged,bias,-0.005947452504187822,-0.005947452504187822,Base coefficient,0.9969423066902786,false
E11,1,9,Emissions,emissions,Engaged,stim_x_delay_param,1.1970709562301636,1.1970709562301636,Base coefficient,0.9969423066902786,false
E11,1,9,Emissions,emissions,Engaged,choice_lag_param,0.6409924030303955,0.6409924030303955,Base coefficient,0.9969423066902786,false
E11,1,9,Emissions,emissions,Engaged,drug_z_x_stim_x_delay_param,-0.07680020481348038,-0.15407150983810425,Drug − saline contrast,0.9969423066902786,false
E11,1,9,Emissions,emissions,Engaged,drug_z_x_choice_lag_param,0.30735766887664795,0.616600751876831,Drug − saline contrast,0.9969423066902786,false
E11,1,9,Emissions,emissions,Disengaged,bias,-0.9406525492668152,-0.9406525492668152,Base coefficient,0.9969423066902786,false
E11,1,9,Emissions,emissions,Disengaged,stim_x_delay_param,0.0,0.0,Base coefficient,0.9969423066902786,true
E11,1,9,Emissions,emissions,Disengaged,choice_lag_param,0.6649309992790222,0.6649309992790222,Base coefficient,0.9969423066902786,false
E11,1,9,Emissions,emissions,Disengaged,drug_z_x_stim_x_delay_param,0.0,0.0,Drug − saline contrast,0.9969423066902786,true
E11,1,9,Emissions,emissions,Disengaged,drug_z_x_choice_lag_param,0.045981213450431824,0.09224448353052139,Drug − saline contrast,0.9969423066902786,false
E11,1,9,Transitions,transitions,Engaged → Disengaged,bias,-4.605819225311279,-4.605819225311279,Base coefficient,0.9969423066902786,false
E11,1,9,Transitions,transitions,Engaged → Disengaged,cumulative_reward,-0.010854016058146954,-0.010854016058146954,Base coefficient,0.9969423066902786,false
E11,1,9,Transitions,transitions,Engaged → Disengaged,drug_z,1.6089857816696167,3.227841377258301,Drug − saline contrast,0.9969423066902786,false
E11,1,9,Transitions,transitions,Disengaged → Engaged,bias,-3.496269464492798,-3.496269464492798,Base coefficient,0.9969423066902786,false
E11,1,9,Transitions,transitions,Disengaged → Engaged,cumulative_reward,-0.6687799692153931,-0.6687799692153931,Base coefficient,0.9969423066902786,false
E11,1,9,Transitions,transitions,Disengaged → Engaged,drug_z,0.7053359150886536,1.4149985313415527,Drug − saline contrast,0.9969423066902786,false
E11,1,10,Emissions,emissions,Engaged,bias,-0.21256034076213837,-0.21256034076213837,Base coefficient,0.9929890322749474,false
E11,1,10,Emissions,emissions,Engaged,stim_x_delay_param,1.2315244674682617,1.2315244674682617,Base coefficient,0.9929890322749474,false
E11,1,10,Emissions,emissions,Engaged,choice_lag_param,0.5237517952919006,0.5237517952919006,Base coefficient,0.9929890322749474,false
E11,1,10,Emissions,emissions,Engaged,drug_z_x_stim_x_delay_param,-0.08587388694286346,-0.17296040058135986,Drug − saline contrast,0.9929890322749474,false
E11,1,10,Emissions,emissions,Engaged,drug_z_x_choice_lag_param,0.4290378987789154,0.8641342520713806,Drug − saline contrast,0.9929890322749474,false
E11,1,10,Emissions,emissions,Disengaged,bias,-0.6043658256530762,-0.6043658256530762,Base coefficient,0.9929890322749474,false
E11,1,10,Emissions,emissions,Disengaged,stim_x_delay_param,0.0,0.0,Base coefficient,0.9929890322749474,true
E11,1,10,Emissions,emissions,Disengaged,choice_lag_param,0.8737149834632874,0.8737149834632874,Base coefficient,0.9929890322749474,false
E11,1,10,Emissions,emissions,Disengaged,drug_z_x_stim_x_delay_param,0.0,0.0,Drug − saline contrast,0.9929890322749474,true
E11,1,10,Emissions,emissions,Disengaged,drug_z_x_choice_lag_param,0.005166430491954088,0.01040581613779068,Drug − saline contrast,0.9929890322749474,false
E11,1,10,Transitions,transitions,Engaged → Disengaged,bias,-4.168348789215088,-4.168348789215088,Base coefficient,0.9929890322749474,false
E11,1,10,Transitions,transitions,Engaged → Disengaged,cumulative_reward,-0.3767860233783722,-0.3767860233783722,Base coefficient,0.9929890322749474,false
E11,1,10,Transitions,transitions,Engaged → Disengaged,drug_z,1.8052204847335815,3.635932445526123,Drug − saline contrast,0.9929890322749474,false
E11,1,10,Transitions,transitions,Disengaged → Engaged,bias,-3.5420889854431152,-3.5420889854431152,Base coefficient,0.9929890322749474,false
E11,1,10,Transitions,transitions,Disengaged → Engaged,cumulative_reward,-1.3112807273864746,-1.3112807273864746,Base coefficient,0.9929890322749474,false
E11,1,10,Transitions,transitions,Disengaged → Engaged,drug_z,0.7937709093093872,1.5987507104873657,Drug − saline contrast,0.9929890322749474,false
E11,1,11,Emissions,emissions,Engaged,bias,-0.02553037740290165,-0.02553037740290165,Base coefficient,0.9996201771077837,false
E11,1,11,Emissions,emissions,Engaged,stim_x_delay_param,1.2106151580810547,1.2106151580810547,Base coefficient,0.9996201771077837,false
E11,1,11,Emissions,emissions,Engaged,choice_lag_param,0.7236288785934448,0.7236288785934448,Base coefficient,0.9996201771077837,false
E11,1,11,Emissions,emissions,Engaged,drug_z_x_stim_x_delay_param,-0.07056771963834763,-0.1411890685558319,Drug − saline contrast,0.9996201771077837,false
E11,1,11,Emissions,emissions,Engaged,drug_z_x_choice_lag_param,0.4073368310928345,0.8149831891059875,Drug − saline contrast,0.9996201771077837,false
E11,1,11,Emissions,emissions,Disengaged,bias,-1.3040939569473267,-1.3040939569473267,Base coefficient,0.9996201771077837,false
E11,1,11,Emissions,emissions,Disengaged,stim_x_delay_param,0.0,0.0,Base coefficient,0.9996201771077837,true
E11,1,11,Emissions,emissions,Disengaged,choice_lag_param,0.4827238619327545,0.4827238619327545,Base coefficient,0.9996201771077837,false
E11,1,11,Emissions,emissions,Disengaged,drug_z_x_stim_x_delay_param,0.0,0.0,Drug − saline contrast,0.9996201771077837,true
E11,1,11,Emissions,emissions,Disengaged,drug_z_x_choice_lag_param,0.02623048983514309,0.05248091369867325,Drug − saline contrast,0.9996201771077837,false
E11,1,11,Transitions,transitions,Engaged → Disengaged,bias,-4.3259711265563965,-4.3259711265563965,Base coefficient,0.9996201771077837,false
E11,1,11,Transitions,transitions,Engaged → Disengaged,cumulative_reward,0.025360066443681717,0.025360066443681717,Base coefficient,0.9996201771077837,false
E11,1,11,Transitions,transitions,Engaged → Disengaged,drug_z,1.5803653001785278,3.1619315147399902,Drug − saline contrast,0.9996201771077837,false
E11,1,11,Transitions,transitions,Disengaged → Engaged,bias,-3.0910322666168213,-3.0910322666168213,Base coefficient,0.9996201771077837,false
E11,1,11,Transitions,transitions,Disengaged → Engaged,cumulative_reward,-0.6344841122627258,-0.6344841122627258,Base coefficient,0.9996201771077837,false
E11,1,11,Transitions,transitions,Disengaged → Engaged,drug_z,0.6405611038208008,1.2816089391708374,Drug − saline contrast,0.9996201771077837,false
E13,1,1,Emissions,emissions,Engaged,bias,-0.3187408149242401,-0.3187408149242401,Base coefficient,0.9826262184514072,false
E13,1,1,Emissions,emissions,Engaged,stim_x_delay_param,1.7107096910476685,1.7107096910476685,Base coefficient,0.9826262184514072,false
E13,1,1,Emissions,emissions,Engaged,choice_lag_param,0.9109092354774475,0.9109092354774475,Base coefficient,0.9826262184514072,false
E13,1,1,Emissions,emissions,Engaged,drug_z_x_stim_x_delay_param,-0.19009989500045776,-0.38692209124565125,Drug − saline contrast,0.9826262184514072,false
E13,1,1,Emissions,emissions,Engaged,drug_z_x_choice_lag_param,0.4075982868671417,0.8296100497245789,Drug − saline contrast,0.9826262184514072,false
E13,1,1,Emissions,emissions,Disengaged,bias,0.3671424984931946,0.3671424984931946,Base coefficient,0.9826262184514072,false
E13,1,1,Emissions,emissions,Disengaged,stim_x_delay_param,0.0,0.0,Base coefficient,0.9826262184514072,true
E13,1,1,Emissions,emissions,Disengaged,choice_lag_param,0.9890109896659851,0.9890109896659851,Base coefficient,0.9826262184514072,false
E13,1,1,Emissions,emissions,Disengaged,drug_z_x_stim_x_delay_param,0.0,0.0,Drug − saline contrast,0.9826262184514072,true
E13,1,1,Emissions,emissions,Disengaged,drug_z_x_choice_lag_param,-0.012692539021372795,-0.025833910331130028,Drug − saline contrast,0.9826262184514072,false
E13,1,1,Transitions,transitions,Engaged → Disengaged,bias,-3.1130778789520264,-3.1130778789520264,Base coefficient,0.9826262184514072,false
E13,1,1,Transitions,transitions,Engaged → Disengaged,cumulative_reward,-0.33914855122566223,-0.33914855122566223,Base coefficient,0.9826262184514072,false
E13,1,1,Transitions,transitions,Engaged → Disengaged,drug_z,0.5486195087432861,1.116639256477356,Drug − saline contrast,0.9826262184514072,false
E13,1,1,Transitions,transitions,Disengaged → Engaged,bias,-3.3971142768859863,-3.3971142768859863,Base coefficient,0.9826262184514072,false
E13,1,1,Transitions,transitions,Disengaged → Engaged,cumulative_reward,-1.7552529573440552,-1.7552529573440552,Base coefficient,0.9826262184514072,false
E13,1,1,Transitions,transitions,Disengaged → Engaged,drug_z,-0.22861319780349731,-0.46531060338020325,Drug − saline contrast,0.9826262184514072,false
E13,1,2,Emissions,emissions,Engaged,bias,0.22774073481559753,0.22774073481559753,Base coefficient,0.9982854997265687,false
E13,1,2,Emissions,emissions,Engaged,stim_x_delay_param,1.223575234413147,1.223575234413147,Base coefficient,0.9982854997265687,false
E13,1,2,Emissions,emissions,Engaged,choice_lag_param,0.9905201196670532,0.9905201196670532,Base coefficient,0.9982854997265687,false
E13,1,2,Emissions,emissions,Engaged,drug_z_x_stim_x_delay_param,-0.02866506576538086,-0.057428594678640366,Drug − saline contrast,0.9982854997265687,false
E13,1,2,Emissions,emissions,Engaged,drug_z_x_choice_lag_param,0.31791889667510986,0.6369298100471497,Drug − saline contrast,0.9982854997265687,false
E13,1,2,Emissions,emissions,Disengaged,bias,0.1828913688659668,0.1828913688659668,Base coefficient,0.9982854997265687,false
E13,1,2,Emissions,emissions,Disengaged,stim_x_delay_param,0.0,0.0,Base coefficient,0.9982854997265687,true
E13,1,2,Emissions,emissions,Disengaged,choice_lag_param,1.0194827318191528,1.0194827318191528,Base coefficient,0.9982854997265687,false
E13,1,2,Emissions,emissions,Disengaged,drug_z_x_stim_x_delay_param,0.0,0.0,Drug − saline contrast,0.9982854997265687,true
E13,1,2,Emissions,emissions,Disengaged,drug_z_x_choice_lag_param,-0.13861112296581268,-0.2776983678340912,Drug − saline contrast,0.9982854997265687,false
E13,1,2,Transitions,transitions,Engaged → Disengaged,bias,-5.765562057495117,-5.765562057495117,Base coefficient,0.9982854997265687,false
E13,1,2,Transitions,transitions,Engaged → Disengaged,cumulative_reward,1.7355058193206787,1.7355058193206787,Base coefficient,0.9982854997265687,false
E13,1,2,Transitions,transitions,Engaged → Disengaged,drug_z,1.219612956047058,2.4434151649475098,Drug − saline contrast,0.9982854997265687,false
E13,1,2,Transitions,transitions,Disengaged → Engaged,bias,-8.678435325622559,-8.678435325622559,Base coefficient,0.9982854997265687,false
E13,1,2,Transitions,transitions,Disengaged → Engaged,cumulative_reward,0.0819348469376564,0.0819348469376564,Base coefficient,0.9982854997265687,false
E13,1,2,Transitions,transitions,Disengaged → Engaged,drug_z,0.1406666785478592,0.2818165421485901,Drug − saline contrast,0.9982854997265687,false
E13,1,3,Emissions,emissions,Engaged,bias,0.22546803951263428,0.22546803951263428,Base coefficient,0.9304118126678643,false
E13,1,3,Emissions,emissions,Engaged,stim_x_delay_param,1.6162950992584229,1.6162950992584229,Base coefficient,0.9304118126678643,false
E13,1,3,Emissions,emissions,Engaged,choice_lag_param,0.7729475498199463,0.7729475498199463,Base coefficient,0.9304118126678643,false
E13,1,3,Emissions,emissions,Engaged,drug_z_x_stim_x_delay_param,-0.07350239157676697,-0.1579996943473816,Drug − saline contrast,0.9304118126678643,false
E13,1,3,Emissions,emissions,Engaged,drug_z_x_choice_lag_param,0.31814220547676086,0.6838739514350891,Drug − saline contrast,0.9304118126678643,false
E13,1,3,Emissions,emissions,Disengaged,bias,0.27103492617607117,0.27103492617607117,Base coefficient,0.9304118126678643,false
E13,1,3,Emissions,emissions,Disengaged,stim_x_delay_param,0.0,0.0,Base coefficient,0.9304118126678643,true
E13,1,3,Emissions,emissions,Disengaged,choice_lag_param,1.0249401330947876,1.0249401330947876,Base coefficient,0.9304118126678643,false
E13,1,3,Emissions,emissions,Disengaged,drug_z_x_stim_x_delay_param,0.0,0.0,Drug − saline contrast,0.9304118126678643,true
E13,1,3,Emissions,emissions,Disengaged,drug_z_x_choice_lag_param,-0.1268719881772995,-0.2727222144603729,Drug − saline contrast,0.9304118126678643,false
E13,1,3,Transitions,transitions,Engaged → Disengaged,bias,-3.9021754264831543,-3.9021754264831543,Base coefficient,0.9304118126678643,false
E13,1,3,Transitions,transitions,Engaged → Disengaged,cumulative_reward,-0.13670381903648376,-0.13670381903648376,Base coefficient,0.9304118126678643,false
E13,1,3,Transitions,transitions,Engaged → Disengaged,drug_z,0.7462624311447144,1.6041550636291504,Drug − saline contrast,0.9304118126678643,false
E13,1,3,Transitions,transitions,Disengaged → Engaged,bias,-4.252777099609375,-4.252777099609375,Base coefficient,0.9304118126678643,false
E13,1,3,Transitions,transitions,Disengaged → Engaged,cumulative_reward,-1.6094682216644287,-1.6094682216644287,Base coefficient,0.9304118126678643,false
E13,1,3,Transitions,transitions,Disengaged → Engaged,drug_z,-0.7320016026496887,-1.5735002756118774,Drug − saline contrast,0.9304118126678643,false
E13,1,4,Emissions,emissions,Engaged,bias,-0.0653621032834053,-0.0653621032834053,Base coefficient,0.9801185648219257,false
E13,1,4,Emissions,emissions,Engaged,stim_x_delay_param,1.4482555389404297,1.4482555389404297,Base coefficient,0.9801185648219257,false
E13,1,4,Emissions,emissions,Engaged,choice_lag_param,0.8017538785934448,0.8017538785934448,Base coefficient,0.9801185648219257,false
E13,1,4,Emissions,emissions,Engaged,drug_z_x_stim_x_delay_param,-0.3082042932510376,-0.6289122700691223,Drug − saline contrast,0.9801185648219257,false
E13,1,4,Emissions,emissions,Engaged,drug_z_x_choice_lag_param,0.11071649193763733,0.22592468559741974,Drug − saline contrast,0.9801185648219257,false
E13,1,4,Emissions,emissions,Disengaged,bias,1.1748594045639038,1.1748594045639038,Base coefficient,0.9801185648219257,false
E13,1,4,Emissions,emissions,Disengaged,stim_x_delay_param,0.0,0.0,Base coefficient,0.9801185648219257,true
E13,1,4,Emissions,emissions,Disengaged,choice_lag_param,1.1949882507324219,1.1949882507324219,Base coefficient,0.9801185648219257,false
E13,1,4,Emissions,emissions,Disengaged,drug_z_x_stim_x_delay_param,0.0,0.0,Drug − saline contrast,0.9801185648219257,true
E13,1,4,Emissions,emissions,Disengaged,drug_z_x_choice_lag_param,-0.02123192884027958,-0.04332522675395012,Drug − saline contrast,0.9801185648219257,false
E13,1,4,Transitions,transitions,Engaged → Disengaged,bias,-3.2159805297851562,-3.2159805297851562,Base coefficient,0.9801185648219257,false
E13,1,4,Transitions,transitions,Engaged → Disengaged,cumulative_reward,0.8997731804847717,0.8997731804847717,Base coefficient,0.9801185648219257,false
E13,1,4,Transitions,transitions,Engaged → Disengaged,drug_z,0.8966426849365234,1.8296616077423096,Drug − saline contrast,0.9801185648219257,false
E13,1,4,Transitions,transitions,Disengaged → Engaged,bias,-2.0727951526641846,-2.0727951526641846,Base coefficient,0.9801185648219257,false
E13,1,4,Transitions,transitions,Disengaged → Engaged,cumulative_reward,-0.3052179217338562,-0.3052179217338562,Base coefficient,0.9801185648219257,false
E13,1,4,Transitions,transitions,Disengaged → Engaged,drug_z,0.11177168041467667,0.22807787358760834,Drug − saline contrast,0.9801185648219257,false
E13,1,5,Emissions,emissions,Engaged,bias,0.20259736478328705,0.20259736478328705,Base coefficient,0.9919900812657553,false
E13,1,5,Emissions,emissions,Engaged,stim_x_delay_param,1.6557306051254272,1.6557306051254272,Base coefficient,0.9919900812657553,false
E13,1,5,Emissions,emissions,Engaged,choice_lag_param,1.244554877281189,1.244554877281189,Base coefficient,0.9919900812657553,false
E13,1,5,Emissions,emissions,Engaged,drug_z_x_stim_x_delay_param,-0.3486803472042084,-0.7029916048049927,Drug − saline contrast,0.9919900812657553,false
E13,1,5,Emissions,emissions,Engaged,drug_z_x_choice_lag_param,0.12949422001838684,0.26107966899871826,Drug − saline contrast,0.9919900812657553,false
E13,1,5,Emissions,emissions,Disengaged,bias,0.23366130888462067,0.23366130888462067,Base coefficient,0.9919900812657553,false
E13,1,5,Emissions,emissions,Disengaged,stim_x_delay_param,0.0,0.0,Base coefficient,0.9919900812657553,true
E13,1,5,Emissions,emissions,Disengaged,choice_lag_param,1.0674781799316406,1.0674781799316406,Base coefficient,0.9919900812657553,false
E13,1,5,Emissions,emissions,Disengaged,drug_z_x_stim_x_delay_param,0.0,0.0,Drug − saline contrast,0.9919900812657553,true
E13,1,5,Emissions,emissions,Disengaged,drug_z_x_choice_lag_param,-0.2670358717441559,-0.5383841395378113,Drug − saline contrast,0.9919900812657553,false
E13,1,5,Transitions,transitions,Engaged → Disengaged,bias,-5.743581295013428,-5.743581295013428,Base coefficient,0.9919900812657553,false
E13,1,5,Transitions,transitions,Engaged → Disengaged,cumulative_reward,2.6744298934936523,2.6744298934936523,Base coefficient,0.9919900812657553,false
E13,1,5,Transitions,transitions,Engaged → Disengaged,drug_z,0.836847186088562,1.6872087717056274,Drug − saline contrast,0.9919900812657553,false
E13,1,5,Transitions,transitions,Disengaged → Engaged,bias,-9.274794578552246,-9.274794578552246,Base coefficient,0.9919900812657553,false
E13,1,5,Transitions,transitions,Disengaged → Engaged,cumulative_reward,4.080087661743164,4.080087661743164,Base coefficient,0.9919900812657553,false
E13,1,5,Transitions,transitions,Disengaged → Engaged,drug_z,-0.5518045425415039,-1.1125202178955078,Drug − saline contrast,0.9919900812657553,false
E13,1,6,Emissions,emissions,Engaged,bias,0.09674864262342453,0.09674864262342453,Base coefficient,0.9613475308413625,false
E13,1,6,Emissions,emissions,Engaged,stim_x_delay_param,1.3972067832946777,1.3972067832946777,Base coefficient,0.9613475308413625,false
E13,1,6,Emissions,emissions,Engaged,choice_lag_param,0.9364232420921326,0.9364232420921326,Base coefficient,0.9613475308413625,false
E13,1,6,Emissions,emissions,Engaged,drug_z_x_stim_x_delay_param,-0.12083081901073456,-0.25137802958488464,Drug − saline contrast,0.9613475308413625,false
E13,1,6,Emissions,emissions,Engaged,drug_z_x_choice_lag_param,0.3018575608730316,0.6279884576797485,Drug − saline contrast,0.9613475308413625,false
E13,1,6,Emissions,emissions,Disengaged,bias,0.3162088096141815,0.3162088096141815,Base coefficient,0.9613475308413625,false
E13,1,6,Emissions,emissions,Disengaged,stim_x_delay_param,0.0,0.0,Base coefficient,0.9613475308413625,true
E13,1,6,Emissions,emissions,Disengaged,choice_lag_param,1.2440589666366577,1.2440589666366577,Base coefficient,0.9613475308413625,false
E13,1,6,Emissions,emissions,Disengaged,drug_z_x_stim_x_delay_param,0.0,0.0,Drug − saline contrast,0.9613475308413625,true
E13,1,6,Emissions,emissions,Disengaged,drug_z_x_choice_lag_param,-0.1700543910264969,-0.35378339886665344,Drug − saline contrast,0.9613475308413625,false
E13,1,6,Transitions,transitions,Engaged → Disengaged,bias,-8.013956069946289,-8.013956069946289,Base coefficient,0.9613475308413625,false
E13,1,6,Transitions,transitions,Engaged → Disengaged,cumulative_reward,4.481177806854248,4.481177806854248,Base coefficient,0.9613475308413625,false
E13,1,6,Transitions,transitions,Engaged → Disengaged,drug_z,1.3182498216629028,2.742504119873047,Drug − saline contrast,0.9613475308413625,false
E13,1,6,Transitions,transitions,Disengaged → Engaged,bias,-8.517775535583496,-8.517775535583496,Base coefficient,0.9613475308413625,false
E13,1,6,Transitions,transitions,Disengaged → Engaged,cumulative_reward,3.9868862628936768,3.9868862628936768,Base coefficient,0.9613475308413625,false
E13,1,6,Transitions,transitions,Disengaged → Engaged,drug_z,0.5645858645439148,1.1745718717575073,Drug − saline contrast,0.9613475308413625,false
N19,1,1,Emissions,emissions,Engaged,bias,-0.24177436530590057,-0.24177436530590057,Base coefficient,0.9621725061296769,false
N19,1,1,Emissions,emissions,Engaged,stim_x_delay_param,0.9619794487953186,0.9619794487953186,Base coefficient,0.9621725061296769,false
N19,1,1,Emissions,emissions,Engaged,choice_lag_param,0.9283418655395508,0.9283418655395508,Base coefficient,0.9621725061296769,false
N19,1,1,Emissions,emissions,Engaged,drug_z_x_stim_x_delay_param,-0.09812651574611664,-0.20396865904331207,Drug − saline contrast,0.9621725061296769,false
N19,1,1,Emissions,emissions,Engaged,drug_z_x_choice_lag_param,0.1348576694726944,0.28031909465789795,Drug − saline contrast,0.9621725061296769,false
N19,1,1,Emissions,emissions,Disengaged,bias,-4.239272594451904,-4.239272594451904,Base coefficient,0.9621725061296769,false
N19,1,1,Emissions,emissions,Disengaged,stim_x_delay_param,0.0,0.0,Base coefficient,0.9621725061296769,true
N19,1,1,Emissions,emissions,Disengaged,choice_lag_param,2.935338020324707,2.935338020324707,Base coefficient,0.9621725061296769,false
N19,1,1,Emissions,emissions,Disengaged,drug_z_x_stim_x_delay_param,0.0,0.0,Drug − saline contrast,0.9621725061296769,true
N19,1,1,Emissions,emissions,Disengaged,drug_z_x_choice_lag_param,0.30778077244758606,0.6397621631622314,Drug − saline contrast,0.9621725061296769,false
N19,1,1,Transitions,transitions,Engaged → Disengaged,bias,-5.922093391418457,-5.922093391418457,Base coefficient,0.9621725061296769,false
N19,1,1,Transitions,transitions,Engaged → Disengaged,cumulative_reward,2.759927272796631,2.759927272796631,Base coefficient,0.9621725061296769,false
N19,1,1,Transitions,transitions,Engaged → Disengaged,drug_z,0.11153985559940338,0.2318500131368637,Drug − saline contrast,0.9621725061296769,false
N19,1,1,Transitions,transitions,Disengaged → Engaged,bias,1.1603186130523682,1.1603186130523682,Base coefficient,0.9621725061296769,false
N19,1,1,Transitions,transitions,Disengaged → Engaged,cumulative_reward,-2.4660165309906006,-2.4660165309906006,Base coefficient,0.9621725061296769,false
N19,1,1,Transitions,transitions,Disengaged → Engaged,drug_z,0.10073833167552948,0.20939765870571136,Drug − saline contrast,0.9621725061296769,false
N19,1,2,Emissions,emissions,Engaged,bias,-0.20201806724071503,-0.20201806724071503,Base coefficient,0.97221819745227,false
N19,1,2,Emissions,emissions,Engaged,stim_x_delay_param,1.1658518314361572,1.1658518314361572,Base coefficient,0.97221819745227,false
N19,1,2,Emissions,emissions,Engaged,choice_lag_param,0.839333713054657,0.839333713054657,Base coefficient,0.97221819745227,false
N19,1,2,Emissions,emissions,Engaged,drug_z_x_stim_x_delay_param,-0.21084439754486084,-0.4337388277053833,Drug − saline contrast,0.97221819745227,false
N19,1,2,Emissions,emissions,Engaged,drug_z_x_choice_lag_param,0.0104899937286973,0.021579504013061523,Drug − saline contrast,0.97221819745227,false
N19,1,2,Emissions,emissions,Disengaged,bias,-0.7647081017494202,-0.7647081017494202,Base coefficient,0.97221819745227,false
N19,1,2,Emissions,emissions,Disengaged,stim_x_delay_param,0.0,0.0,Base coefficient,0.97221819745227,true
N19,1,2,Emissions,emissions,Disengaged,choice_lag_param,1.116350531578064,1.116350531578064,Base coefficient,0.97221819745227,false
N19,1,2,Emissions,emissions,Disengaged,drug_z_x_stim_x_delay_param,0.0,0.0,Drug − saline contrast,0.97221819745227,true
N19,1,2,Emissions,emissions,Disengaged,drug_z_x_choice_lag_param,-0.2198965847492218,-0.4523605406284332,Drug − saline contrast,0.97221819745227,false
N19,1,2,Transitions,transitions,Engaged → Disengaged,bias,-5.741278648376465,-5.741278648376465,Base coefficient,0.97221819745227,false
N19,1,2,Transitions,transitions,Engaged → Disengaged,cumulative_reward,2.3967928886413574,2.3967928886413574,Base coefficient,0.97221819745227,false
N19,1,2,Transitions,transitions,Engaged → Disengaged,drug_z,1.356393575668335,2.790306806564331,Drug − saline contrast,0.97221819745227,false
N19,1,2,Transitions,transitions,Disengaged → Engaged,bias,0.8620876669883728,0.8620876669883728,Base coefficient,0.97221819745227,false
N19,1,2,Transitions,transitions,Disengaged → Engaged,cumulative_reward,-3.0207407474517822,-3.0207407474517822,Base coefficient,0.97221819745227,false
N19,1,2,Transitions,transitions,Disengaged → Engaged,drug_z,1.8399847745895386,3.7851271629333496,Drug − saline contrast,0.97221819745227,false
N19,1,3,Emissions,emissions,Engaged,bias,-0.13153930008411407,-0.13153930008411407,Base coefficient,0.9849720032220521,false
N19,1,3,Emissions,emissions,Engaged,stim_x_delay_param,1.489261269569397,1.489261269569397,Base coefficient,0.9849720032220521,false
N19,1,3,Emissions,emissions,Engaged,choice_lag_param,0.5463303327560425,0.5463303327560425,Base coefficient,0.9849720032220521,false
N19,1,3,Emissions,emissions,Engaged,drug_z_x_stim_x_delay_param,-0.3569077253341675,-0.7247063517570496,Drug − saline contrast,0.9849720032220521,false
N19,1,3,Emissions,emissions,Engaged,drug_z_x_choice_lag_param,0.7129005789756775,1.4475550651550293,Drug − saline contrast,0.9849720032220521,false
N19,1,3,Emissions,emissions,Disengaged,bias,-0.7115681767463684,-0.7115681767463684,Base coefficient,0.9849720032220521,false
N19,1,3,Emissions,emissions,Disengaged,stim_x_delay_param,0.0,0.0,Base coefficient,0.9849720032220521,true
N19,1,3,Emissions,emissions,Disengaged,choice_lag_param,1.1200520992279053,1.1200520992279053,Base coefficient,0.9849720032220521,false
N19,1,3,Emissions,emissions,Disengaged,drug_z_x_stim_x_delay_param,0.0,0.0,Drug − saline contrast,0.9849720032220521,true
N19,1,3,Emissions,emissions,Disengaged,drug_z_x_choice_lag_param,-0.234813392162323,-0.47679200768470764,Drug − saline contrast,0.9849720032220521,false
N19,1,3,Transitions,transitions,Engaged → Disengaged,bias,-2.9072296619415283,-2.9072296619415283,Base coefficient,0.9849720032220521,false
N19,1,3,Transitions,transitions,Engaged → Disengaged,cumulative_reward,0.12722952663898468,0.12722952663898468,Base coefficient,0.9849720032220521,false
N19,1,3,Transitions,transitions,Engaged → Disengaged,drug_z,1.7521265745162964,3.557718515396118,Drug − saline contrast,0.9849720032220521,false
N19,1,3,Transitions,transitions,Disengaged → Engaged,bias,-2.4756076335906982,-2.4756076335906982,Base coefficient,0.9849720032220521,false
N19,1,3,Transitions,transitions,Disengaged → Engaged,cumulative_reward,-0.49234887957572937,-0.49234887957572937,Base coefficient,0.9849720032220521,false
N19,1,3,Transitions,transitions,Disengaged → Engaged,drug_z,1.1968164443969727,2.4301531314849854,Drug − saline contrast,0.9849720032220521,false
N19,1,4,Emissions,emissions,Engaged,bias,-0.26653483510017395,-0.26653483510017395,Base coefficient,0.9777030626051986,false
N19,1,4,Emissions,emissions,Engaged,stim_x_delay_param,1.3997739553451538,1.3997739553451538,Base coefficient,0.9777030626051986,false
N19,1,4,Emissions,emissions,Engaged,choice_lag_param,0.779003381729126,0.779003381729126,Base coefficient,0.9777030626051986,false
N19,1,4,Emissions,emissions,Engaged,drug_z_x_stim_x_delay_param,-0.2268105149269104,-0.4639660716056824,Drug − saline contrast,0.9777030626051986,false
N19,1,4,Emissions,emissions,Engaged,drug_z_x_choice_lag_param,0.3482564389705658,0.7123971581459045,Drug − saline contrast,0.9777030626051986,false
N19,1,4,Emissions,emissions,Disengaged,bias,-0.6609293818473816,-0.6609293818473816,Base coefficient,0.9777030626051986,false
N19,1,4,Emissions,emissions,Disengaged,stim_x_delay_param,0.0,0.0,Base coefficient,0.9777030626051986,true
N19,1,4,Emissions,emissions,Disengaged,choice_lag_param,1.1319098472595215,1.1319098472595215,Base coefficient,0.9777030626051986,false
N19,1,4,Emissions,emissions,Disengaged,drug_z_x_stim_x_delay_param,0.0,0.0,Drug − saline contrast,0.9777030626051986,true
N19,1,4,Emissions,emissions,Disengaged,drug_z_x_choice_lag_param,-0.22076429426670074,-0.45159783959388733,Drug − saline contrast,0.9777030626051986,false
N19,1,4,Transitions,transitions,Engaged → Disengaged,bias,-3.6402130126953125,-3.6402130126953125,Base coefficient,0.9777030626051986,false
N19,1,4,Transitions,transitions,Engaged → Disengaged,cumulative_reward,0.7287132143974304,0.7287132143974304,Base coefficient,0.9777030626051986,false
N19,1,4,Transitions,transitions,Engaged → Disengaged,drug_z,1.6408586502075195,3.356558322906494,Drug − saline contrast,0.9777030626051986,false
N19,1,4,Transitions,transitions,Disengaged → Engaged,bias,-2.739885091781616,-2.739885091781616,Base coefficient,0.9777030626051986,false
N19,1,4,Transitions,transitions,Disengaged → Engaged,cumulative_reward,-0.31646090745925903,-0.31646090745925903,Base coefficient,0.9777030626051986,false
N19,1,4,Transitions,transitions,Disengaged → Engaged,drug_z,1.1888543367385864,2.4319334030151367,Drug − saline contrast,0.9777030626051986,false
N19,1,5,Emissions,emissions,Engaged,bias,-0.402265340089798,-0.402265340089798,Base coefficient,0.9757915025801488,false
N19,1,5,Emissions,emissions,Engaged,stim_x_delay_param,1.1258901357650757,1.1258901357650757,Base coefficient,0.9757915025801488,false
N19,1,5,Emissions,emissions,Engaged,choice_lag_param,0.9263344407081604,0.9263344407081604,Base coefficient,0.9757915025801488,false
N19,1,5,Emissions,emissions,Engaged,drug_z_x_stim_x_delay_param,-0.2861446738243103,-0.5864872932434082,Drug − saline contrast,0.9757915025801488,false
N19,1,5,Emissions,emissions,Engaged,drug_z_x_choice_lag_param,-0.03706815093755722,-0.07597555220127106,Drug − saline contrast,0.9757915025801488,false
N19,1,5,Emissions,emissions,Disengaged,bias,-0.6862553954124451,-0.6862553954124451,Base coefficient,0.9757915025801488,false
N19,1,5,Emissions,emissions,Disengaged,stim_x_delay_param,0.0,0.0,Base coefficient,0.9757915025801488,true
N19,1,5,Emissions,emissions,Disengaged,choice_lag_param,1.390450358390808,1.390450358390808,Base coefficient,0.9757915025801488,false
N19,1,5,Emissions,emissions,Disengaged,drug_z_x_stim_x_delay_param,0.0,0.0,Drug − saline contrast,0.9757915025801488,true
N19,1,5,Emissions,emissions,Disengaged,drug_z_x_choice_lag_param,0.4602665305137634,0.9433706402778625,Drug − saline contrast,0.9757915025801488,false
N19,1,5,Transitions,transitions,Engaged → Disengaged,bias,-5.311645030975342,-5.311645030975342,Base coefficient,0.9757915025801488,false
N19,1,5,Transitions,transitions,Engaged → Disengaged,cumulative_reward,2.142425537109375,2.142425537109375,Base coefficient,0.9757915025801488,false
N19,1,5,Transitions,transitions,Engaged → Disengaged,drug_z,1.3804993629455566,2.8294966220855713,Drug − saline contrast,0.9757915025801488,false
N19,1,5,Transitions,transitions,Disengaged → Engaged,bias,0.21548478305339813,0.21548478305339813,Base coefficient,0.9757915025801488,false
N19,1,5,Transitions,transitions,Disengaged → Engaged,cumulative_reward,-2.218808650970459,-2.218808650970459,Base coefficient,0.9757915025801488,false
N19,1,5,Transitions,transitions,Disengaged → Engaged,drug_z,1.1125366687774658,2.280275344848633,Drug − saline contrast,0.9757915025801488,false
N19,1,6,Emissions,emissions,Engaged,bias,-0.3693814277648926,-0.3693814277648926,Base coefficient,0.9945784887280145,false
N19,1,6,Emissions,emissions,Engaged,stim_x_delay_param,1.3238730430603027,1.3238730430603027,Base coefficient,0.9945784887280145,false
N19,1,6,Emissions,emissions,Engaged,choice_lag_param,0.9756669402122498,0.9756669402122498,Base coefficient,0.9945784887280145,false
N19,1,6,Emissions,emissions,Engaged,drug_z_x_stim_x_delay_param,-0.2973164916038513,-0.5978743433952332,Drug − saline contrast,0.9945784887280145,false
N19,1,6,Emissions,emissions,Engaged,drug_z_x_choice_lag_param,0.05964622646570206,0.11994272470474243,Drug − saline contrast,0.9945784887280145,false
N19,1,6,Emissions,emissions,Disengaged,bias,-0.596422553062439,-0.596422553062439,Base coefficient,0.9945784887280145,false
N19,1,6,Emissions,emissions,Disengaged,stim_x_delay_param,0.0,0.0,Base coefficient,0.9945784887280145,true
N19,1,6,Emissions,emissions,Disengaged,choice_lag_param,1.174394965171814,1.174394965171814,Base coefficient,0.9945784887280145,false
N19,1,6,Emissions,emissions,Disengaged,drug_z_x_stim_x_delay_param,0.0,0.0,Drug − saline contrast,0.9945784887280145,true
N19,1,6,Emissions,emissions,Disengaged,drug_z_x_choice_lag_param,0.12866897881031036,0.25874072313308716,Drug − saline contrast,0.9945784887280145,false
N19,1,6,Transitions,transitions,Engaged → Disengaged,bias,-3.515930414199829,-3.515930414199829,Base coefficient,0.9945784887280145,false
N19,1,6,Transitions,transitions,Engaged → Disengaged,cumulative_reward,0.5833761692047119,0.5833761692047119,Base coefficient,0.9945784887280145,false
N19,1,6,Transitions,transitions,Engaged → Disengaged,drug_z,1.6522656679153442,3.322544574737549,Drug − saline contrast,0.9945784887280145,false
N19,1,6,Transitions,transitions,Disengaged → Engaged,bias,-1.8933255672454834,-1.8933255672454834,Base coefficient,0.9945784887280145,false
N19,1,6,Transitions,transitions,Disengaged → Engaged,cumulative_reward,-0.8895703554153442,-0.8895703554153442,Base coefficient,0.9945784887280145,false
N19,1,6,Transitions,transitions,Disengaged → Engaged,drug_z,1.0485624074935913,2.1085565090179443,Drug − saline contrast,0.9945784887280145,false
N24,1,1,Emissions,emissions,Engaged,bias,0.18820630013942719,0.18820630013942719,Base coefficient,0.8665556013802487,false
N24,1,1,Emissions,emissions,Engaged,stim_x_delay_param,1.2780802249908447,1.2780802249908447,Base coefficient,0.8665556013802487,false
N24,1,1,Emissions,emissions,Engaged,choice_lag_param,0.963767945766449,0.963767945766449,Base coefficient,0.8665556013802487,false
N24,1,1,Emissions,emissions,Engaged,drug_z_x_stim_x_delay_param,0.053715284913778305,0.12397423386573792,Drug − saline contrast,0.8665556013802487,false
N24,1,1,Emissions,emissions,Engaged,drug_z_x_choice_lag_param,0.13389240205287933,0.30902206897735596,Drug − saline contrast,0.8665556013802487,false
N24,1,1,Emissions,emissions,Disengaged,bias,0.5219244360923767,0.5219244360923767,Base coefficient,0.8665556013802487,false
N24,1,1,Emissions,emissions,Disengaged,stim_x_delay_param,0.0,0.0,Base coefficient,0.8665556013802487,true
N24,1,1,Emissions,emissions,Disengaged,choice_lag_param,0.8858473300933838,0.8858473300933838,Base coefficient,0.8665556013802487,false
N24,1,1,Emissions,emissions,Disengaged,drug_z_x_stim_x_delay_param,0.0,0.0,Drug − saline contrast,0.8665556013802487,true
N24,1,1,Emissions,emissions,Disengaged,drug_z_x_choice_lag_param,0.04694398120045662,0.10834614187479019,Drug − saline contrast,0.8665556013802487,false
N24,1,1,Transitions,transitions,Engaged → Disengaged,bias,-5.612033843994141,-5.612033843994141,Base coefficient,0.8665556013802487,false
N24,1,1,Transitions,transitions,Engaged → Disengaged,cumulative_reward,2.7203404903411865,2.7203404903411865,Base coefficient,0.8665556013802487,false
N24,1,1,Transitions,transitions,Engaged → Disengaged,drug_z,0.5708645582199097,1.3175485134124756,Drug − saline contrast,0.8665556013802487,false
N24,1,1,Transitions,transitions,Disengaged → Engaged,bias,-2.7909762859344482,-2.7909762859344482,Base coefficient,0.8665556013802487,false
N24,1,1,Transitions,transitions,Disengaged → Engaged,cumulative_reward,-0.43173497915267944,-0.43173497915267944,Base coefficient,0.8665556013802487,false
N24,1,1,Transitions,transitions,Disengaged → Engaged,drug_z,0.17041565477848053,0.3933172821998596,Drug − saline contrast,0.8665556013802487,false
N24,1,2,Emissions,emissions,Engaged,bias,-0.09299600124359131,-0.09299600124359131,Base coefficient,0.9924757819604549,false
N24,1,2,Emissions,emissions,Engaged,stim_x_delay_param,1.3383914232254028,1.3383914232254028,Base coefficient,0.9924757819604549,false
N24,1,2,Emissions,emissions,Engaged,choice_lag_param,0.835063099861145,0.835063099861145,Base coefficient,0.9924757819604549,false
N24,1,2,Emissions,emissions,Engaged,drug_z_x_stim_x_delay_param,0.12885333597660065,0.25966039299964905,Drug − saline contrast,0.9924757819604549,false
N24,1,2,Emissions,emissions,Engaged,drug_z_x_choice_lag_param,0.31563979387283325,0.6360654830932617,Drug − saline contrast,0.9924757819604549,false
N24,1,2,Emissions,emissions,Disengaged,bias,0.5584773421287537,0.5584773421287537,Base coefficient,0.9924757819604549,false
N24,1,2,Emissions,emissions,Disengaged,stim_x_delay_param,0.0,0.0,Base coefficient,0.9924757819604549,true
N24,1,2,Emissions,emissions,Disengaged,choice_lag_param,0.9139251708984375,0.9139251708984375,Base coefficient,0.9924757819604549,false
N24,1,2,Emissions,emissions,Disengaged,drug_z_x_stim_x_delay_param,0.0,0.0,Drug − saline contrast,0.9924757819604549,true
N24,1,2,Emissions,emissions,Disengaged,drug_z_x_choice_lag_param,-0.0633319690823555,-0.12762421369552612,Drug − saline contrast,0.9924757819604549,false
N24,1,2,Transitions,transitions,Engaged → Disengaged,bias,-4.234346866607666,-4.234346866607666,Base coefficient,0.9924757819604549,false
N24,1,2,Transitions,transitions,Engaged → Disengaged,cumulative_reward,1.0230536460876465,1.0230536460876465,Base coefficient,0.9924757819604549,false
N24,1,2,Transitions,transitions,Engaged → Disengaged,drug_z,0.7221415638923645,1.4552326202392578,Drug − saline contrast,0.9924757819604549,false
N24,1,2,Transitions,transitions,Disengaged → Engaged,bias,-2.920023202896118,-2.920023202896118,Base coefficient,0.9924757819604549,false
N24,1,2,Transitions,transitions,Disengaged → Engaged,cumulative_reward,-0.46812108159065247,-0.46812108159065247,Base coefficient,0.9924757819604549,false
N24,1,2,Transitions,transitions,Disengaged → Engaged,drug_z,0.06378723680973053,0.12854164838790894,Drug − saline contrast,0.9924757819604549,false
N24,1,3,Emissions,emissions,Engaged,bias,0.09871423244476318,0.09871423244476318,Base coefficient,0.9039345811357081,false
N24,1,3,Emissions,emissions,Engaged,stim_x_delay_param,1.1886855363845825,1.1886855363845825,Base coefficient,0.9039345811357081,false
N24,1,3,Emissions,emissions,Engaged,choice_lag_param,0.8751946091651917,0.8751946091651917,Base coefficient,0.9039345811357081,false
N24,1,3,Emissions,emissions,Engaged,drug_z_x_stim_x_delay_param,0.11288377642631531,0.2497609406709671,Drug − saline contrast,0.9039345811357081,false
N24,1,3,Emissions,emissions,Engaged,drug_z_x_choice_lag_param,0.19426082074642181,0.4298116862773895,Drug − saline contrast,0.9039345811357081,false
N24,1,3,Emissions,emissions,Disengaged,bias,0.6516851782798767,0.6516851782798767,Base coefficient,0.9039345811357081,false
N24,1,3,Emissions,emissions,Disengaged,stim_x_delay_param,0.0,0.0,Base coefficient,0.9039345811357081,true
N24,1,3,Emissions,emissions,Disengaged,choice_lag_param,0.9130718111991882,0.9130718111991882,Base coefficient,0.9039345811357081,false
N24,1,3,Emissions,emissions,Disengaged,drug_z_x_stim_x_delay_param,0.0,0.0,Drug − saline contrast,0.9039345811357081,true
N24,1,3,Emissions,emissions,Disengaged,drug_z_x_choice_lag_param,-0.03636130690574646,-0.08045119047164917,Drug − saline contrast,0.9039345811357081,false
N24,1,3,Transitions,transitions,Engaged → Disengaged,bias,-5.5939741134643555,-5.5939741134643555,Base coefficient,0.9039345811357081,false
N24,1,3,Transitions,transitions,Engaged → Disengaged,cumulative_reward,2.7198779582977295,2.7198779582977295,Base coefficient,0.9039345811357081,false
N24,1,3,Transitions,transitions,Engaged → Disengaged,drug_z,0.8461270332336426,1.8720978498458862,Drug − saline contrast,0.9039345811357081,false
N24,1,3,Transitions,transitions,Disengaged → Engaged,bias,-2.704479217529297,-2.704479217529297,Base coefficient,0.9039345811357081,false
N24,1,3,Transitions,transitions,Disengaged → Engaged,cumulative_reward,-0.25067946314811707,-0.25067946314811707,Base coefficient,0.9039345811357081,false
N24,1,3,Transitions,transitions,Disengaged → Engaged,drug_z,0.3502056896686554,0.7748473882675171,Drug − saline contrast,0.9039345811357081,false
N24,1,4,Emissions,emissions,Engaged,bias,0.10038815438747406,0.10038815438747406,Base coefficient,0.9826685885921237,false
N24,1,4,Emissions,emissions,Engaged,stim_x_delay_param,1.2477918863296509,1.2477918863296509,Base coefficient,0.9826685885921237,false
N24,1,4,Emissions,emissions,Engaged,choice_lag_param,0.8565478324890137,0.8565478324890137,Base coefficient,0.9826685885921237,false
N24,1,4,Emissions,emissions,Engaged,drug_z_x_stim_x_delay_param,0.06709776073694229,0.13656234741210938,Drug − saline contrast,0.9826685885921237,false
N24,1,4,Emissions,emissions,Engaged,drug_z_x_choice_lag_param,0.22885890305042267,0.46579062938690186,Drug − saline contrast,0.9826685885921237,false
N24,1,4,Emissions,emissions,Disengaged,bias,0.3907528519630432,0.3907528519630432,Base coefficient,0.9826685885921237,false
N24,1,4,Emissions,emissions,Disengaged,stim_x_delay_param,0.0,0.0,Base coefficient,0.9826685885921237,true
N24,1,4,Emissions,emissions,Disengaged,choice_lag_param,0.892950177192688,0.892950177192688,Base coefficient,0.9826685885921237,false
N24,1,4,Emissions,emissions,Disengaged,drug_z_x_stim_x_delay_param,0.0,0.0,Drug − saline contrast,0.9826685885921237,true
N24,1,4,Emissions,emissions,Disengaged,drug_z_x_choice_lag_param,-0.02099122479557991,-0.042722899466753006,Drug − saline contrast,0.9826685885921237,false
N24,1,4,Transitions,transitions,Engaged → Disengaged,bias,-7.398209571838379,-7.398209571838379,Base coefficient,0.9826685885921237,false
N24,1,4,Transitions,transitions,Engaged → Disengaged,cumulative_reward,4.0454511642456055,4.0454511642456055,Base coefficient,0.9826685885921237,false
N24,1,4,Transitions,transitions,Engaged → Disengaged,drug_z,0.6200516223907471,1.2619750499725342,Drug − saline contrast,0.9826685885921237,false
N24,1,4,Transitions,transitions,Disengaged → Engaged,bias,-3.1352698802948,-3.1352698802948,Base coefficient,0.9826685885921237,false
N24,1,4,Transitions,transitions,Disengaged → Engaged,cumulative_reward,-0.6222570538520813,-0.6222570538520813,Base coefficient,0.9826685885921237,false
N24,1,4,Transitions,transitions,Disengaged → Engaged,drug_z,-0.08175339549779892,-0.1663905829191208,Drug − saline contrast,0.9826685885921237,false
N24,1,5,Emissions,emissions,Engaged,bias,0.2032608538866043,0.2032608538866043,Base coefficient,0.8932792574485124,false
N24,1,5,Emissions,emissions,Engaged,stim_x_delay_param,1.3649498224258423,1.3649498224258423,Base coefficient,0.8932792574485124,false
N24,1,5,Emissions,emissions,Engaged,choice_lag_param,0.89376300573349,0.89376300573349,Base coefficient,0.8932792574485124,false
N24,1,5,Emissions,emissions,Engaged,drug_z_x_stim_x_delay_param,-0.020864145830273628,-0.04671360179781914,Drug − saline contrast,0.8932792574485124,false
N24,1,5,Emissions,emissions,Engaged,drug_z_x_choice_lag_param,0.26695525646209717,0.5976971983909607,Drug − saline contrast,0.8932792574485124,false
N24,1,5,Emissions,emissions,Disengaged,bias,0.4621424078941345,0.4621424078941345,Base coefficient,0.8932792574485124,false
N24,1,5,Emissions,emissions,Disengaged,stim_x_delay_param,0.0,0.0,Base coefficient,0.8932792574485124,true
N24,1,5,Emissions,emissions,Disengaged,choice_lag_param,0.9796416163444519,0.9796416163444519,Base coefficient,0.8932792574485124,false
N24,1,5,Emissions,emissions,Disengaged,drug_z_x_stim_x_delay_param,0.0,0.0,Drug − saline contrast,0.8932792574485124,true
N24,1,5,Emissions,emissions,Disengaged,drug_z_x_choice_lag_param,-0.06323553621768951,-0.14158067107200623,Drug − saline contrast,0.8932792574485124,false
N24,1,5,Transitions,transitions,Engaged → Disengaged,bias,-4.907872200012207,-4.907872200012207,Base coefficient,0.8932792574485124,false
N24,1,5,Transitions,transitions,Engaged → Disengaged,cumulative_reward,2.205085515975952,2.205085515975952,Base coefficient,0.8932792574485124,false
N24,1,5,Transitions,transitions,Engaged → Disengaged,drug_z,0.8173180222511292,1.8299272060394287,Drug − saline contrast,0.8932792574485124,false
N24,1,5,Transitions,transitions,Disengaged → Engaged,bias,-2.6936516761779785,-2.6936516761779785,Base coefficient,0.8932792574485124,false
N24,1,5,Transitions,transitions,Disengaged → Engaged,cumulative_reward,-0.3184097111225128,-0.3184097111225128,Base coefficient,0.8932792574485124,false
N24,1,5,Transitions,transitions,Disengaged → Engaged,drug_z,0.23340152204036713,0.5225723385810852,Drug − saline contrast,0.8932792574485124,false
N24,1,6,Emissions,emissions,Engaged,bias,0.022888101637363434,0.022888101637363434,Base coefficient,0.9897277564887917,false
N24,1,6,Emissions,emissions,Engaged,stim_x_delay_param,1.2247236967086792,1.2247236967086792,Base coefficient,0.9897277564887917,false
N24,1,6,Emissions,emissions,Engaged,choice_lag_param,0.8196374773979187,0.8196374773979187,Base coefficient,0.9897277564887917,false
N24,1,6,Emissions,emissions,Engaged,drug_z_x_stim_x_delay_param,0.025799240916967392,0.052134014666080475,Drug − saline contrast,0.9897277564887917,false
N24,1,6,Emissions,emissions,Engaged,drug_z_x_choice_lag_param,0.26034727692604065,0.5260987877845764,Drug − saline contrast,0.9897277564887917,false
N24,1,6,Emissions,emissions,Disengaged,bias,0.4850313663482666,0.4850313663482666,Base coefficient,0.9897277564887917,false
N24,1,6,Emissions,emissions,Disengaged,stim_x_delay_param,0.0,0.0,Base coefficient,0.9897277564887917,true
N24,1,6,Emissions,emissions,Disengaged,choice_lag_param,0.9774007797241211,0.9774007797241211,Base coefficient,0.9897277564887917,false
N24,1,6,Emissions,emissions,Disengaged,drug_z_x_stim_x_delay_param,0.0,0.0,Drug − saline contrast,0.9897277564887917,true
N24,1,6,Emissions,emissions,Disengaged,drug_z_x_choice_lag_param,-0.019472645595669746,-0.039349500089883804,Drug − saline contrast,0.9897277564887917,false
N24,1,6,Transitions,transitions,Engaged → Disengaged,bias,-4.412397384643555,-4.412397384643555,Base coefficient,0.9897277564887917,false
N24,1,6,Transitions,transitions,Engaged → Disengaged,cumulative_reward,1.1614073514938354,1.1614073514938354,Base coefficient,0.9897277564887917,false
N24,1,6,Transitions,transitions,Engaged → Disengaged,drug_z,1.1136863231658936,2.250490188598633,Drug − saline contrast,0.9897277564887917,false
N24,1,6,Transitions,transitions,Disengaged → Engaged,bias,-2.735788583755493,-2.735788583755493,Base coefficient,0.9897277564887917,false
N24,1,6,Transitions,transitions,Disengaged → Engaged,cumulative_reward,-0.7781316041946411,-0.7781316041946411,Base coefficient,0.9897277564887917,false
N24,1,6,Transitions,transitions,Disengaged → Engaged,drug_z,0.4707244336605072,0.9512200355529785,Drug − saline contrast,0.9897277564887917,false
N24,1,7,Emissions,emissions,Engaged,bias,0.03470556437969208,0.03470556437969208,Base coefficient,0.9907372205485663,false
N24,1,7,Emissions,emissions,Engaged,stim_x_delay_param,1.2390046119689941,1.2390046119689941,Base coefficient,0.9907372205485663,false
N24,1,7,Emissions,emissions,Engaged,choice_lag_param,0.817712128162384,0.817712128162384,Base coefficient,0.9907372205485663,false
N24,1,7,Emissions,emissions,Engaged,drug_z_x_stim_x_delay_param,0.06543858349323273,0.13210079073905945,Drug − saline contrast,0.9907372205485663,false
N24,1,7,Emissions,emissions,Engaged,drug_z_x_choice_lag_param,0.21711526811122894,0.4382903277873993,Drug − saline contrast,0.9907372205485663,false
N24,1,7,Emissions,emissions,Disengaged,bias,0.3955652415752411,0.3955652415752411,Base coefficient,0.9907372205485663,false
N24,1,7,Emissions,emissions,Disengaged,stim_x_delay_param,0.0,0.0,Base coefficient,0.9907372205485663,true
N24,1,7,Emissions,emissions,Disengaged,choice_lag_param,0.9213579893112183,0.9213579893112183,Base coefficient,0.9907372205485663,false
N24,1,7,Emissions,emissions,Disengaged,drug_z_x_stim_x_delay_param,0.0,0.0,Drug − saline contrast,0.9907372205485663,true
N24,1,7,Emissions,emissions,Disengaged,drug_z_x_choice_lag_param,-0.024187203496694565,-0.0488266795873642,Drug − saline contrast,0.9907372205485663,false
N24,1,7,Transitions,transitions,Engaged → Disengaged,bias,-6.978213310241699,-6.978213310241699,Base coefficient,0.9907372205485663,false
N24,1,7,Transitions,transitions,Engaged → Disengaged,cumulative_reward,3.4908061027526855,3.4908061027526855,Base coefficient,0.9907372205485663,false
N24,1,7,Transitions,transitions,Engaged → Disengaged,drug_z,0.4527278244495392,0.9139211177825928,Drug − saline contrast,0.9907372205485663,false
N24,1,7,Transitions,transitions,Disengaged → Engaged,bias,-3.085216760635376,-3.085216760635376,Base coefficient,0.9907372205485663,false
N24,1,7,Transitions,transitions,Disengaged → Engaged,cumulative_reward,-0.5393723845481873,-0.5393723845481873,Base coefficient,0.9907372205485663,false
N24,1,7,Transitions,transitions,Disengaged → Engaged,drug_z,-0.07464592903852463,-0.15068764984607697,Drug − saline contrast,0.9907372205485663,false
N25,1,1,Emissions,emissions,Engaged,bias,0.029455730691552162,0.029455730691552162,Base coefficient,0.9396734096289262,false
N25,1,1,Emissions,emissions,Engaged,stim_x_delay_param,1.1757432222366333,1.1757432222366333,Base coefficient,0.9396734096289262,false
N25,1,1,Emissions,emissions,Engaged,choice_lag_param,0.9233068227767944,0.9233068227767944,Base coefficient,0.9396734096289262,false
N25,1,1,Emissions,emissions,Engaged,drug_z_x_stim_x_delay_param,-0.19221651554107666,-0.40911343693733215,Drug − saline contrast,0.9396734096289262,false
N25,1,1,Emissions,emissions,Engaged,drug_z_x_choice_lag_param,0.07735314965248108,0.16463837027549744,Drug − saline contrast,0.9396734096289262,false
N25,1,1,Emissions,emissions,Disengaged,bias,-0.5213400721549988,-0.5213400721549988,Base coefficient,0.9396734096289262,false
N25,1,1,Emissions,emissions,Disengaged,stim_x_delay_param,0.0,0.0,Base coefficient,0.9396734096289262,true
N25,1,1,Emissions,emissions,Disengaged,choice_lag_param,1.0290584564208984,1.0290584564208984,Base coefficient,0.9396734096289262,false
N25,1,1,Emissions,emissions,Disengaged,drug_z_x_stim_x_delay_param,0.0,0.0,Drug − saline contrast,0.9396734096289262,true
N25,1,1,Emissions,emissions,Disengaged,drug_z_x_choice_lag_param,-0.12273429334163666,-0.261227548122406,Drug − saline contrast,0.9396734096289262,false
N25,1,1,Transitions,transitions,Engaged → Disengaged,bias,-6.098799705505371,-6.098799705505371,Base coefficient,0.9396734096289262,false
N25,1,1,Transitions,transitions,Engaged → Disengaged,cumulative_reward,2.626894474029541,2.626894474029541,Base coefficient,0.9396734096289262,false
N25,1,1,Transitions,transitions,Engaged → Disengaged,drug_z,0.8385239243507385,1.7847135066986084,Drug − saline contrast,0.9396734096289262,false
N25,1,1,Transitions,transitions,Disengaged → Engaged,bias,-1.908900260925293,-1.908900260925293,Base coefficient,0.9396734096289262,false
N25,1,1,Transitions,transitions,Disengaged → Engaged,cumulative_reward,-1.374127745628357,-1.374127745628357,Base coefficient,0.9396734096289262,false
N25,1,1,Transitions,transitions,Disengaged → Engaged,drug_z,-0.41964566707611084,-0.8931734561920166,Drug − saline contrast,0.9396734096289262,false
N25,1,2,Emissions,emissions,Engaged,bias,0.0029889533761888742,0.0029889533761888742,Base coefficient,0.9848650909200334,false
N25,1,2,Emissions,emissions,Engaged,stim_x_delay_param,1.2115358114242554,1.2115358114242554,Base coefficient,0.9848650909200334,false
N25,1,2,Emissions,emissions,Engaged,choice_lag_param,0.8721624612808228,0.8721624612808228,Base coefficient,0.9848650909200334,false
N25,1,2,Emissions,emissions,Engaged,drug_z_x_stim_x_delay_param,-0.17794379591941833,-0.3613567054271698,Drug − saline contrast,0.9848650909200334,false
N25,1,2,Emissions,emissions,Engaged,drug_z_x_choice_lag_param,0.039719365537166595,0.08065950870513916,Drug − saline contrast,0.9848650909200334,false
N25,1,2,Emissions,emissions,Disengaged,bias,-0.5123087167739868,-0.5123087167739868,Base coefficient,0.9848650909200334,false
N25,1,2,Emissions,emissions,Disengaged,stim_x_delay_param,0.0,0.0,Base coefficient,0.9848650909200334,true
N25,1,2,Emissions,emissions,Disengaged,choice_lag_param,1.0182853937149048,1.0182853937149048,Base coefficient,0.9848650909200334,false
N25,1,2,Emissions,emissions,Disengaged,drug_z_x_stim_x_delay_param,0.0,0.0,Drug − saline contrast,0.9848650909200334,true
N25,1,2,Emissions,emissions,Disengaged,drug_z_x_choice_lag_param,-0.08636434376239777,-0.17538310587406158,Drug − saline contrast,0.9848650909200334,false
N25,1,2,Transitions,transitions,Engaged → Disengaged,bias,-5.068333625793457,-5.068333625793457,Base coefficient,0.9848650909200334,false
N25,1,2,Transitions,transitions,Engaged → Disengaged,cumulative_reward,1.7559493780136108,1.7559493780136108,Base coefficient,0.9848650909200334,false
N25,1,2,Transitions,transitions,Engaged → Disengaged,drug_z,0.759735643863678,1.5428217649459839,Drug − saline contrast,0.9848650909200334,false
N25,1,2,Transitions,transitions,Disengaged → Engaged,bias,-1.3674274682998657,-1.3674274682998657,Base coefficient,0.9848650909200334,false
N25,1,2,Transitions,transitions,Disengaged → Engaged,cumulative_reward,-1.840641975402832,-1.840641975402832,Base coefficient,0.9848650909200334,false
N25,1,2,Transitions,transitions,Disengaged → Engaged,drug_z,-0.34627819061279297,-0.7031992673873901,Drug − saline contrast,0.9848650909200334,false
N25,1,3,Emissions,emissions,Engaged,bias,0.1570252776145935,0.1570252776145935,Base coefficient,0.9195995135416952,false
N25,1,3,Emissions,emissions,Engaged,stim_x_delay_param,1.1606450080871582,1.1606450080871582,Base coefficient,0.9195995135416952,false
N25,1,3,Emissions,emissions,Engaged,choice_lag_param,0.8765686750411987,0.8765686750411987,Base coefficient,0.9195995135416952,false
N25,1,3,Emissions,emissions,Engaged,drug_z_x_stim_x_delay_param,-0.14399723708629608,-0.3131738007068634,Drug − saline contrast,0.9195995135416952,false
N25,1,3,Emissions,emissions,Engaged,drug_z_x_choice_lag_param,0.13048136234283447,0.28377866744995117,Drug − saline contrast,0.9195995135416952,false
N25,1,3,Emissions,emissions,Disengaged,bias,-0.6506026983261108,-0.6506026983261108,Base coefficient,0.9195995135416952,false
N25,1,3,Emissions,emissions,Disengaged,stim_x_delay_param,0.0,0.0,Base coefficient,0.9195995135416952,true
N25,1,3,Emissions,emissions,Disengaged,choice_lag_param,1.0665735006332397,1.0665735006332397,Base coefficient,0.9195995135416952,false
N25,1,3,Emissions,emissions,Disengaged,drug_z_x_stim_x_delay_param,0.0,0.0,Drug − saline contrast,0.9195995135416952,true
N25,1,3,Emissions,emissions,Disengaged,drug_z_x_choice_lag_param,-0.21377994120121002,-0.4649413824081421,Drug − saline contrast,0.9195995135416952,false
N25,1,3,Transitions,transitions,Engaged → Disengaged,bias,-4.955824375152588,-4.955824375152588,Base coefficient,0.9195995135416952,false
N25,1,3,Transitions,transitions,Engaged → Disengaged,cumulative_reward,1.9421042203903198,1.9421042203903198,Base coefficient,0.9195995135416952,false
N25,1,3,Transitions,transitions,Engaged → Disengaged,drug_z,0.4778280556201935,1.039209008216858,Drug − saline contrast,0.9195995135416952,false
N25,1,3,Transitions,transitions,Disengaged → Engaged,bias,-1.7244224548339844,-1.7244224548339844,Base coefficient,0.9195995135416952,false
N25,1,3,Transitions,transitions,Disengaged → Engaged,cumulative_reward,-1.1906077861785889,-1.1906077861785889,Base coefficient,0.9195995135416952,false
N25,1,3,Transitions,transitions,Disengaged → Engaged,drug_z,-0.4230409860610962,-0.9200547933578491,Drug − saline contrast,0.9195995135416952,false
N25,1,4,Emissions,emissions,Engaged,bias,0.038631685078144073,0.038631685078144073,Base coefficient,0.9937545582724878,false
N25,1,4,Emissions,emissions,Engaged,stim_x_delay_param,1.1900721788406372,1.1900721788406372,Base coefficient,0.9937545582724878,false
N25,1,4,Emissions,emissions,Engaged,choice_lag_param,0.9685602188110352,0.9685602188110352,Base coefficient,0.9937545582724878,false
N25,1,4,Emissions,emissions,Engaged,drug_z_x_stim_x_delay_param,-0.17095835506916046,-0.3440655469894409,Drug − saline contrast,0.9937545582724878,false
N25,1,4,Emissions,emissions,Engaged,drug_z_x_choice_lag_param,0.1197543814778328,0.2410140037536621,Drug − saline contrast,0.9937545582724878,false
N25,1,4,Emissions,emissions,Disengaged,bias,-0.795103132724762,-0.795103132724762,Base coefficient,0.9937545582724878,false
N25,1,4,Emissions,emissions,Disengaged,stim_x_delay_param,0.0,0.0,Base coefficient,0.9937545582724878,true
N25,1,4,Emissions,emissions,Disengaged,choice_lag_param,1.0341202020645142,1.0341202020645142,Base coefficient,0.9937545582724878,false
N25,1,4,Emissions,emissions,Disengaged,drug_z_x_stim_x_delay_param,0.0,0.0,Drug − saline contrast,0.9937545582724878,true
N25,1,4,Emissions,emissions,Disengaged,drug_z_x_choice_lag_param,-0.17181624472141266,-0.34579211473464966,Drug − saline contrast,0.9937545582724878,false
N25,1,4,Transitions,transitions,Engaged → Disengaged,bias,-9.544342041015625,-9.544342041015625,Base coefficient,0.9937545582724878,false
N25,1,4,Transitions,transitions,Engaged → Disengaged,cumulative_reward,5.361057758331299,5.361057758331299,Base coefficient,0.9937545582724878,false
N25,1,4,Transitions,transitions,Engaged → Disengaged,drug_z,0.37139418721199036,0.7474565505981445,Drug − saline contrast,0.9937545582724878,false
N25,1,4,Transitions,transitions,Disengaged → Engaged,bias,-9.531311988830566,-9.531311988830566,Base coefficient,0.9937545582724878,false
N25,1,4,Transitions,transitions,Disengaged → Engaged,cumulative_reward,4.82978630065918,4.82978630065918,Base coefficient,0.9937545582724878,false
N25,1,4,Transitions,transitions,Disengaged → Engaged,drug_z,-0.4866083562374115,-0.9793330430984497,Drug − saline contrast,0.9937545582724878,false
N25,1,5,Emissions,emissions,Engaged,bias,0.09892398118972778,0.09892398118972778,Base coefficient,0.9336414431661739,false
N25,1,5,Emissions,emissions,Engaged,stim_x_delay_param,1.1364175081253052,1.1364175081253052,Base coefficient,0.9336414431661739,false
N25,1,5,Emissions,emissions,Engaged,choice_lag_param,0.918254017829895,0.918254017829895,Base coefficient,0.9336414431661739,false
N25,1,5,Emissions,emissions,Engaged,drug_z_x_stim_x_delay_param,-0.1210230365395546,-0.2592495083808899,Drug − saline contrast,0.9336414431661739,false
N25,1,5,Emissions,emissions,Engaged,drug_z_x_choice_lag_param,0.04948760196566582,0.10600986331701279,Drug − saline contrast,0.9336414431661739,false
N25,1,5,Emissions,emissions,Disengaged,bias,-0.5938857793807983,-0.5938857793807983,Base coefficient,0.9336414431661739,false
N25,1,5,Emissions,emissions,Disengaged,stim_x_delay_param,0.0,0.0,Base coefficient,0.9336414431661739,true
N25,1,5,Emissions,emissions,Disengaged,choice_lag_param,1.025514841079712,1.025514841079712,Base coefficient,0.9336414431661739,false
N25,1,5,Emissions,emissions,Disengaged,drug_z_x_stim_x_delay_param,0.0,0.0,Drug − saline contrast,0.9336414431661739,true
N25,1,5,Emissions,emissions,Disengaged,drug_z_x_choice_lag_param,-0.0414784699678421,-0.08885310590267181,Drug − saline contrast,0.9336414431661739,false
N25,1,5,Transitions,transitions,Engaged → Disengaged,bias,-5.464305877685547,-5.464305877685547,Base coefficient,0.9336414431661739,false
N25,1,5,Transitions,transitions,Engaged → Disengaged,cumulative_reward,2.4039268493652344,2.4039268493652344,Base coefficient,0.9336414431661739,false
N25,1,5,Transitions,transitions,Engaged → Disengaged,drug_z,0.31267547607421875,0.6697977781295776,Drug − saline contrast,0.9336414431661739,false
N25,1,5,Transitions,transitions,Disengaged → Engaged,bias,-1.7419607639312744,-1.7419607639312744,Base coefficient,0.9336414431661739,false
N25,1,5,Transitions,transitions,Disengaged → Engaged,cumulative_reward,-1.1525213718414307,-1.1525213718414307,Base coefficient,0.9336414431661739,false
N25,1,5,Transitions,transitions,Disengaged → Engaged,drug_z,-0.657038152217865,-1.4074742794036865,Drug − saline contrast,0.9336414431661739,false
N25,1,6,Emissions,emissions,Engaged,bias,0.12811318039894104,0.12811318039894104,Base coefficient,0.9918618572915238,false
N25,1,6,Emissions,emissions,Engaged,stim_x_delay_param,1.218941569328308,1.218941569328308,Base coefficient,0.9918618572915238,false
N25,1,6,Emissions,emissions,Engaged,choice_lag_param,0.8883111476898193,0.8883111476898193,Base coefficient,0.9918618572915238,false
N25,1,6,Emissions,emissions,Engaged,drug_z_x_stim_x_delay_param,-0.17480628192424774,-0.35248109698295593,Drug − saline contrast,0.9918618572915238,false
N25,1,6,Emissions,emissions,Engaged,drug_z_x_choice_lag_param,0.046552203595638275,0.09386831521987915,Drug − saline contrast,0.9918618572915238,false
N25,1,6,Emissions,emissions,Disengaged,bias,-0.5925612449645996,-0.5925612449645996,Base coefficient,0.9918618572915238,false
N25,1,6,Emissions,emissions,Disengaged,stim_x_delay_param,0.0,0.0,Base coefficient,0.9918618572915238,true
N25,1,6,Emissions,emissions,Disengaged,choice_lag_param,1.0139130353927612,1.0139130353927612,Base coefficient,0.9918618572915238,false
N25,1,6,Emissions,emissions,Disengaged,drug_z_x_stim_x_delay_param,0.0,0.0,Drug − saline contrast,0.9918618572915238,true
N25,1,6,Emissions,emissions,Disengaged,drug_z_x_choice_lag_param,-0.14146870374679565,-0.2852588891983032,Drug − saline contrast,0.9918618572915238,false
N25,1,6,Transitions,transitions,Engaged → Disengaged,bias,-5.996686935424805,-5.996686935424805,Base coefficient,0.9918618572915238,false
N25,1,6,Transitions,transitions,Engaged → Disengaged,cumulative_reward,2.657301187515259,2.657301187515259,Base coefficient,0.9918618572915238,false
N25,1,6,Transitions,transitions,Engaged → Disengaged,drug_z,0.3922184705734253,0.7908731698989868,Drug − saline contrast,0.9918618572915238,false
N25,1,6,Transitions,transitions,Disengaged → Engaged,bias,-1.7685115337371826,-1.7685115337371826,Base coefficient,0.9918618572915238,false
N25,1,6,Transitions,transitions,Disengaged → Engaged,cumulative_reward,-1.1630429029464722,-1.1630429029464722,Base coefficient,0.9918618572915238,false
N25,1,6,Transitions,transitions,Disengaged → Engaged,drug_z,-0.6027688384056091,-1.2154289484024048,Drug − saline contrast,0.9918618572915238,false
N25,1,7,Emissions,emissions,Engaged,bias,0.12079678475856781,0.12079678475856781,Base coefficient,0.9911424962480452,false
N25,1,7,Emissions,emissions,Engaged,stim_x_delay_param,1.2357105016708374,1.2357105016708374,Base coefficient,0.9911424962480452,false
N25,1,7,Emissions,emissions,Engaged,choice_lag_param,0.8913668394088745,0.8913668394088745,Base coefficient,0.9911424962480452,false
N25,1,7,Emissions,emissions,Engaged,drug_z_x_stim_x_delay_param,-0.16020773351192474,-0.32327890396118164,Drug − saline contrast,0.9911424962480452,false
N25,1,7,Emissions,emissions,Engaged,drug_z_x_choice_lag_param,0.08197319507598877,0.16541151702404022,Drug − saline contrast,0.9911424962480452,false
N25,1,7,Emissions,emissions,Disengaged,bias,-0.6521909832954407,-0.6521909832954407,Base coefficient,0.9911424962480452,false
N25,1,7,Emissions,emissions,Disengaged,stim_x_delay_param,0.0,0.0,Base coefficient,0.9911424962480452,true
N25,1,7,Emissions,emissions,Disengaged,choice_lag_param,1.0132733583450317,1.0132733583450317,Base coefficient,0.9911424962480452,false
N25,1,7,Emissions,emissions,Disengaged,drug_z_x_stim_x_delay_param,0.0,0.0,Drug − saline contrast,0.9911424962480452,true
N25,1,7,Emissions,emissions,Disengaged,drug_z_x_choice_lag_param,-0.152545765042305,-0.3078180253505707,Drug − saline contrast,0.9911424962480452,false
N25,1,7,Transitions,transitions,Engaged → Disengaged,bias,-6.83247184753418,-6.83247184753418,Base coefficient,0.9911424962480452,false
N25,1,7,Transitions,transitions,Engaged → Disengaged,cumulative_reward,3.664787769317627,3.664787769317627,Base coefficient,0.9911424962480452,false
N25,1,7,Transitions,transitions,Engaged → Disengaged,drug_z,0.8262493014335632,1.6672663688659668,Drug − saline contrast,0.9911424962480452,false
N25,1,7,Transitions,transitions,Disengaged → Engaged,bias,-4.4634175300598145,-4.4634175300598145,Base coefficient,0.9911424962480452,false
N25,1,7,Transitions,transitions,Disengaged → Engaged,cumulative_reward,1.1882308721542358,1.1882308721542358,Base coefficient,0.9911424962480452,false
N25,1,7,Transitions,transitions,Disengaged → Engaged,drug_z,-0.21115994453430176,-0.42609402537345886,Drug − saline contrast,0.9911424962480452,false
N25,1,8,Emissions,emissions,Engaged,bias,0.08564602583646774,0.08564602583646774,Base coefficient,0.9888072620722338,false
N25,1,8,Emissions,emissions,Engaged,stim_x_delay_param,1.1819429397583008,1.1819429397583008,Base coefficient,0.9888072620722338,false
N25,1,8,Emissions,emissions,Engaged,choice_lag_param,0.9367104172706604,0.9367104172706604,Base coefficient,0.9888072620722338,false
N25,1,8,Emissions,emissions,Engaged,drug_z_x_stim_x_delay_param,-0.2079295665025711,-0.4205664098262787,Drug − saline contrast,0.9888072620722338,false
N25,1,8,Emissions,emissions,Engaged,drug_z_x_choice_lag_param,0.08493445813655853,0.17179173231124878,Drug − saline contrast,0.9888072620722338,false
N25,1,8,Emissions,emissions,Disengaged,bias,-0.5927913188934326,-0.5927913188934326,Base coefficient,0.9888072620722338,false
N25,1,8,Emissions,emissions,Disengaged,stim_x_delay_param,0.0,0.0,Base coefficient,0.9888072620722338,true
N25,1,8,Emissions,emissions,Disengaged,choice_lag_param,1.04848051071167,1.04848051071167,Base coefficient,0.9888072620722338,false
N25,1,8,Emissions,emissions,Disengaged,drug_z_x_stim_x_delay_param,0.0,0.0,Drug − saline contrast,0.9888072620722338,true
N25,1,8,Emissions,emissions,Disengaged,drug_z_x_choice_lag_param,-0.10848528891801834,-0.21942655742168427,Drug − saline contrast,0.9888072620722338,false
N25,1,8,Transitions,transitions,Engaged → Disengaged,bias,-5.13275671005249,-5.13275671005249,Base coefficient,0.9888072620722338,false
N25,1,8,Transitions,transitions,Engaged → Disengaged,cumulative_reward,1.911943793296814,1.911943793296814,Base coefficient,0.9888072620722338,false
N25,1,8,Transitions,transitions,Engaged → Disengaged,drug_z,0.7125986814498901,1.441329836845398,Drug − saline contrast,0.9888072620722338,false
N25,1,8,Transitions,transitions,Disengaged → Engaged,bias,-1.7396684885025024,-1.7396684885025024,Base coefficient,0.9888072620722338,false
N25,1,8,Transitions,transitions,Disengaged → Engaged,cumulative_reward,-1.1926207542419434,-1.1926207542419434,Base coefficient,0.9888072620722338,false
N25,1,8,Transitions,transitions,Disengaged → Engaged,drug_z,-0.31945011019706726,-0.646132230758667,Drug − saline contrast,0.9888072620722338,false
N25,1,9,Emissions,emissions,Engaged,bias,0.10122645646333694,0.10122645646333694,Base coefficient,0.9418433613612055,false
N25,1,9,Emissions,emissions,Engaged,stim_x_delay_param,1.2202847003936768,1.2202847003936768,Base coefficient,0.9418433613612055,false
N25,1,9,Emissions,emissions,Engaged,choice_lag_param,0.9511281847953796,0.9511281847953796,Base coefficient,0.9418433613612055,false
N25,1,9,Emissions,emissions,Engaged,drug_z_x_stim_x_delay_param,-0.2512129247188568,-0.5334494709968567,Drug − saline contrast,0.9418433613612055,false
N25,1,9,Emissions,emissions,Engaged,drug_z_x_choice_lag_param,-0.002703354461118579,-0.005740560591220856,Drug − saline contrast,0.9418433613612055,false
N25,1,9,Emissions,emissions,Disengaged,bias,-0.6042967438697815,-0.6042967438697815,Base coefficient,0.9418433613612055,false
N25,1,9,Emissions,emissions,Disengaged,stim_x_delay_param,0.0,0.0,Base coefficient,0.9418433613612055,true
N25,1,9,Emissions,emissions,Disengaged,choice_lag_param,0.9894917011260986,0.9894917011260986,Base coefficient,0.9418433613612055,false
N25,1,9,Emissions,emissions,Disengaged,drug_z_x_stim_x_delay_param,0.0,0.0,Drug − saline contrast,0.9418433613612055,true
N25,1,9,Emissions,emissions,Disengaged,drug_z_x_choice_lag_param,-0.017405390739440918,-0.03696026653051376,Drug − saline contrast,0.9418433613612055,false
N25,1,9,Transitions,transitions,Engaged → Disengaged,bias,-4.931149959564209,-4.931149959564209,Base coefficient,0.9418433613612055,false
N25,1,9,Transitions,transitions,Engaged → Disengaged,cumulative_reward,1.8421512842178345,1.8421512842178345,Base coefficient,0.9418433613612055,false
N25,1,9,Transitions,transitions,Engaged → Disengaged,drug_z,0.488679975271225,1.0377095937728882,Drug − saline contrast,0.9418433613612055,false
N25,1,9,Transitions,transitions,Disengaged → Engaged,bias,-1.1426738500595093,-1.1426738500595093,Base coefficient,0.9418433613612055,false
N25,1,9,Transitions,transitions,Disengaged → Engaged,cumulative_reward,-1.9556248188018799,-1.9556248188018799,Base coefficient,0.9418433613612055,false
N25,1,9,Transitions,transitions,Disengaged → Engaged,drug_z,-0.41875702142715454,-0.8892285823822021,Drug − saline contrast,0.9418433613612055,false
N25,1,10,Emissions,emissions,Engaged,bias,0.01484770979732275,0.01484770979732275,Base coefficient,0.9917672076795774,false
N25,1,10,Emissions,emissions,Engaged,stim_x_delay_param,1.1623914241790771,1.1623914241790771,Base coefficient,0.9917672076795774,false
N25,1,10,Emissions,emissions,Engaged,choice_lag_param,0.842076301574707,0.842076301574707,Base coefficient,0.9917672076795774,false
N25,1,10,Emissions,emissions,Engaged,drug_z_x_stim_x_delay_param,-0.20817145705223083,-0.4197990298271179,Drug − saline contrast,0.9917672076795774,false
N25,1,10,Emissions,emissions,Engaged,drug_z_x_choice_lag_param,0.05617080256342888,0.11327416449785233,Drug − saline contrast,0.9917672076795774,false
N25,1,10,Emissions,emissions,Disengaged,bias,-0.841846764087677,-0.841846764087677,Base coefficient,0.9917672076795774,false
N25,1,10,Emissions,emissions,Disengaged,stim_x_delay_param,0.0,0.0,Base coefficient,0.9917672076795774,true
N25,1,10,Emissions,emissions,Disengaged,choice_lag_param,1.3762784004211426,1.3762784004211426,Base coefficient,0.9917672076795774,false
N25,1,10,Emissions,emissions,Disengaged,drug_z_x_stim_x_delay_param,0.0,0.0,Drug − saline contrast,0.9917672076795774,true
N25,1,10,Emissions,emissions,Disengaged,drug_z_x_choice_lag_param,-0.030913185328245163,-0.062339600175619125,Drug − saline contrast,0.9917672076795774,false
N25,1,10,Transitions,transitions,Engaged → Disengaged,bias,-6.190082550048828,-6.190082550048828,Base coefficient,0.9917672076795774,false
N25,1,10,Transitions,transitions,Engaged → Disengaged,cumulative_reward,3.0959861278533936,3.0959861278533936,Base coefficient,0.9917672076795774,false
N25,1,10,Transitions,transitions,Engaged → Disengaged,drug_z,0.6407701373100281,1.2921785116195679,Drug − saline contrast,0.9917672076795774,false
N25,1,10,Transitions,transitions,Disengaged → Engaged,bias,-2.3750059604644775,-2.3750059604644775,Base coefficient,0.9917672076795774,false
N25,1,10,Transitions,transitions,Disengaged → Engaged,cumulative_reward,-0.10882310569286346,-0.10882310569286346,Base coefficient,0.9917672076795774,false
N25,1,10,Transitions,transitions,Disengaged → Engaged,drug_z,-0.17610281705856323,-0.35512933135032654,Drug − saline contrast,0.9917672076795774,false
N27,1,1,Emissions,emissions,Engaged,bias,-0.041428543627262115,-0.041428543627262115,Base coefficient,0.9409306771764296,false
N27,1,1,Emissions,emissions,Engaged,stim_x_delay_param,1.354844570159912,1.354844570159912,Base coefficient,0.9409306771764296,false
N27,1,1,Emissions,emissions,Engaged,choice_lag_param,0.5804828405380249,0.5804828405380249,Base coefficient,0.9409306771764296,false
N27,1,1,Emissions,emissions,Engaged,drug_z_x_stim_x_delay_param,-0.14519262313842773,-0.30861493945121765,Drug − saline contrast,0.9409306771764296,false
N27,1,1,Emissions,emissions,Engaged,drug_z_x_choice_lag_param,0.06351879239082336,0.1350127011537552,Drug − saline contrast,0.9409306771764296,false
N27,1,1,Emissions,emissions,Disengaged,bias,-0.2049635797739029,-0.2049635797739029,Base coefficient,0.9409306771764296,false
N27,1,1,Emissions,emissions,Disengaged,stim_x_delay_param,0.0,0.0,Base coefficient,0.9409306771764296,true
N27,1,1,Emissions,emissions,Disengaged,choice_lag_param,1.107887864112854,1.107887864112854,Base coefficient,0.9409306771764296,false
N27,1,1,Emissions,emissions,Disengaged,drug_z_x_stim_x_delay_param,0.0,0.0,Drug − saline contrast,0.9409306771764296,true
N27,1,1,Emissions,emissions,Disengaged,drug_z_x_choice_lag_param,0.059244345873594284,0.1259271204471588,Drug − saline contrast,0.9409306771764296,false
N27,1,1,Transitions,transitions,Engaged → Disengaged,bias,-5.473132610321045,-5.473132610321045,Base coefficient,0.9409306771764296,false
N27,1,1,Transitions,transitions,Engaged → Disengaged,cumulative_reward,1.9438886642456055,1.9438886642456055,Base coefficient,0.9409306771764296,false
N27,1,1,Transitions,transitions,Engaged → Disengaged,drug_z,0.7479221820831299,1.589749813079834,Drug − saline contrast,0.9409306771764296,false
N27,1,1,Transitions,transitions,Disengaged → Engaged,bias,-8.047250747680664,-8.047250747680664,Base coefficient,0.9409306771764296,false
N27,1,1,Transitions,transitions,Disengaged → Engaged,cumulative_reward,2.970585823059082,2.970585823059082,Base coefficient,0.9409306771764296,false
N27,1,1,Transitions,transitions,Disengaged → Engaged,drug_z,0.5175077319145203,1.0999912023544312,Drug − saline contrast,0.9409306771764296,false
N27,1,2,Emissions,emissions,Engaged,bias,-0.0701308473944664,-0.0701308473944664,Base coefficient,0.9940160371298143,false
N27,1,2,Emissions,emissions,Engaged,stim_x_delay_param,1.631551742553711,1.631551742553711,Base coefficient,0.9940160371298143,false
N27,1,2,Emissions,emissions,Engaged,choice_lag_param,0.5633948445320129,0.5633948445320129,Base coefficient,0.9940160371298143,false
N27,1,2,Emissions,emissions,Engaged,drug_z_x_stim_x_delay_param,-0.24173249304294586,-0.4863754212856293,Drug − saline contrast,0.9940160371298143,false
N27,1,2,Emissions,emissions,Engaged,drug_z_x_choice_lag_param,0.033605046570301056,0.06761469691991806,Drug − saline contrast,0.9940160371298143,false
N27,1,2,Emissions,emissions,Disengaged,bias,-0.16562755405902863,-0.16562755405902863,Base coefficient,0.9940160371298143,false
N27,1,2,Emissions,emissions,Disengaged,stim_x_delay_param,0.0,0.0,Base coefficient,0.9940160371298143,true
N27,1,2,Emissions,emissions,Disengaged,choice_lag_param,1.06999671459198,1.06999671459198,Base coefficient,0.9940160371298143,false
N27,1,2,Emissions,emissions,Disengaged,drug_z_x_stim_x_delay_param,0.0,0.0,Drug − saline contrast,0.9940160371298143,true
N27,1,2,Emissions,emissions,Disengaged,drug_z_x_choice_lag_param,0.0413224920630455,0.08314250409603119,Drug − saline contrast,0.9940160371298143,false
N27,1,2,Transitions,transitions,Engaged → Disengaged,bias,-5.822851181030273,-5.822851181030273,Base coefficient,0.9940160371298143,false
N27,1,2,Transitions,transitions,Engaged → Disengaged,cumulative_reward,1.643699049949646,1.643699049949646,Base coefficient,0.9940160371298143,false
N27,1,2,Transitions,transitions,Engaged → Disengaged,drug_z,0.8493043184280396,1.708834171295166,Drug − saline contrast,0.9940160371298143,false
N27,1,2,Transitions,transitions,Disengaged → Engaged,bias,-20.0,-20.0,Base coefficient,0.9940160371298143,false
N27,1,2,Transitions,transitions,Disengaged → Engaged,cumulative_reward,-10.554594039916992,-10.554594039916992,Base coefficient,0.9940160371298143,false
N27,1,2,Transitions,transitions,Disengaged → Engaged,drug_z,-1.2139430046081543,-2.4425017833709717,Drug − saline contrast,0.9940160371298143,false
N27,1,3,Emissions,emissions,Engaged,bias,0.06413756310939789,0.06413756310939789,Base coefficient,0.9258962958222071,false
N27,1,3,Emissions,emissions,Engaged,stim_x_delay_param,1.6119601726531982,1.6119601726531982,Base coefficient,0.9258962958222071,false
N27,1,3,Emissions,emissions,Engaged,choice_lag_param,0.5247856378555298,0.5247856378555298,Base coefficient,0.9258962958222071,false
N27,1,3,Emissions,emissions,Engaged,drug_z_x_stim_x_delay_param,-0.24288161098957062,-0.5246410965919495,Drug − saline contrast,0.9258962958222071,false
N27,1,3,Emissions,emissions,Engaged,drug_z_x_choice_lag_param,0.04458501935005188,0.09630672633647919,Drug − saline contrast,0.9258962958222071,false
N27,1,3,Emissions,emissions,Disengaged,bias,-0.2064114809036255,-0.2064114809036255,Base coefficient,0.9258962958222071,false
N27,1,3,Emissions,emissions,Disengaged,stim_x_delay_param,0.0,0.0,Base coefficient,0.9258962958222071,true
N27,1,3,Emissions,emissions,Disengaged,choice_lag_param,1.1071348190307617,1.1071348190307617,Base coefficient,0.9258962958222071,false
N27,1,3,Emissions,emissions,Disengaged,drug_z_x_stim_x_delay_param,0.0,0.0,Drug − saline contrast,0.9258962958222071,true
N27,1,3,Emissions,emissions,Disengaged,drug_z_x_choice_lag_param,0.019819051027297974,0.04281052201986313,Drug − saline contrast,0.9258962958222071,false
N27,1,3,Transitions,transitions,Engaged → Disengaged,bias,-5.39871883392334,-5.39871883392334,Base coefficient,0.9258962958222071,false
N27,1,3,Transitions,transitions,Engaged → Disengaged,cumulative_reward,1.742077350616455,1.742077350616455,Base coefficient,0.9258962958222071,false
N27,1,3,Transitions,transitions,Engaged → Disengaged,drug_z,0.7422683238983154,1.6033508777618408,Drug − saline contrast,0.9258962958222071,false
N27,1,3,Transitions,transitions,Disengaged → Engaged,bias,-8.719008445739746,-8.719008445739746,Base coefficient,0.9258962958222071,false
N27,1,3,Transitions,transitions,Disengaged → Engaged,cumulative_reward,2.8422653675079346,2.8422653675079346,Base coefficient,0.9258962958222071,false
N27,1,3,Transitions,transitions,Disengaged → Engaged,drug_z,1.0281277894973755,2.220827102661133,Drug − saline contrast,0.9258962958222071,false
N27,1,4,Emissions,emissions,Engaged,bias,-0.07251755893230438,-0.07251755893230438,Base coefficient,0.9982497111627496,false
N27,1,4,Emissions,emissions,Engaged,stim_x_delay_param,1.6814240217208862,1.6814240217208862,Base coefficient,0.9982497111627496,false
N27,1,4,Emissions,emissions,Engaged,choice_lag_param,0.5521677136421204,0.5521677136421204,Base coefficient,0.9982497111627496,false
N27,1,4,Emissions,emissions,Engaged,drug_z_x_stim_x_delay_param,-0.016751006245613098,-0.033560752868652344,Drug − saline contrast,0.9982497111627496,false
N27,1,4,Emissions,emissions,Engaged,drug_z_x_choice_lag_param,0.0054903398267924786,0.010999932885169983,Drug − saline contrast,0.9982497111627496,false
N27,1,4,Emissions,emissions,Disengaged,bias,-0.23202599585056305,-0.23202599585056305,Base coefficient,0.9982497111627496,false
N27,1,4,Emissions,emissions,Disengaged,stim_x_delay_param,0.0,0.0,Base coefficient,0.9982497111627496,true
N27,1,4,Emissions,emissions,Disengaged,choice_lag_param,1.0921674966812134,1.0921674966812134,Base coefficient,0.9982497111627496,false
N27,1,4,Emissions,emissions,Disengaged,drug_z_x_stim_x_delay_param,0.0,0.0,Drug − saline contrast,0.9982497111627496,true
N27,1,4,Emissions,emissions,Disengaged,drug_z_x_choice_lag_param,0.023801444098353386,0.04768635332584381,Drug − saline contrast,0.9982497111627496,false
N27,1,4,Transitions,transitions,Engaged → Disengaged,bias,-11.252516746520996,-11.252516746520996,Base coefficient,0.9982497111627496,false
N27,1,4,Transitions,transitions,Engaged → Disengaged,cumulative_reward,6.671346664428711,6.671346664428711,Base coefficient,0.9982497111627496,false
N27,1,4,Transitions,transitions,Engaged → Disengaged,drug_z,0.4460238814353943,0.8936118483543396,Drug − saline contrast,0.9982497111627496,false
N27,1,4,Transitions,transitions,Disengaged → Engaged,bias,-10.365118980407715,-10.365118980407715,Base coefficient,0.9982497111627496,false
N27,1,4,Transitions,transitions,Disengaged → Engaged,cumulative_reward,4.540925979614258,4.540925979614258,Base coefficient,0.9982497111627496,false
N27,1,4,Transitions,transitions,Disengaged → Engaged,drug_z,0.5231223106384277,1.048079013824463,Drug − saline contrast,0.9982497111627496,false
N27,1,5,Emissions,emissions,Engaged,bias,-0.20802165567874908,-0.20802165567874908,Base coefficient,0.9690945589022341,false
N27,1,5,Emissions,emissions,Engaged,stim_x_delay_param,1.7613366842269897,1.7613366842269897,Base coefficient,0.9690945589022341,false
N27,1,5,Emissions,emissions,Engaged,choice_lag_param,0.6292933225631714,0.6292933225631714,Base coefficient,0.9690945589022341,false
N27,1,5,Emissions,emissions,Engaged,drug_z_x_stim_x_delay_param,-0.10645148158073425,-0.219692662358284,Drug − saline contrast,0.9690945589022341,false
N27,1,5,Emissions,emissions,Engaged,drug_z_x_choice_lag_param,0.06541062146425247,0.1349932700395584,Drug − saline contrast,0.9690945589022341,false
N27,1,5,Emissions,emissions,Disengaged,bias,-0.17147299647331238,-0.17147299647331238,Base coefficient,0.9690945589022341,false
N27,1,5,Emissions,emissions,Disengaged,stim_x_delay_param,0.0,0.0,Base coefficient,0.9690945589022341,true
N27,1,5,Emissions,emissions,Disengaged,choice_lag_param,1.095252513885498,1.095252513885498,Base coefficient,0.9690945589022341,false
N27,1,5,Emissions,emissions,Disengaged,drug_z_x_stim_x_delay_param,0.0,0.0,Drug − saline contrast,0.9690945589022341,true
N27,1,5,Emissions,emissions,Disengaged,drug_z_x_choice_lag_param,0.030330296605825424,0.06259512156248093,Drug − saline contrast,0.9690945589022341,false
N27,1,5,Transitions,transitions,Engaged → Disengaged,bias,-5.207962512969971,-5.207962512969971,Base coefficient,0.9690945589022341,false
N27,1,5,Transitions,transitions,Engaged → Disengaged,cumulative_reward,0.598139762878418,0.598139762878418,Base coefficient,0.9690945589022341,false
N27,1,5,Transitions,transitions,Engaged → Disengaged,drug_z,0.8374768495559692,1.7283697128295898,Drug − saline contrast,0.9690945589022341,false
N27,1,5,Transitions,transitions,Disengaged → Engaged,bias,-11.230286598205566,-11.230286598205566,Base coefficient,0.9690945589022341,false
N27,1,5,Transitions,transitions,Disengaged → Engaged,cumulative_reward,-4.728962421417236,-4.728962421417236,Base coefficient,0.9690945589022341,false
N27,1,5,Transitions,transitions,Disengaged → Engaged,drug_z,-1.1315361261367798,-2.3352439403533936,Drug − saline contrast,0.9690945589022341,false
N27,1,6,Emissions,emissions,Engaged,bias,-0.05097012221813202,-0.05097012221813202,Base coefficient,0.9982832652497182,false
N27,1,6,Emissions,emissions,Engaged,stim_x_delay_param,1.5694500207901,1.5694500207901,Base coefficient,0.9982832652497182,false
N27,1,6,Emissions,emissions,Engaged,choice_lag_param,0.5670540928840637,0.5670540928840637,Base coefficient,0.9982832652497182,false
N27,1,6,Emissions,emissions,Engaged,drug_z_x_stim_x_delay_param,-0.2535262405872345,-0.5079244375228882,Drug − saline contrast,0.9982832652497182,false
N27,1,6,Emissions,emissions,Engaged,drug_z_x_choice_lag_param,0.05638216435909271,0.11295824497938156,Drug − saline contrast,0.9982832652497182,false
N27,1,6,Emissions,emissions,Disengaged,bias,-0.1301030069589615,-0.1301030069589615,Base coefficient,0.9982832652497182,false
N27,1,6,Emissions,emissions,Disengaged,stim_x_delay_param,0.0,0.0,Base coefficient,0.9982832652497182,true
N27,1,6,Emissions,emissions,Disengaged,choice_lag_param,1.1196430921554565,1.1196430921554565,Base coefficient,0.9982832652497182,false
N27,1,6,Emissions,emissions,Disengaged,drug_z_x_stim_x_delay_param,0.0,0.0,Drug − saline contrast,0.9982832652497182,true
N27,1,6,Emissions,emissions,Disengaged,drug_z_x_choice_lag_param,0.05729743838310242,0.11479194462299347,Drug − saline contrast,0.9982832652497182,false
N27,1,6,Transitions,transitions,Engaged → Disengaged,bias,-6.063647747039795,-6.063647747039795,Base coefficient,0.9982832652497182,false
N27,1,6,Transitions,transitions,Engaged → Disengaged,cumulative_reward,2.2522788047790527,2.2522788047790527,Base coefficient,0.9982832652497182,false
N27,1,6,Transitions,transitions,Engaged → Disengaged,drug_z,3.222994089126587,6.457073211669922,Drug − saline contrast,0.9982832652497182,false
N27,1,6,Transitions,transitions,Disengaged → Engaged,bias,-7.98845911026001,-7.98845911026001,Base coefficient,0.9982832652497182,false
N27,1,6,Transitions,transitions,Disengaged → Engaged,cumulative_reward,2.7625162601470947,2.7625162601470947,Base coefficient,0.9982832652497182,false
N27,1,6,Transitions,transitions,Disengaged → Engaged,drug_z,3.174314022064209,6.359545707702637,Drug − saline contrast,0.9982832652497182,false
N28,1,1,Emissions,emissions,Engaged,bias,0.41619426012039185,0.41619426012039185,Base coefficient,0.9998024519667947,false
N28,1,1,Emissions,emissions,Engaged,stim_x_delay_param,1.0983023643493652,1.0983023643493652,Base coefficient,0.9998024519667947,false
N28,1,1,Emissions,emissions,Engaged,choice_lag_param,0.887017011642456,0.887017011642456,Base coefficient,0.9998024519667947,false
N28,1,1,Emissions,emissions,Engaged,drug_z_x_stim_x_delay_param,-0.07856632024049759,-0.15716367959976196,Drug − saline contrast,0.9998024519667947,false
N28,1,1,Emissions,emissions,Engaged,drug_z_x_choice_lag_param,0.2993966341018677,0.5989115834236145,Drug − saline contrast,0.9998024519667947,false
N28,1,1,Emissions,emissions,Disengaged,bias,0.4150647521018982,0.4150647521018982,Base coefficient,0.9998024519667947,false
N28,1,1,Emissions,emissions,Disengaged,stim_x_delay_param,0.0,0.0,Base coefficient,0.9998024519667947,true
N28,1,1,Emissions,emissions,Disengaged,choice_lag_param,1.4468332529067993,1.4468332529067993,Base coefficient,0.9998024519667947,false
N28,1,1,Emissions,emissions,Disengaged,drug_z_x_stim_x_delay_param,0.0,0.0,Drug − saline contrast,0.9998024519667947,true
N28,1,1,Emissions,emissions,Disengaged,drug_z_x_choice_lag_param,-0.08314751088619232,-0.16632787883281708,Drug − saline contrast,0.9998024519667947,false
N28,1,1,Transitions,transitions,Engaged → Disengaged,bias,-12.276562690734863,-12.276562690734863,Base coefficient,0.9998024519667947,false
N28,1,1,Transitions,transitions,Engaged → Disengaged,cumulative_reward,5.903512001037598,5.903512001037598,Base coefficient,0.9998024519667947,false
N28,1,1,Transitions,transitions,Engaged → Disengaged,drug_z,0.9903948307037354,1.981181025505066,Drug − saline contrast,0.9998024519667947,false
N28,1,1,Transitions,transitions,Disengaged → Engaged,bias,-3.1659436225891113,-3.1659436225891113,Base coefficient,0.9998024519667947,false
N28,1,1,Transitions,transitions,Disengaged → Engaged,cumulative_reward,0.36156636476516724,0.36156636476516724,Base coefficient,0.9998024519667947,false
N28,1,1,Transitions,transitions,Disengaged → Engaged,drug_z,0.35712993144989014,0.7144010066986084,Drug − saline contrast,0.9998024519667947,false
N28,1,2,Emissions,emissions,Engaged,bias,0.400208055973053,0.400208055973053,Base coefficient,0.997842428233888,false
N28,1,2,Emissions,emissions,Engaged,stim_x_delay_param,1.1066076755523682,1.1066076755523682,Base coefficient,0.997842428233888,false
N28,1,2,Emissions,emissions,Engaged,choice_lag_param,0.8362677097320557,0.8362677097320557,Base coefficient,0.997842428233888,false
N28,1,2,Emissions,emissions,Engaged,drug_z_x_stim_x_delay_param,-0.024233374744653702,-0.048571545630693436,Drug − saline contrast,0.997842428233888,false
N28,1,2,Emissions,emissions,Engaged,drug_z_x_choice_lag_param,0.351001501083374,0.7035208940505981,Drug − saline contrast,0.997842428233888,false
N28,1,2,Emissions,emissions,Disengaged,bias,0.39806321263313293,0.39806321263313293,Base coefficient,0.997842428233888,false
N28,1,2,Emissions,emissions,Disengaged,stim_x_delay_param,0.0,0.0,Base coefficient,0.997842428233888,true
N28,1,2,Emissions,emissions,Disengaged,choice_lag_param,1.3619080781936646,1.3619080781936646,Base coefficient,0.997842428233888,false
N28,1,2,Emissions,emissions,Disengaged,drug_z_x_stim_x_delay_param,0.0,0.0,Drug − saline contrast,0.997842428233888,true
N28,1,2,Emissions,emissions,Disengaged,drug_z_x_choice_lag_param,-0.03283894062042236,-0.0658198893070221,Drug − saline contrast,0.997842428233888,false
N28,1,2,Transitions,transitions,Engaged → Disengaged,bias,-5.171429634094238,-5.171429634094238,Base coefficient,0.997842428233888,false
N28,1,2,Transitions,transitions,Engaged → Disengaged,cumulative_reward,0.7830354571342468,0.7830354571342468,Base coefficient,0.997842428233888,false
N28,1,2,Transitions,transitions,Engaged → Disengaged,drug_z,1.103661298751831,2.212095260620117,Drug − saline contrast,0.997842428233888,false
N28,1,2,Transitions,transitions,Disengaged → Engaged,bias,-2.820122003555298,-2.820122003555298,Base coefficient,0.997842428233888,false
N28,1,2,Transitions,transitions,Disengaged → Engaged,cumulative_reward,0.22247175872325897,0.22247175872325897,Base coefficient,0.997842428233888,false
N28,1,2,Transitions,transitions,Disengaged → Engaged,drug_z,0.5506536364555359,1.1036885976791382,Drug − saline contrast,0.997842428233888,false
N28,1,3,Emissions,emissions,Engaged,bias,0.36732643842697144,0.36732643842697144,Base coefficient,0.9974568202376292,false
N28,1,3,Emissions,emissions,Engaged,stim_x_delay_param,1.132692575454712,1.132692575454712,Base coefficient,0.9974568202376292,false
N28,1,3,Emissions,emissions,Engaged,choice_lag_param,0.7919883131980896,0.7919883131980896,Base coefficient,0.9974568202376292,false
N28,1,3,Emissions,emissions,Engaged,drug_z_x_stim_x_delay_param,-0.033753637224435806,-0.06767939031124115,Drug − saline contrast,0.9974568202376292,false
N28,1,3,Emissions,emissions,Engaged,drug_z_x_choice_lag_param,0.28507229685783386,0.57159823179245,Drug − saline contrast,0.9974568202376292,false
N28,1,3,Emissions,emissions,Disengaged,bias,0.297885000705719,0.297885000705719,Base coefficient,0.9974568202376292,false
N28,1,3,Emissions,emissions,Disengaged,stim_x_delay_param,0.0,0.0,Base coefficient,0.9974568202376292,true
N28,1,3,Emissions,emissions,Disengaged,choice_lag_param,1.2926249504089355,1.2926249504089355,Base coefficient,0.9974568202376292,false
N28,1,3,Emissions,emissions,Disengaged,drug_z_x_stim_x_delay_param,0.0,0.0,Drug − saline contrast,0.9974568202376292,true
N28,1,3,Emissions,emissions,Disengaged,drug_z_x_choice_lag_param,-0.059066057205200195,-0.11843331158161163,Drug − saline contrast,0.9974568202376292,false
N28,1,3,Transitions,transitions,Engaged → Disengaged,bias,-5.305756092071533,-5.305756092071533,Base coefficient,0.9974568202376292,false
N28,1,3,Transitions,transitions,Engaged → Disengaged,cumulative_reward,0.8694337010383606,0.8694337010383606,Base coefficient,0.9974568202376292,false
N28,1,3,Transitions,transitions,Engaged → Disengaged,drug_z,1.0496922731399536,2.1047372817993164,Drug − saline contrast,0.9974568202376292,false
N28,1,3,Transitions,transitions,Disengaged → Engaged,bias,-2.8082354068756104,-2.8082354068756104,Base coefficient,0.9974568202376292,false
N28,1,3,Transitions,transitions,Disengaged → Engaged,cumulative_reward,0.19307458400726318,0.19307458400726318,Base coefficient,0.9974568202376292,false
N28,1,3,Transitions,transitions,Disengaged → Engaged,drug_z,0.6364670991897583,1.2761796712875366,Drug − saline contrast,0.9974568202376292,false
N28,1,4,Emissions,emissions,Engaged,bias,0.34516146779060364,0.34516146779060364,Base coefficient,0.9989186982495256,false
N28,1,4,Emissions,emissions,Engaged,stim_x_delay_param,1.1558808088302612,1.1558808088302612,Base coefficient,0.9989186982495256,false
N28,1,4,Emissions,emissions,Engaged,choice_lag_param,0.8902270197868347,0.8902270197868347,Base coefficient,0.9989186982495256,false
N28,1,4,Emissions,emissions,Engaged,drug_z_x_stim_x_delay_param,-0.06642107665538788,-0.1329859495162964,Drug − saline contrast,0.9989186982495256,false
N28,1,4,Emissions,emissions,Engaged,drug_z_x_choice_lag_param,0.3093518912792206,0.6193735003471375,Drug − saline contrast,0.9989186982495256,false
N28,1,4,Emissions,emissions,Disengaged,bias,0.4594113528728485,0.4594113528728485,Base coefficient,0.9989186982495256,false
N28,1,4,Emissions,emissions,Disengaged,stim_x_delay_param,0.0,0.0,Base coefficient,0.9989186982495256,true
N28,1,4,Emissions,emissions,Disengaged,choice_lag_param,1.3156176805496216,1.3156176805496216,Base coefficient,0.9989186982495256,false
N28,1,4,Emissions,emissions,Disengaged,drug_z_x_stim_x_delay_param,0.0,0.0,Drug − saline contrast,0.9989186982495256,true
N28,1,4,Emissions,emissions,Disengaged,drug_z_x_choice_lag_param,-0.007698243483901024,-0.015413152985274792,Drug − saline contrast,0.9989186982495256,false
N28,1,4,Transitions,transitions,Engaged → Disengaged,bias,-5.0400710105896,-5.0400710105896,Base coefficient,0.9989186982495256,false
N28,1,4,Transitions,transitions,Engaged → Disengaged,cumulative_reward,0.9306485056877136,0.9306485056877136,Base coefficient,0.9989186982495256,false
N28,1,4,Transitions,transitions,Engaged → Disengaged,drug_z,1.0585962533950806,2.1194841861724854,Drug − saline contrast,0.9989186982495256,false
N28,1,4,Transitions,transitions,Disengaged → Engaged,bias,-2.7206315994262695,-2.7206315994262695,Base coefficient,0.9989186982495256,false
N28,1,4,Transitions,transitions,Disengaged → Engaged,cumulative_reward,0.28086793422698975,0.28086793422698975,Base coefficient,0.9989186982495256,false
N28,1,4,Transitions,transitions,Disengaged → Engaged,drug_z,0.5639938116073608,1.1292085647583008,Drug − saline contrast,0.9989186982495256,false
N28,1,5,Emissions,emissions,Engaged,bias,0.3587345480918884,0.3587345480918884,Base coefficient,0.9978836453933775,false
N28,1,5,Emissions,emissions,Engaged,stim_x_delay_param,1.1281766891479492,1.1281766891479492,Base coefficient,0.9978836453933775,false
N28,1,5,Emissions,emissions,Engaged,choice_lag_param,0.7913716435432434,0.7913716435432434,Base coefficient,0.9978836453933775,false
N28,1,5,Emissions,emissions,Engaged,drug_z_x_stim_x_delay_param,-0.045015644282102585,-0.09022223204374313,Drug − saline contrast,0.9978836453933775,false
N28,1,5,Emissions,emissions,Engaged,drug_z_x_choice_lag_param,0.30538269877433777,0.6120607256889343,Drug − saline contrast,0.9978836453933775,false
N28,1,5,Emissions,emissions,Disengaged,bias,0.4415431618690491,0.4415431618690491,Base coefficient,0.9978836453933775,false
N28,1,5,Emissions,emissions,Disengaged,stim_x_delay_param,0.0,0.0,Base coefficient,0.9978836453933775,true
N28,1,5,Emissions,emissions,Disengaged,choice_lag_param,1.3551101684570312,1.3551101684570312,Base coefficient,0.9978836453933775,false
N28,1,5,Emissions,emissions,Disengaged,drug_z_x_stim_x_delay_param,0.0,0.0,Drug − saline contrast,0.9978836453933775,true
N28,1,5,Emissions,emissions,Disengaged,drug_z_x_choice_lag_param,0.00483310129493475,0.00968670379370451,Drug − saline contrast,0.9978836453933775,false
N28,1,5,Transitions,transitions,Engaged → Disengaged,bias,-5.105304718017578,-5.105304718017578,Base coefficient,0.9978836453933775,false
N28,1,5,Transitions,transitions,Engaged → Disengaged,cumulative_reward,0.8180062174797058,0.8180062174797058,Base coefficient,0.9978836453933775,false
N28,1,5,Transitions,transitions,Engaged → Disengaged,drug_z,1.109226107597351,2.2231571674346924,Drug − saline contrast,0.9978836453933775,false
N28,1,5,Transitions,transitions,Disengaged → Engaged,bias,-2.805022716522217,-2.805022716522217,Base coefficient,0.9978836453933775,false
N28,1,5,Transitions,transitions,Disengaged → Engaged,cumulative_reward,0.22594548761844635,0.22594548761844635,Base coefficient,0.9978836453933775,false
N28,1,5,Transitions,transitions,Disengaged → Engaged,drug_z,0.5390093326568604,1.0803049802780151,Drug − saline contrast,0.9978836453933775,false
N28,1,6,Emissions,emissions,Engaged,bias,0.37683647871017456,0.37683647871017456,Base coefficient,0.9986456150504227,false
N28,1,6,Emissions,emissions,Engaged,stim_x_delay_param,1.0468634366989136,1.0468634366989136,Base coefficient,0.9986456150504227,false
N28,1,6,Emissions,emissions,Engaged,choice_lag_param,0.8808457255363464,0.8808457255363464,Base coefficient,0.9986456150504227,false
N28,1,6,Emissions,emissions,Engaged,drug_z_x_stim_x_delay_param,-0.03718557953834534,-0.07447202503681183,Drug − saline contrast,0.9986456150504227,false
N28,1,6,Emissions,emissions,Engaged,drug_z_x_choice_lag_param,0.2956354022026062,0.5920727252960205,Drug − saline contrast,0.9986456150504227,false
N28,1,6,Emissions,emissions,Disengaged,bias,0.39809659123420715,0.39809659123420715,Base coefficient,0.9986456150504227,false
N28,1,6,Emissions,emissions,Disengaged,stim_x_delay_param,0.0,0.0,Base coefficient,0.9986456150504227,true
N28,1,6,Emissions,emissions,Disengaged,choice_lag_param,1.4771627187728882,1.4771627187728882,Base coefficient,0.9986456150504227,false
N28,1,6,Emissions,emissions,Disengaged,drug_z_x_stim_x_delay_param,0.0,0.0,Drug − saline contrast,0.9986456150504227,true
N28,1,6,Emissions,emissions,Disengaged,drug_z_x_choice_lag_param,-0.09453295916318893,-0.1893223375082016,Drug − saline contrast,0.9986456150504227,false
N28,1,6,Transitions,transitions,Engaged → Disengaged,bias,-11.778010368347168,-11.778010368347168,Base coefficient,0.9986456150504227,false
N28,1,6,Transitions,transitions,Engaged → Disengaged,cumulative_reward,5.5415825843811035,5.5415825843811035,Base coefficient,0.9986456150504227,false
N28,1,6,Transitions,transitions,Engaged → Disengaged,drug_z,0.9358402490615845,1.8742189407348633,Drug − saline contrast,0.9986456150504227,false
N28,1,6,Transitions,transitions,Disengaged → Engaged,bias,-3.1683478355407715,-3.1683478355407715,Base coefficient,0.9986456150504227,false
N28,1,6,Transitions,transitions,Disengaged → Engaged,cumulative_reward,0.3810553252696991,0.3810553252696991,Base coefficient,0.9986456150504227,false
N28,1,6,Transitions,transitions,Disengaged → Engaged,drug_z,0.2979048788547516,0.5966178178787231,Drug − saline contrast,0.9986456150504227,false
N28,1,7,Emissions,emissions,Engaged,bias,0.3474496603012085,0.3474496603012085,Base coefficient,0.9966053614419215,false
N28,1,7,Emissions,emissions,Engaged,stim_x_delay_param,1.0705078840255737,1.0705078840255737,Base coefficient,0.9966053614419215,false
N28,1,7,Emissions,emissions,Engaged,choice_lag_param,0.8487921357154846,0.8487921357154846,Base coefficient,0.9966053614419215,false
N28,1,7,Emissions,emissions,Engaged,drug_z_x_stim_x_delay_param,-0.07403305917978287,-0.1485704630613327,Drug − saline contrast,0.9966053614419215,false
N28,1,7,Emissions,emissions,Engaged,drug_z_x_choice_lag_param,0.28020837903022766,0.562325656414032,Drug − saline contrast,0.9966053614419215,false
N28,1,7,Emissions,emissions,Disengaged,bias,0.39046889543533325,0.39046889543533325,Base coefficient,0.9966053614419215,false
N28,1,7,Emissions,emissions,Disengaged,stim_x_delay_param,0.0,0.0,Base coefficient,0.9966053614419215,true
N28,1,7,Emissions,emissions,Disengaged,choice_lag_param,1.541486382484436,1.541486382484436,Base coefficient,0.9966053614419215,false
N28,1,7,Emissions,emissions,Disengaged,drug_z_x_stim_x_delay_param,0.0,0.0,Drug − saline contrast,0.9966053614419215,true
N28,1,7,Emissions,emissions,Disengaged,drug_z_x_choice_lag_param,0.10352105647325516,0.20774734020233154,Drug − saline contrast,0.9966053614419215,false
N28,1,7,Transitions,transitions,Engaged → Disengaged,bias,-11.998785972595215,-11.998785972595215,Base coefficient,0.9966053614419215,false
N28,1,7,Transitions,transitions,Engaged → Disengaged,cumulative_reward,5.81090784072876,5.81090784072876,Base coefficient,0.9966053614419215,false
N28,1,7,Transitions,transitions,Engaged → Disengaged,drug_z,0.9283947348594666,1.8631141185760498,Drug − saline contrast,0.9966053614419215,false
N28,1,7,Transitions,transitions,Disengaged → Engaged,bias,-3.1249661445617676,-3.1249661445617676,Base coefficient,0.9966053614419215,false
N28,1,7,Transitions,transitions,Disengaged → Engaged,cumulative_reward,0.376981645822525,0.376981645822525,Base coefficient,0.9966053614419215,false
N28,1,7,Transitions,transitions,Disengaged → Engaged,drug_z,0.29994869232177734,0.6019407510757446,Drug − saline contrast,0.9966053614419215,false
N28,1,8,Emissions,emissions,Engaged,bias,0.36538130044937134,0.36538130044937134,Base coefficient,0.9988645726941829,false
N28,1,8,Emissions,emissions,Engaged,stim_x_delay_param,1.104367733001709,1.104367733001709,Base coefficient,0.9988645726941829,false
N28,1,8,Emissions,emissions,Engaged,choice_lag_param,0.8510358929634094,0.8510358929634094,Base coefficient,0.9988645726941829,false
N28,1,8,Emissions,emissions,Engaged,drug_z_x_stim_x_delay_param,-0.026644118130207062,-0.053348809480667114,Drug − saline contrast,0.9988645726941829,false
N28,1,8,Emissions,emissions,Engaged,drug_z_x_choice_lag_param,0.3281329870223999,0.6570119261741638,Drug − saline contrast,0.9988645726941829,false
N28,1,8,Emissions,emissions,Disengaged,bias,0.45138710737228394,0.45138710737228394,Base coefficient,0.9988645726941829,false
N28,1,8,Emissions,emissions,Disengaged,stim_x_delay_param,0.0,0.0,Base coefficient,0.9988645726941829,true
N28,1,8,Emissions,emissions,Disengaged,choice_lag_param,1.3440392017364502,1.3440392017364502,Base coefficient,0.9988645726941829,false
N28,1,8,Emissions,emissions,Disengaged,drug_z_x_stim_x_delay_param,0.0,0.0,Drug − saline contrast,0.9988645726941829,true
N28,1,8,Emissions,emissions,Disengaged,drug_z_x_choice_lag_param,-0.0203964002430439,-0.040839169174432755,Drug − saline contrast,0.9988645726941829,false
N28,1,8,Transitions,transitions,Engaged → Disengaged,bias,-5.206925392150879,-5.206925392150879,Base coefficient,0.9988645726941829,false
N28,1,8,Transitions,transitions,Engaged → Disengaged,cumulative_reward,1.0082850456237793,1.0082850456237793,Base coefficient,0.9988645726941829,false
N28,1,8,Transitions,transitions,Engaged → Disengaged,drug_z,0.9784805178642273,1.9591854810714722,Drug − saline contrast,0.9988645726941829,false
N28,1,8,Transitions,transitions,Disengaged → Engaged,bias,-2.769120454788208,-2.769120454788208,Base coefficient,0.9988645726941829,false
N28,1,8,Transitions,transitions,Disengaged → Engaged,cumulative_reward,0.2859295606613159,0.2859295606613159,Base coefficient,0.9988645726941829,false
N28,1,8,Transitions,transitions,Disengaged → Engaged,drug_z,0.5056130886077881,1.0123755931854248,Drug − saline contrast,0.9988645726941829,false
N28,1,9,Emissions,emissions,Engaged,bias,0.42738616466522217,0.42738616466522217,Base coefficient,0.9981299443059413,false
N28,1,9,Emissions,emissions,Engaged,stim_x_delay_param,1.131278395652771,1.131278395652771,Base coefficient,0.9981299443059413,false
N28,1,9,Emissions,emissions,Engaged,choice_lag_param,0.8165780901908875,0.8165780901908875,Base coefficient,0.9981299443059413,false
N28,1,9,Emissions,emissions,Engaged,drug_z_x_stim_x_delay_param,-0.051490891724824905,-0.10317472368478775,Drug − saline contrast,0.9981299443059413,false
N28,1,9,Emissions,emissions,Engaged,drug_z_x_choice_lag_param,0.3028900921344757,0.6069151163101196,Drug − saline contrast,0.9981299443059413,false
N28,1,9,Emissions,emissions,Disengaged,bias,0.3964613378047943,0.3964613378047943,Base coefficient,0.9981299443059413,false
N28,1,9,Emissions,emissions,Disengaged,stim_x_delay_param,0.0,0.0,Base coefficient,0.9981299443059413,true
N28,1,9,Emissions,emissions,Disengaged,choice_lag_param,1.308912754058838,1.308912754058838,Base coefficient,0.9981299443059413,false
N28,1,9,Emissions,emissions,Disengaged,drug_z_x_stim_x_delay_param,0.0,0.0,Drug − saline contrast,0.9981299443059413,true
N28,1,9,Emissions,emissions,Disengaged,drug_z_x_choice_lag_param,-0.02480558305978775,-0.049704115837812424,Drug − saline contrast,0.9981299443059413,false
N28,1,9,Transitions,transitions,Engaged → Disengaged,bias,-5.566567897796631,-5.566567897796631,Base coefficient,0.9981299443059413,false
N28,1,9,Transitions,transitions,Engaged → Disengaged,cumulative_reward,1.3254021406173706,1.3254021406173706,Base coefficient,0.9981299443059413,false
N28,1,9,Transitions,transitions,Engaged → Disengaged,drug_z,1.0568418502807617,2.1176438331604004,Drug − saline contrast,0.9981299443059413,false
N28,1,9,Transitions,transitions,Disengaged → Engaged,bias,-2.8581104278564453,-2.8581104278564453,Base coefficient,0.9981299443059413,false
N28,1,9,Transitions,transitions,Disengaged → Engaged,cumulative_reward,0.35482221841812134,0.35482221841812134,Base coefficient,0.9981299443059413,false
N28,1,9,Transitions,transitions,Disengaged → Engaged,drug_z,0.48619359731674194,0.9742090106010437,Drug − saline contrast,0.9981299443059413,false
N28,1,10,Emissions,emissions,Engaged,bias,0.4032714068889618,0.4032714068889618,Base coefficient,0.9988863960816994,false
N28,1,10,Emissions,emissions,Engaged,stim_x_delay_param,1.1244186162948608,1.1244186162948608,Base coefficient,0.9988863960816994,false
N28,1,10,Emissions,emissions,Engaged,choice_lag_param,0.868886411190033,0.868886411190033,Base coefficient,0.9988863960816994,false
N28,1,10,Emissions,emissions,Engaged,drug_z_x_stim_x_delay_param,-0.03338746726512909,-0.06684938073158264,Drug − saline contrast,0.9988863960816994,false
N28,1,10,Emissions,emissions,Engaged,drug_z_x_choice_lag_param,0.3220461308956146,0.6448103189468384,Drug − saline contrast,0.9988863960816994,false
N28,1,10,Emissions,emissions,Disengaged,bias,0.3753212094306946,0.3753212094306946,Base coefficient,0.9988863960816994,false
N28,1,10,Emissions,emissions,Disengaged,stim_x_delay_param,0.0,0.0,Base coefficient,0.9988863960816994,true
N28,1,10,Emissions,emissions,Disengaged,choice_lag_param,1.3455692529678345,1.3455692529678345,Base coefficient,0.9988863960816994,false
N28,1,10,Emissions,emissions,Disengaged,drug_z_x_stim_x_delay_param,0.0,0.0,Drug − saline contrast,0.9988863960816994,true
N28,1,10,Emissions,emissions,Disengaged,drug_z_x_choice_lag_param,-0.009774579666554928,-0.019570954144001007,Drug − saline contrast,0.9988863960816994,false
N28,1,10,Transitions,transitions,Engaged → Disengaged,bias,-5.220633029937744,-5.220633029937744,Base coefficient,0.9988863960816994,false
N28,1,10,Transitions,transitions,Engaged → Disengaged,cumulative_reward,1.0579030513763428,1.0579030513763428,Base coefficient,0.9988863960816994,false
N28,1,10,Transitions,transitions,Engaged → Disengaged,drug_z,0.9618013501167297,1.9257471561431885,Drug − saline contrast,0.9988863960816994,false
N28,1,10,Transitions,transitions,Disengaged → Engaged,bias,-2.7706005573272705,-2.7706005573272705,Base coefficient,0.9988863960816994,false
N28,1,10,Transitions,transitions,Disengaged → Engaged,cumulative_reward,0.3052821457386017,0.3052821457386017,Base coefficient,0.9988863960816994,false
N28,1,10,Transitions,transitions,Disengaged → Engaged,drug_z,0.490962952375412,0.9830206036567688,Drug − saline contrast,0.9988863960816994,false
N28,1,11,Emissions,emissions,Engaged,bias,0.3777678608894348,0.3777678608894348,Base coefficient,0.9977617874839497,false
N28,1,11,Emissions,emissions,Engaged,stim_x_delay_param,1.12053644657135,1.12053644657135,Base coefficient,0.9977617874839497,false
N28,1,11,Emissions,emissions,Engaged,choice_lag_param,0.8497920036315918,0.8497920036315918,Base coefficient,0.9977617874839497,false
N28,1,11,Emissions,emissions,Engaged,drug_z_x_stim_x_delay_param,-0.05471179634332657,-0.10966905206441879,Drug − saline contrast,0.9977617874839497,false
N28,1,11,Emissions,emissions,Engaged,drug_z_x_choice_lag_param,0.34512051939964294,0.6917893886566162,Drug − saline contrast,0.9977617874839497,false
N28,1,11,Emissions,emissions,Disengaged,bias,0.43630748987197876,0.43630748987197876,Base coefficient,0.9977617874839497,false
N28,1,11,Emissions,emissions,Disengaged,stim_x_delay_param,0.0,0.0,Base coefficient,0.9977617874839497,true
N28,1,11,Emissions,emissions,Disengaged,choice_lag_param,1.3375722169876099,1.3375722169876099,Base coefficient,0.9977617874839497,false
N28,1,11,Emissions,emissions,Disengaged,drug_z_x_stim_x_delay_param,0.0,0.0,Drug − saline contrast,0.9977617874839497,true
N28,1,11,Emissions,emissions,Disengaged,drug_z_x_choice_lag_param,-0.010129797272384167,-0.02030504122376442,Drug − saline contrast,0.9977617874839497,false
N28,1,11,Transitions,transitions,Engaged → Disengaged,bias,-5.187230587005615,-5.187230587005615,Base coefficient,0.9977617874839497,false
N28,1,11,Transitions,transitions,Engaged → Disengaged,cumulative_reward,0.9099342226982117,0.9099342226982117,Base coefficient,0.9977617874839497,false
N28,1,11,Transitions,transitions,Engaged → Disengaged,drug_z,1.145295262336731,2.295728921890259,Drug − saline contrast,0.9977617874839497,false
N28,1,11,Transitions,transitions,Disengaged → Engaged,bias,-2.8042123317718506,-2.8042123317718506,Base coefficient,0.9977617874839497,false
N28,1,11,Transitions,transitions,Disengaged → Engaged,cumulative_reward,0.2413528561592102,0.2413528561592102,Base coefficient,0.9977617874839497,false
N28,1,11,Transitions,transitions,Disengaged → Engaged,drug_z,0.5685709714889526,1.139692783355713,Drug − saline contrast,0.9977617874839497,false
N28,1,12,Emissions,emissions,Engaged,bias,0.4613525867462158,0.4613525867462158,Base coefficient,0.9980406039869634,false
N28,1,12,Emissions,emissions,Engaged,stim_x_delay_param,1.1533708572387695,1.1533708572387695,Base coefficient,0.9980406039869634,false
N28,1,12,Emissions,emissions,Engaged,choice_lag_param,0.8576794266700745,0.8576794266700745,Base coefficient,0.9980406039869634,false
N28,1,12,Emissions,emissions,Engaged,drug_z_x_stim_x_delay_param,-0.04879070818424225,-0.0977729931473732,Drug − saline contrast,0.9980406039869634,false
N28,1,12,Emissions,emissions,Engaged,drug_z_x_choice_lag_param,0.3429994583129883,0.6873456835746765,Drug − saline contrast,0.9980406039869634,false
N28,1,12,Emissions,emissions,Disengaged,bias,0.4497622847557068,0.4497622847557068,Base coefficient,0.9980406039869634,false
N28,1,12,Emissions,emissions,Disengaged,stim_x_delay_param,0.0,0.0,Base coefficient,0.9980406039869634,true
N28,1,12,Emissions,emissions,Disengaged,choice_lag_param,1.2982922792434692,1.2982922792434692,Base coefficient,0.9980406039869634,false
N28,1,12,Emissions,emissions,Disengaged,drug_z_x_stim_x_delay_param,0.0,0.0,Drug − saline contrast,0.9980406039869634,true
N28,1,12,Emissions,emissions,Disengaged,drug_z_x_choice_lag_param,0.00870522391051054,0.017444629222154617,Drug − saline contrast,0.9980406039869634,false
N28,1,12,Transitions,transitions,Engaged → Disengaged,bias,-5.079306602478027,-5.079306602478027,Base coefficient,0.9980406039869634,false
N28,1,12,Transitions,transitions,Engaged → Disengaged,cumulative_reward,0.6988924741744995,0.6988924741744995,Base coefficient,0.9980406039869634,false
N28,1,12,Transitions,transitions,Engaged → Disengaged,drug_z,1.1690266132354736,2.3426432609558105,Drug − saline contrast,0.9980406039869634,false
N28,1,12,Transitions,transitions,Disengaged → Engaged,bias,-2.8366539478302,-2.8366539478302,Base coefficient,0.9980406039869634,false
N28,1,12,Transitions,transitions,Disengaged → Engaged,cumulative_reward,0.15827146172523499,0.15827146172523499,Base coefficient,0.9980406039869634,false
N28,1,12,Transitions,transitions,Disengaged → Engaged,drug_z,0.6456935405731201,1.2939224243164062,Drug − saline contrast,0.9980406039869634,false
N28,1,13,Emissions,emissions,Engaged,bias,0.4482516646385193,0.4482516646385193,Base coefficient,0.9955170179630387,false
N28,1,13,Emissions,emissions,Engaged,stim_x_delay_param,1.1328355073928833,1.1328355073928833,Base coefficient,0.9955170179630387,false
N28,1,13,Emissions,emissions,Engaged,choice_lag_param,0.8808172345161438,0.8808172345161438,Base coefficient,0.9955170179630387,false
N28,1,13,Emissions,emissions,Engaged,drug_z_x_stim_x_delay_param,-0.03772202134132385,-0.07578378170728683,Drug − saline contrast,0.9955170179630387,false
N28,1,13,Emissions,emissions,Engaged,drug_z_x_choice_lag_param,0.34824419021606445,0.69962477684021,Drug − saline contrast,0.9955170179630387,false
N28,1,13,Emissions,emissions,Disengaged,bias,0.574507474899292,0.574507474899292,Base coefficient,0.9955170179630387,false
N28,1,13,Emissions,emissions,Disengaged,stim_x_delay_param,0.0,0.0,Base coefficient,0.9955170179630387,true
N28,1,13,Emissions,emissions,Disengaged,choice_lag_param,1.3335388898849487,1.3335388898849487,Base coefficient,0.9955170179630387,false
N28,1,13,Emissions,emissions,Disengaged,drug_z_x_stim_x_delay_param,0.0,0.0,Drug − saline contrast,0.9955170179630387,true
N28,1,13,Emissions,emissions,Disengaged,drug_z_x_choice_lag_param,-0.0579264834523201,-0.116374671459198,Drug − saline contrast,0.9955170179630387,false
N28,1,13,Transitions,transitions,Engaged → Disengaged,bias,-8.725332260131836,-8.725332260131836,Base coefficient,0.9955170179630387,false
N28,1,13,Transitions,transitions,Engaged → Disengaged,cumulative_reward,3.733429431915283,3.733429431915283,Base coefficient,0.9955170179630387,false
N28,1,13,Transitions,transitions,Engaged → Disengaged,drug_z,0.6263578534126282,1.2583569288253784,Drug − saline contrast,0.9955170179630387,false
N28,1,13,Transitions,transitions,Disengaged → Engaged,bias,-2.848954439163208,-2.848954439163208,Base coefficient,0.9955170179630387,false
N28,1,13,Transitions,transitions,Disengaged → Engaged,cumulative_reward,0.6138793230056763,0.6138793230056763,Base coefficient,0.9955170179630387,false
N28,1,13,Transitions,transitions,Disengaged → Engaged,drug_z,0.16561931371688843,0.3327302634716034,Drug − saline contrast,0.9955170179630387,false
N28,1,14,Emissions,emissions,Engaged,bias,0.45085713267326355,0.45085713267326355,Base coefficient,0.9973046038243061,false
N28,1,14,Emissions,emissions,Engaged,stim_x_delay_param,1.176196813583374,1.176196813583374,Base coefficient,0.9973046038243061,false
N28,1,14,Emissions,emissions,Engaged,choice_lag_param,0.8217981457710266,0.8217981457710266,Base coefficient,0.9973046038243061,false
N28,1,14,Emissions,emissions,Engaged,drug_z_x_stim_x_delay_param,-0.0006613964214920998,-0.0013263679575175047,Drug − saline contrast,0.9973046038243061,false
N28,1,14,Emissions,emissions,Engaged,drug_z_x_choice_lag_param,0.3630436062812805,0.7280495762825012,Drug − saline contrast,0.9973046038243061,false
N28,1,14,Emissions,emissions,Disengaged,bias,0.4253997802734375,0.4253997802734375,Base coefficient,0.9973046038243061,false
N28,1,14,Emissions,emissions,Disengaged,stim_x_delay_param,0.0,0.0,Base coefficient,0.9973046038243061,true
N28,1,14,Emissions,emissions,Disengaged,choice_lag_param,1.3248591423034668,1.3248591423034668,Base coefficient,0.9973046038243061,false
N28,1,14,Emissions,emissions,Disengaged,drug_z_x_stim_x_delay_param,0.0,0.0,Drug − saline contrast,0.9973046038243061,true
N28,1,14,Emissions,emissions,Disengaged,drug_z_x_choice_lag_param,-0.0495264045894146,-0.09932051599025726,Drug − saline contrast,0.9973046038243061,false
N28,1,14,Transitions,transitions,Engaged → Disengaged,bias,-5.2770819664001465,-5.2770819664001465,Base coefficient,0.9973046038243061,false
N28,1,14,Transitions,transitions,Engaged → Disengaged,cumulative_reward,1.1515437364578247,1.1515437364578247,Base coefficient,0.9973046038243061,false
N28,1,14,Transitions,transitions,Engaged → Disengaged,drug_z,0.9261470437049866,1.8573001623153687,Drug − saline contrast,0.9973046038243061,false
N28,1,14,Transitions,transitions,Disengaged → Engaged,bias,-2.703518867492676,-2.703518867492676,Base coefficient,0.9973046038243061,false
N28,1,14,Transitions,transitions,Disengaged → Engaged,cumulative_reward,0.44028642773628235,0.44028642773628235,Base coefficient,0.9973046038243061,false
N28,1,14,Transitions,transitions,Disengaged → Engaged,drug_z,0.3993287980556488,0.8008161187171936,Drug − saline contrast,0.9973046038243061,false
N28,1,15,Emissions,emissions,Engaged,bias,0.35449931025505066,0.35449931025505066,Base coefficient,0.9979807677333667,false
N28,1,15,Emissions,emissions,Engaged,stim_x_delay_param,1.1070669889450073,1.1070669889450073,Base coefficient,0.9979807677333667,false
N28,1,15,Emissions,emissions,Engaged,choice_lag_param,0.9408321380615234,0.9408321380615234,Base coefficient,0.9979807677333667,false
N28,1,15,Emissions,emissions,Engaged,drug_z_x_stim_x_delay_param,-0.0964416116476059,-0.19327348470687866,Drug − saline contrast,0.9979807677333667,false
N28,1,15,Emissions,emissions,Engaged,drug_z_x_choice_lag_param,0.25604790449142456,0.5131319165229797,Drug − saline contrast,0.9979807677333667,false
N28,1,15,Emissions,emissions,Disengaged,bias,0.5254430770874023,0.5254430770874023,Base coefficient,0.9979807677333667,false
N28,1,15,Emissions,emissions,Disengaged,stim_x_delay_param,0.0,0.0,Base coefficient,0.9979807677333667,true
N28,1,15,Emissions,emissions,Disengaged,choice_lag_param,1.2667243480682373,1.2667243480682373,Base coefficient,0.9979807677333667,false
N28,1,15,Emissions,emissions,Disengaged,drug_z_x_stim_x_delay_param,0.0,0.0,Drug − saline contrast,0.9979807677333667,true
N28,1,15,Emissions,emissions,Disengaged,drug_z_x_choice_lag_param,0.20487718284130096,0.4105834364891052,Drug − saline contrast,0.9979807677333667,false
N28,1,15,Transitions,transitions,Engaged → Disengaged,bias,-10.519487380981445,-10.519487380981445,Base coefficient,0.9979807677333667,false
N28,1,15,Transitions,transitions,Engaged → Disengaged,cumulative_reward,5.067887783050537,5.067887783050537,Base coefficient,0.9979807677333667,false
N28,1,15,Transitions,transitions,Engaged → Disengaged,drug_z,0.5946823954582214,1.1917712688446045,Drug − saline contrast,0.9979807677333667,false
N28,1,15,Transitions,transitions,Disengaged → Engaged,bias,-2.91715931892395,-2.91715931892395,Base coefficient,0.9979807677333667,false
N28,1,15,Transitions,transitions,Disengaged → Engaged,cumulative_reward,0.5044429898262024,0.5044429898262024,Base coefficient,0.9979807677333667,false
N28,1,15,Transitions,transitions,Disengaged → Engaged,drug_z,0.09542571008205414,0.19123756885528564,Drug − saline contrast,0.9979807677333667,false
N28,1,16,Emissions,emissions,Engaged,bias,0.4014153480529785,0.4014153480529785,Base coefficient,0.9971650490252871,false
N28,1,16,Emissions,emissions,Engaged,stim_x_delay_param,1.1360374689102173,1.1360374689102173,Base coefficient,0.9971650490252871,false
N28,1,16,Emissions,emissions,Engaged,choice_lag_param,0.8324488401412964,0.8324488401412964,Base coefficient,0.9971650490252871,false
N28,1,16,Emissions,emissions,Engaged,drug_z_x_stim_x_delay_param,-0.033138878643512726,-0.06646618992090225,Drug − saline contrast,0.9971650490252871,false
N28,1,16,Emissions,emissions,Engaged,drug_z_x_choice_lag_param,0.3277784585952759,0.6574206948280334,Drug − saline contrast,0.9971650490252871,false
N28,1,16,Emissions,emissions,Disengaged,bias,0.36840346455574036,0.36840346455574036,Base coefficient,0.9971650490252871,false
N28,1,16,Emissions,emissions,Disengaged,stim_x_delay_param,0.0,0.0,Base coefficient,0.9971650490252871,true
N28,1,16,Emissions,emissions,Disengaged,choice_lag_param,1.3114852905273438,1.3114852905273438,Base coefficient,0.9971650490252871,false
N28,1,16,Emissions,emissions,Disengaged,drug_z_x_stim_x_delay_param,0.0,0.0,Drug − saline contrast,0.9971650490252871,true
N28,1,16,Emissions,emissions,Disengaged,drug_z_x_choice_lag_param,-0.01608610898256302,-0.03226368501782417,Drug − saline contrast,0.9971650490252871,false
N28,1,16,Transitions,transitions,Engaged → Disengaged,bias,-5.463820934295654,-5.463820934295654,Base coefficient,0.9971650490252871,false
N28,1,16,Transitions,transitions,Engaged → Disengaged,cumulative_reward,1.0318776369094849,1.0318776369094849,Base coefficient,0.9971650490252871,false
N28,1,16,Transitions,transitions,Engaged → Disengaged,drug_z,0.9802314639091492,1.9660365581512451,Drug − saline contrast,0.9971650490252871,false
N28,1,16,Transitions,transitions,Disengaged → Engaged,bias,-2.9336936473846436,-2.9336936473846436,Base coefficient,0.9971650490252871,false
N28,1,16,Transitions,transitions,Disengaged → Engaged,cumulative_reward,0.25672563910484314,0.25672563910484314,Base coefficient,0.9971650490252871,false
N28,1,16,Transitions,transitions,Disengaged → Engaged,drug_z,0.46080461144447327,0.9242293834686279,Drug − saline contrast,0.9971650490252871,false
N28,1,17,Emissions,emissions,Engaged,bias,0.3741801977157593,0.3741801977157593,Base coefficient,0.9962621180145265,false
N28,1,17,Emissions,emissions,Engaged,stim_x_delay_param,1.055954933166504,1.055954933166504,Base coefficient,0.9962621180145265,false
N28,1,17,Emissions,emissions,Engaged,choice_lag_param,0.8827166557312012,0.8827166557312012,Base coefficient,0.9962621180145265,false
N28,1,17,Emissions,emissions,Engaged,drug_z_x_stim_x_delay_param,-0.09541817754507065,-0.19155235588550568,Drug − saline contrast,0.9962621180145265,false
N28,1,17,Emissions,emissions,Engaged,drug_z_x_choice_lag_param,0.29452261328697205,0.591255247592926,Drug − saline contrast,0.9962621180145265,false
N28,1,17,Emissions,emissions,Disengaged,bias,0.4065650999546051,0.4065650999546051,Base coefficient,0.9962621180145265,false
N28,1,17,Emissions,emissions,Disengaged,stim_x_delay_param,0.0,0.0,Base coefficient,0.9962621180145265,true
N28,1,17,Emissions,emissions,Disengaged,choice_lag_param,1.445621371269226,1.445621371269226,Base coefficient,0.9962621180145265,false
N28,1,17,Emissions,emissions,Disengaged,drug_z_x_stim_x_delay_param,0.0,0.0,Drug − saline contrast,0.9962621180145265,true
N28,1,17,Emissions,emissions,Disengaged,drug_z_x_choice_lag_param,-0.030177801847457886,-0.060582052916288376,Drug − saline contrast,0.9962621180145265,false
N28,1,17,Transitions,transitions,Engaged → Disengaged,bias,-12.863801956176758,-12.863801956176758,Base coefficient,0.9962621180145265,false
N28,1,17,Transitions,transitions,Engaged → Disengaged,cumulative_reward,6.50405216217041,6.50405216217041,Base coefficient,0.9962621180145265,false
N28,1,17,Transitions,transitions,Engaged → Disengaged,drug_z,1.1940045356750488,2.3969686031341553,Drug − saline contrast,0.9962621180145265,false
N28,1,17,Transitions,transitions,Disengaged → Engaged,bias,-3.013108015060425,-3.013108015060425,Base coefficient,0.9962621180145265,false
N28,1,17,Transitions,transitions,Disengaged → Engaged,cumulative_reward,0.49856534600257874,0.49856534600257874,Base coefficient,0.9962621180145265,false
N28,1,17,Transitions,transitions,Disengaged → Engaged,drug_z,0.3637365698814392,0.7302025556564331,Drug − saline contrast,0.9962621180145265,false
