Trial,Side,RepTrial,Reward,Punish,Miss,WrongLick,Hit,AfterHit,Choice,RepChoice,Response,TrialStart,TrialEnd,TrialLen,StimStart,StimEnd,StimLen,RespWinStart,RespWinEnd,RespWinLen,Filename,Filename2,FilesMatch,Message,MessageFound,SoundLeft,SoundRight,Sound,ILD,ILDRep,Port1In,Port1Out,Port2In,Port2Out,ValveLeft,ValveRight,AW,AWTrials,Switch,Timeout,Fixation,Stage,Motor,REC,Progression,CB,RespWin,ITI,WarmUp,RecoveryMode,P,PRight,Blocks,BlockLen,Task,Ephys,Wait,TrialLag,K,Drug,StimDur,Delay,VarDelay,RewardSize,SerialPort,Protocol,Creator,Project,Experiment,Board,Setup,NetPort,Subject,BpodApiVersion,Session,Date,SessionStart,SessionEnd
0,0,,0,0,1,0,,,,,0,0.348432,23.434436,23.08600400000001,2.8181000000000003,,,3.0764,13.0764,10.000000000000002,aaa,aaa,1,,0,1,0,1,-70.0,,[],[],[],[],0.0082,0.0086,100,1,0.5,0.0,0.0,0,0,1,0,0,10,10,0,0,0.0,0.5,LR,20.0,RT,0,0,0,1,,0.25,0.0,9.999999999976694e-05,1.0,/dev/ttyACM-Bpod6,stage_training_v6,Emma,pv_nmdar_eranet,2AFC_6,Bpod6,21,36006,21,1.8.2,021_stage_training_v6_20250610-115734,2025-06-10,11:57:46.268568,12:31:44.927306
1,1,,0,0,1,0,,,,,0,23.500132,46.589036,23.088904,2.8206,,,3.0793,13.0793,10.0,iaa,iaa,1,,0,0,1,1,70.0,,[],[],[],[],0.0082,0.0086,100,1,0.5,0.0,0.0,0,0,1,0,0,10,10,0,0,0.0,0.5,LR,20.0,RT,0,0,0,1,,0.25,0.0,9.999999999976694e-05,1.0,/dev/ttyACM-Bpod6,stage_training_v6,Emma,pv_nmdar_eranet,2AFC_6,Bpod6,21,36006,21,1.8.2,021_stage_training_v6_20250610-115734,2025-06-10,11:57:46.268568,12:31:44.927306
2,0,,0,0,1,0,,,,,0,46.605032,69.691036,23.086004,2.8181000000000003,,,3.0764,13.0764,10.000000000000002,aaa,aaa,1,,0,1,0,1,-70.0,,[],[],[],[],0.0082,0.0086,100,1,0.5,0.0,0.0,0,0,1,0,0,10,10,0,0,0.0,0.5,LR,20.0,RT,0,0,0,1,,0.25,0.0,9.999999999976694e-05,1.0,/dev/ttyACM-Bpod6,stage_training_v6,Emma,pv_nmdar_eranet,2AFC_6,Bpod6,21,36006,21,1.8.2,021_stage_training_v6_20250610-115734,2025-06-10,11:57:46.268568,12:31:44.927306
3,1,,0,0,1,0,,,,,0,69.717732,92.806636,23.088904,2.8206,,,3.0793,13.0793,10.0,iaa,iaa,1,,0,0,1,1,70.0,,[],[],[],[],0.0082,0.0086,100,1,0.5,0.0,0.0,0,0,1,0,0,10,10,0,0,0.0,0.5,LR,20.0,RT,0,0,0,1,,0.25,0.0,9.999999999976694e-05,1.0,/dev/ttyACM-Bpod6,stage_training_v6,Emma,pv_nmdar_eranet,2AFC_6,Bpod6,21,36006,21,1.8.2,021_stage_training_v6_20250610-115734,2025-06-10,11:57:46.268568,12:31:44.927306
4,0,,0,0,1,0,,,,,0,92.822432,115.908436,23.086003999999992,2.8181000000000003,,,3.0764,13.0764,10.000000000000002,aaa,aaa,1,,0,1,0,1,-70.0,,[],[],[],[],0.0082,0.0086,100,1,0.5,0.0,0.0,0,0,1,0,0,10,10,0,0,0.0,0.5,LR,20.0,RT,0,0,0,1,,0.25,0.0,9.999999999976694e-05,1.0,/dev/ttyACM-Bpod6,stage_training_v6,Emma,pv_nmdar_eranet,2AFC_6,Bpod6,21,36006,21,1.8.2,021_stage_training_v6_20250610-115734,2025-06-10,11:57:46.268568,12:31:44.927306
5,1,,1,0,0,0,1.0,,1.0,,1,115.925532,129.02643600000002,13.100903999999984,2.8206,3.1008,0.2801999999999998,3.0793,3.0912,0.0119000000000002,iaa,iaa,1,,0,0,1,1,70.0,,[],[],"[3.0912, 3.105, 3.1181, 3.1317, 3.3105, 3.3213000000000004, 3.3342, 3.3456, 3.358, 3.37, 3.3826, 3.3958000000000004]","[3.097, 3.1108, 3.1239000000000003, 3.1333, 3.3124, 3.3238000000000003, 3.3372, 3.3499000000000003, 3.3623000000000003, 3.3747000000000003, 3.3865000000000003, 3.3989000000000003]",0.0082,0.0086,100,1,0.5,0.0,0.0,0,0,1,0,0,10,10,0,0,0.0,0.5,LR,20.0,RT,0,0,0,1,,0.25,0.0,9.999999999976694e-05,1.0,/dev/ttyACM-Bpod6,stage_training_v6,Emma,pv_nmdar_eranet,2AFC_6,Bpod6,21,36006,21,1.8.2,021_stage_training_v6_20250610-115734,2025-06-10,11:57:46.268568,12:31:44.927306
6,0,0.0,0,1,0,0,0.0,1.0,1.0,1.0,1,129.03813200000002,142.391436,13.353304000000007,2.8181000000000003,,,3.0764,3.3436000000000003,0.2672000000000003,aaa,aaa,1,,0,1,0,1,-70.0,-70.0,[],[],"[3.3436000000000003, 3.3559, 3.3671, 3.3798000000000004]","[3.3443, 3.3583000000000003, 3.371, 3.3829]",0.0082,0.0086,100,1,0.5,0.0,0.0,0,0,1,0,0,10,10,0,0,0.0,0.5,LR,20.0,RT,0,0,0,1,,0.25,0.0,9.999999999976694e-05,1.0,/dev/ttyACM-Bpod6,stage_training_v6,Emma,pv_nmdar_eranet,2AFC_6,Bpod6,21,36006,21,1.8.2,021_stage_training_v6_20250610-115734,2025-06-10,11:57:46.268568,12:31:44.927306
7,1,1.0,1,0,0,0,1.0,0.0,1.0,1.0,1,142.407832,155.507036,13.099203999999983,2.8206,3.0991,0.2784999999999997,3.0793,3.0895,0.0102000000000002,iaa,iaa,1,,0,0,1,1,70.0,70.0,[],[],"[3.0895, 3.103, 3.1184000000000003, 3.1298000000000004, 3.145, 3.1588000000000003, 3.2788, 3.3679, 3.3807, 3.3922000000000003, 3.406]","[3.0987, 3.1138000000000003, 3.1269, 3.1438, 3.1574, 3.2778, 3.3647, 3.3760000000000003, 3.3915, 3.4055]",0.0082,0.0086,100,1,0.5,0.0,0.0,0,0,1,0,0,10,10,0,0,0.0,0.5,LR,20.0,RT,0,0,0,1,,0.25,0.0,9.999999999976694e-05,1.0,/dev/ttyACM-Bpod6,stage_training_v6,Emma,pv_nmdar_eranet,2AFC_6,Bpod6,21,36006,21,1.8.2,021_stage_training_v6_20250610-115734,2025-06-10,11:57:46.268568,12:31:44.927306
8,0,0.0,0,1,0,0,0.0,1.0,1.0,1.0,1,155.517732,168.616836,13.099104000000011,2.8181000000000003,,,3.0764,3.0894000000000004,0.0130000000000003,aaa,aaa,1,,0,1,0,1,-70.0,-70.0,"[3.0999000000000003, 3.1488, 3.3672]","[3.1016000000000004, 3.1501, 3.3722000000000003]","[0.0246, 0.0399, 0.0526, 0.0686, 0.1303, 0.3084, 3.0894000000000004, 3.1017, 3.1192, 3.1322, 3.1473, 3.1617, 3.19, 3.2181, 3.2521, 3.2772, 3.3772]","[0.02, 0.0337, 0.0491, 0.0627, 0.1289, 0.3072, 3.0848, 3.0983, 3.1146000000000003, 3.1304000000000003, 3.1457, 3.1578, 3.1891000000000003, 3.2143, 3.2505, 3.2751, 3.3738]",0.0082,0.0086,100,1,0.5,0.0,0.0,0,0,1,0,0,10,10,0,0,0.0,0.5,LR,20.0,RT,0,0,0,1,,0.25,0.0,9.999999999976694e-05,1.0,/dev/ttyACM-Bpod6,stage_training_v6,Emma,pv_nmdar_eranet,2AFC_6,Bpod6,21,36006,21,1.8.2,021_stage_training_v6_20250610-115734,2025-06-10,11:57:46.268568,12:31:44.927306
9,1,1.0,1,0,0,0,1.0,0.0,1.0,1.0,1,168.630732,181.744436,13.113704000000013,2.8206,3.1136000000000004,0.2930000000000001,3.0793,3.104,0.0247000000000001,iaa,iaa,1,,0,0,1,1,70.0,70.0,"[0.0115, 3.3712]","[0.0156, 3.3746]","[0.0215, 0.0368, 0.0488, 0.0666, 0.0943, 0.0964, 0.1275, 0.2937, 0.3055, 0.3205, 3.104, 3.1188, 3.1327000000000003]","[0.0172, 0.0301, 0.0463, 0.0593, 0.094, 0.0961, 0.125, 0.292, 0.3039, 0.3199, 3.1006, 3.1157000000000004, 3.1288]",0.0082,0.0086,100,1,0.5,0.0,0.0,0,0,1,0,0,10,10,0,0,0.0,0.5,LR,20.0,RT,0,0,0,1,,0.25,0.0,9.999999999976694e-05,1.0,/dev/ttyACM-Bpod6,stage_training_v6,Emma,pv_nmdar_eranet,2AFC_6,Bpod6,21,36006,21,1.8.2,021_stage_training_v6_20250610-115734,2025-06-10,11:57:46.268568,12:31:44.927306
10,0,0.0,1,0,0,0,1.0,1.0,0.0,0.0,1,181.756032,194.850236,13.09420399999999,2.8181000000000003,3.0941,0.2759999999999998,3.0764,3.0845,0.0081000000000002,aaa,aaa,1,,0,1,0,1,-70.0,-70.0,"[3.0845, 3.1007, 3.1247000000000003, 3.1787, 3.2144000000000004, 3.2522, 3.2643, 3.2709, 3.3054, 3.3396000000000003, 3.365, 3.3882000000000003, 3.4021000000000003, 3.418, 3.4283, 3.4401, 3.4754, 3.5093, 3.5319000000000003, 3.5623, 3.5981, 3.6354, 3.6867, 3.7242, 3.7397, 3.7558, 3.7573, 3.7581, 3.7605, 3.7758, 3.8123, 3.8298, 3.8441, 3.8616, 3.8618, 3.8671, 3.8673, 3.8677, 3.8685, 3.869, 3.8693, 3.874, 3.9074, 3.919, 3.9203, 3.9286, 3.9289, 3.9292, 3.9294, 3.9525, 3.9651, 3.9655, 3.9659, 3.9955, 3.9958, 3.9966, 4.0058, 4.0081, 4.0417000000000005, 4.0549, 4.055400000000001, 4.0557, 4.0834, 4.0845, 4.0905000000000005, 4.0914, 4.0920000000000005, 4.0927, 4.0937, 4.1345, 4.1349, 4.1356, 4.1370000000000005, 4.1375, 4.1388, 4.1395, 4.1398, 4.1401, 4.1405, 4.1422, 4.1757, 4.224, 4.2244, 4.2648, 4.2657, 4.2671, 4.268, 4.268800000000001, 4.2692000000000005, 4.2702, 4.2712, 4.2722, 4.2727, 4.2739, 4.2761000000000005, 4.3099, 4.310700000000001, 4.3119000000000005, 4.3529, 4.3539, 4.3543, 4.3638, 4.3641000000000005, 4.365, 4.410200000000001, 4.4438, 4.4473, 4.4477, 4.4489, 4.4493, 4.4499, 4.4506000000000006, 4.4510000000000005, 4.452100000000001, 4.4538, 4.454000000000001, 4.4545, 4.490600000000001, 4.4915, 4.4917, 4.492500000000001, 4.492900000000001, 4.4932, 4.4934, 4.4938, 4.494800000000001, 4.4955, 4.496, 4.4974, 4.4978, 4.498, 4.498200000000001, 4.4984, 4.500100000000001, 4.5003, 4.5008, 4.5013000000000005, 4.5346, 4.5355, 4.5358, 4.5361, 4.5366, 4.5372, 4.543200000000001, 4.5445, 4.5834, 4.5878000000000005, 4.5882000000000005, 4.5885, 4.5892, 4.5904, 4.5907, 4.5917, 4.5926, 4.6275, 4.629300000000001, 4.6347000000000005, 4.6369, 4.638, 4.6384, 4.6388, 4.6395, 4.6445, 4.6736, 4.6744, 4.6746, 4.6749, 4.6755, 4.676, 4.6763, 4.679, 4.6792, 4.6799, 4.6801, 4.681500000000001, 4.6818, 4.6841, 4.721900000000001, 4.7229, 4.7244, 4.7253, 4.729, 4.73, 4.7626, 4.7638, 4.7643, 4.7647, 4.7651, 4.7671, 4.7677000000000005, 4.768, 4.768400000000001, 4.7689, 4.7696000000000005, 4.771, 4.7716, 4.7788, 4.8124, 4.8592, 4.8601, 4.8617, 4.862, 4.8624, 4.8628, 4.8631, 4.8636, 4.8648, 4.9097, 4.9106000000000005, 4.9116, 4.9131, 5.0029, 5.0032000000000005, 5.0048, 5.0119, 5.0137, 5.0437, 5.0440000000000005, 5.044700000000001, 5.0475, 5.048, 5.049, 5.0517, 5.0521, 5.053100000000001, 5.105300000000001, 5.1055, 5.1344, 5.1348, 5.1356, 5.1362000000000005, 5.1366000000000005, 5.1372, 5.1393, 5.1477, 5.1807, 5.1809, 5.1854000000000005, 5.185700000000001, 5.1864, 5.1955, 5.1965, 5.2386, 5.2477, 5.2481, 5.2779, 5.2781, 5.2792, 5.28, 5.282, 5.2828, 5.2831, 5.2846, 5.285200000000001, 5.2856000000000005, 5.2860000000000005, 5.286300000000001, 5.2874, 5.2878, 5.289000000000001, 5.3285, 5.3289, 5.3352, 5.3381, 5.338500000000001, 5.3685, 5.3712, 5.3715, 5.3721000000000005, 5.3727, 5.3729000000000005, 5.3735, 5.3738, 5.3758, 5.3777, 5.378, 5.3785, 5.3794, 5.3807, 5.3823, 5.4157, 5.42, 5.4232000000000005, 5.4237, 5.4242, 5.4256, 5.4266000000000005, 5.4268, 5.4270000000000005, 5.4272, 5.4276, 5.4285000000000005, 5.4293000000000005, 5.4299, 5.430400000000001, 5.462400000000001, 5.4631, 5.4636000000000005, 5.4645, 5.4652, 5.4655000000000005, 5.466200000000001, 5.4665, 5.4755, 5.4763, 5.476500000000001, 5.4769000000000005, 5.4771, 5.4825, 5.5053, 5.5069, 5.507700000000001, 5.508100000000001, 5.5084, 5.508900000000001, 5.5101, 5.5105, 5.5109, 5.5112000000000005, 5.511900000000001, 5.5124, 5.513, 5.5136, 5.514, 5.514200000000001, 5.5149, 5.5163, 5.5638000000000005, 5.5658, 5.566, 5.5675, 5.5699000000000005, 5.570600000000001, 5.5708, 5.5721, 5.6062, 5.607200000000001, 5.6084000000000005, 5.6088000000000005, 5.6101, 5.6111, 5.6121, 5.613300000000001, 5.6145000000000005, 5.615, 5.615200000000001, 5.615600000000001, 5.617, 5.6172, 5.6505, 5.6513, 5.6521, 5.6532, 5.6535, 5.6566, 5.657, 5.6576, 5.657900000000001, 5.6582, 5.6585, 5.6601, 5.697500000000001, 5.6981, 5.6992, 5.7001, 5.7053, 5.743600000000001, 5.7453, 5.7512, 5.7522, 5.752400000000001, 5.7533, 5.7538, 5.7561, 5.7565, 5.7574000000000005, 5.7583, 5.7893, 5.7902000000000005, 5.7907, 5.7915, 5.7919, 5.7929, 5.7935, 5.7941, 5.796600000000001, 5.799, 5.7999, 5.8001000000000005, 5.8005, 5.8007, 5.8512, 5.8848, 5.9183, 5.9448, 5.945, 5.9455, 5.9459, 5.9463, 5.9467, 5.947100000000001, 5.9489, 5.9492, 5.949400000000001, 5.949800000000001, 5.9503, 5.952, 5.985600000000001, 6.0323, 6.0337000000000005, 6.0417000000000005, 6.0421000000000005, 6.0442, 6.0449, 6.0675, 6.0698, 6.070200000000001, 6.0705, 6.0707, 6.071000000000001, 6.0716, 6.0727, 6.0739, 6.0741000000000005, 6.074400000000001, 6.0755, 6.0764000000000005, 6.076700000000001, 6.0769, 6.077500000000001, 6.0779000000000005, 6.079000000000001, 6.0799, 6.0803, 6.080500000000001, 6.0883, 6.0892, 6.091600000000001, 6.1155, 6.117, 6.12, 6.120500000000001, 6.120900000000001, 6.1216, 6.135000000000001, 6.1376, 6.1381000000000006, 6.1384, 6.1393, 6.1413, 6.1531, 6.1612, 6.1614, 6.1616, 6.163, 6.1633, 6.1879, 6.1885, 6.189, 6.1908, 6.1913, 6.2029000000000005, 6.2033000000000005, 6.203600000000001, 6.2039, 6.208200000000001, 6.2122, 6.2203, 6.2235000000000005, 6.223800000000001, 6.2244, 6.6387, 7.5739, 7.5742, 7.997800000000001, 7.9983, 7.9998, 8.000300000000001, 8.002]","[3.0987, 3.103, 3.1431, 3.194, 3.2301, 3.2622, 3.2644, 3.2713, 3.3205, 3.3632, 3.3705000000000003, 3.3992, 3.4082000000000003, 3.4216, 3.4318, 3.4585000000000004, 3.4927, 3.5274, 3.5376000000000003, 3.5804, 3.6173, 3.67, 3.705, 3.7396, 3.7422, 3.7561, 3.7575, 3.7585, 3.7606, 3.795, 3.8297, 3.8304, 3.8614, 3.8617, 3.8627, 3.8672, 3.8674, 3.8678, 3.8687, 3.8692, 3.8734, 3.9073, 3.9189, 3.9202, 3.9205, 3.9287, 3.9291, 3.9293, 3.9515, 3.9526, 3.9652, 3.9656, 3.9953, 3.9957, 3.9964, 4.0057, 4.0074000000000005, 4.040900000000001, 4.0425, 4.055000000000001, 4.0556, 4.0833, 4.0835, 4.0848, 4.0906, 4.0917, 4.0921, 4.093500000000001, 4.1344, 4.1348, 4.1355, 4.1369, 4.1374, 4.1387, 4.1394, 4.139600000000001, 4.140000000000001, 4.1402, 4.1413, 4.1749, 4.2238, 4.2243, 4.2647, 4.265000000000001, 4.2659, 4.2672, 4.268400000000001, 4.269, 4.2695, 4.2703, 4.2713, 4.2725, 4.2738000000000005, 4.2755, 4.309, 4.3106, 4.3118, 4.3527000000000005, 4.3536, 4.3541, 4.3545, 4.3639, 4.3648, 4.4096, 4.4431, 4.4471, 4.4476, 4.4478, 4.4491000000000005, 4.4497, 4.4503, 4.4508, 4.4513, 4.4522, 4.4539, 4.4542, 4.4904, 4.4914000000000005, 4.4916, 4.4918000000000005, 4.4926, 4.493, 4.4933000000000005, 4.4937000000000005, 4.4939, 4.4949, 4.4956000000000005, 4.4968, 4.4976, 4.4979000000000005, 4.4981, 4.4983, 4.498600000000001, 4.5002, 4.5007, 4.5012, 4.5345, 4.5354, 4.5356000000000005, 4.5359, 4.5362, 4.537100000000001, 4.5373, 4.5433, 4.5833, 4.587400000000001, 4.588, 4.5883, 4.5887, 4.5894, 4.5905000000000005, 4.591600000000001, 4.5924000000000005, 4.6273, 4.6286000000000005, 4.6295, 4.6348, 4.6371, 4.6382, 4.6385000000000005, 4.6391, 4.6443, 4.673500000000001, 4.6741, 4.6745, 4.6747000000000005, 4.6751000000000005, 4.675800000000001, 4.6761, 4.6765, 4.6791, 4.6798, 4.680000000000001, 4.6814, 4.6817, 4.682, 4.7218, 4.722, 4.723, 4.724600000000001, 4.7254000000000005, 4.729900000000001, 4.7624, 4.7637, 4.764200000000001, 4.7645, 4.7648, 4.7653, 4.7672, 4.7678, 4.7683, 4.7686, 4.769, 4.7709, 4.7715000000000005, 4.7786, 4.8118, 4.859100000000001, 4.86, 4.8615, 4.8619, 4.8621, 4.8626000000000005, 4.862900000000001, 4.8632, 4.8647, 4.9096, 4.9105, 4.9109, 4.9123, 5.002000000000001, 5.003, 5.0033, 5.0049, 5.0120000000000005, 5.0436000000000005, 5.0439, 5.0445, 5.0448, 5.0476, 5.0486, 5.0509, 5.0519, 5.052700000000001, 5.091, 5.1054, 5.133900000000001, 5.1345, 5.1349, 5.1357, 5.1364, 5.1367, 5.137700000000001, 5.1469000000000005, 5.1806, 5.1808000000000005, 5.185300000000001, 5.1856, 5.1863, 5.1866, 5.195600000000001, 5.2385, 5.2475000000000005, 5.247800000000001, 5.2778, 5.2780000000000005, 5.2789, 5.2793, 5.280200000000001, 5.2822000000000005, 5.282900000000001, 5.2832, 5.284800000000001, 5.2853, 5.2858, 5.2861, 5.286700000000001, 5.2875000000000005, 5.2889, 5.3284, 5.328600000000001, 5.3301, 5.335500000000001, 5.3383, 5.3684, 5.3711, 5.371300000000001, 5.372, 5.3722, 5.372800000000001, 5.373, 5.3737, 5.3740000000000006, 5.375900000000001, 5.3779, 5.3784, 5.379, 5.3805000000000005, 5.3815, 5.415100000000001, 5.4199, 5.4219, 5.4233, 5.424, 5.425, 5.426200000000001, 5.4267, 5.4269, 5.4271, 5.427300000000001, 5.4282, 5.429200000000001, 5.4298, 5.430000000000001, 5.4623, 5.463, 5.4634, 5.4642, 5.464700000000001, 5.4653, 5.4656, 5.4663, 5.466600000000001, 5.4756, 5.4764, 5.4767, 5.477, 5.482200000000001, 5.5052, 5.506600000000001, 5.5074000000000005, 5.5078000000000005, 5.5082, 5.508500000000001, 5.5098, 5.5102, 5.510800000000001, 5.5111, 5.5114, 5.512300000000001, 5.5126, 5.5135000000000005, 5.5139000000000005, 5.5141, 5.5144, 5.5155, 5.5637, 5.5655, 5.5659, 5.566400000000001, 5.5676000000000005, 5.5701, 5.5707, 5.5719, 5.6061000000000005, 5.6067, 5.6083, 5.608700000000001, 5.609, 5.6102, 5.6119, 5.6132, 5.6143, 5.6149, 5.6151, 5.6155, 5.6160000000000005, 5.617100000000001, 5.649, 5.6511000000000005, 5.6517, 5.6531, 5.6534, 5.654100000000001, 5.6568000000000005, 5.6574, 5.6577, 5.658, 5.6584, 5.659800000000001, 5.6974, 5.698, 5.6991000000000005, 5.7, 5.7052000000000005, 5.7433000000000005, 5.7437000000000005, 5.745500000000001, 5.7513000000000005, 5.7523, 5.7527, 5.7536000000000005, 5.753900000000001, 5.756200000000001, 5.7569, 5.7582, 5.7892, 5.790100000000001, 5.790500000000001, 5.791, 5.7916, 5.7927, 5.7933, 5.7936000000000005, 5.7942, 5.7967, 5.7991, 5.800000000000001, 5.800400000000001, 5.8006, 5.851100000000001, 5.8843000000000005, 5.918200000000001, 5.9447, 5.9449000000000005, 5.9453000000000005, 5.945600000000001, 5.946000000000001, 5.946400000000001, 5.947, 5.9487000000000005, 5.949, 5.9493, 5.9495000000000005, 5.9499, 5.951300000000001, 5.9848, 6.0305, 6.032500000000001, 6.0338, 6.0418, 6.0422, 6.0448, 6.0674, 6.0697, 6.0701, 6.0704, 6.070600000000001, 6.0709, 6.071400000000001, 6.072, 6.072900000000001, 6.074000000000001, 6.0743, 6.0745000000000005, 6.0757, 6.0766, 6.0768, 6.077100000000001, 6.0776, 6.0781, 6.0791, 6.08, 6.0804, 6.0806, 6.0887, 6.0915, 6.115200000000001, 6.1168000000000005, 6.117100000000001, 6.1204, 6.1208, 6.1215, 6.1226, 6.1351, 6.138, 6.1383, 6.139200000000001, 6.1412, 6.1526000000000005, 6.160900000000001, 6.161300000000001, 6.1615, 6.162800000000001, 6.1631, 6.1638, 6.188000000000001, 6.1889, 6.1904, 6.1912, 6.2028, 6.203200000000001, 6.2035, 6.2037, 6.204000000000001, 6.2083, 6.2123, 6.223400000000001, 6.2236, 6.2243, 6.2248, 6.6389000000000005, 7.574000000000001, 7.5743, 7.998, 7.9985, 8.0002, 8.0004, 8.0022]","[0.0308, 0.048, 3.0995000000000004, 3.116, 3.1283000000000003, 3.3773]","[0.0298, 0.0444, 3.0962, 3.1119000000000003, 3.1249, 3.374]",0.0082,0.0086,100,1,0.5,0.0,0.0,0,0,1,0,0,10,10,0,0,0.0,0.5,LR,20.0,RT,0,0,0,1,,0.25,0.0,9.999999999976694e-05,1.0,/dev/ttyACM-Bpod6,stage_training_v6,Emma,pv_nmdar_eranet,2AFC_6,Bpod6,21,36006,21,1.8.2,021_stage_training_v6_20250610-115734,2025-06-10,11:57:46.268568,12:31:44.927306
11,1,0.0,0,1,0,0,0.0,1.0,0.0,1.0,1,194.877932,207.970936,13.093004000000008,2.8206,,,3.0793,3.0833,0.004,iaa,iaa,1,,0,0,1,1,70.0,-70.0,"[0.0294, 0.0511, 0.0844, 0.1199, 0.1253, 0.1434, 0.1493, 0.1534, 0.1546, 0.1788, 0.1912, 0.2102, 0.2126, 0.2273, 0.2512, 0.2576, 0.2633, 0.2688, 0.2936, 0.3484, 0.3852, 0.401, 0.4233, 0.4449, 0.4453, 0.4764, 0.5129, 0.5681, 0.5684, 0.6027, 0.6413, 0.6423, 0.6431, 0.6443, 0.645, 0.646, 0.6463, 0.6950000000000001, 0.7327, 0.7334, 0.7405, 0.7907000000000001, 0.7918000000000001, 0.7928000000000001, 0.7939, 0.7942, 0.7947000000000001, 0.8284, 0.8309000000000001, 3.0833, 3.1, 3.1301, 3.1579, 3.1946000000000003, 3.2238, 3.2374, 3.256, 3.2584, 3.2601, 3.2855000000000003, 3.2971000000000004, 3.3213000000000004, 3.3544, 3.3571, 3.3689, 3.4052, 3.4349000000000003, 3.4594, 3.4955000000000003, 3.5878, 3.5886, 3.6265, 3.6273, 3.6277]","[0.0046, 0.0317, 0.0632, 0.0991, 0.1207, 0.1288, 0.1465, 0.152, 0.1544, 0.1582, 0.1894, 0.1929, 0.2122, 0.2241, 0.2286, 0.2541, 0.2583, 0.2652, 0.2758, 0.3118, 0.365, 0.4009, 0.4011, 0.4312, 0.445, 0.4549, 0.4918, 0.5262, 0.5682, 0.5814, 0.6172000000000001, 0.6422, 0.6424000000000001, 0.6433, 0.6444000000000001, 0.6454000000000001, 0.6461, 0.6465000000000001, 0.7056, 0.7332000000000001, 0.7393000000000001, 0.7406, 0.7909, 0.7924, 0.7931, 0.794, 0.7943, 0.7948000000000001, 0.8285, 0.8310000000000001, 3.0842, 3.1122, 3.1386000000000003, 3.1731000000000003, 3.2045000000000003, 3.2283, 3.2384, 3.2568, 3.2597, 3.2644, 3.2956000000000003, 3.2984, 3.3233, 3.3553, 3.3586, 3.3848000000000003, 3.4138, 3.4366000000000003, 3.4746, 3.5076, 3.5882, 3.5961000000000003, 3.6266, 3.6276, 3.6278]","[0.007, 0.0229, 0.035, 0.0519, 3.1026]","[0.0034, 0.0172, 0.034, 0.0478, 3.1012]",0.0082,0.0086,100,1,0.5,0.0,0.0,0,0,1,0,0,10,10,0,0,0.0,0.5,LR,20.0,RT,0,0,0,1,,0.25,0.0,9.999999999976694e-05,1.0,/dev/ttyACM-Bpod6,stage_training_v6,Emma,pv_nmdar_eranet,2AFC_6,Bpod6,21,36006,21,1.8.2,021_stage_training_v6_20250610-115734,2025-06-10,11:57:46.268568,12:31:44.927306
12,0,1.0,1,0,0,0,1.0,0.0,0.0,1.0,1,207.983032,221.069436,13.086403999999987,2.8181000000000003,3.0863,0.2681999999999997,3.0764,3.0767,0.0003000000000001,aaa,aaa,1,,0,1,0,1,-70.0,70.0,"[0.0098, 0.0456, 0.0681, 0.1009, 0.141, 0.1707, 0.1947, 0.2069, 0.2294, 0.23, 0.2428, 0.2669, 0.2731, 0.279, 0.2848, 0.3095, 0.365, 0.4017, 0.4416, 0.4945, 0.5321, 0.5326000000000001, 0.5386000000000001, 0.6263000000000001, 0.627, 3.0767, 3.0968, 3.1323000000000003, 3.1436, 3.1921, 3.2042, 3.2463, 3.2531000000000003, 3.3492, 3.3547, 3.3576, 3.3683, 3.4047]","[0.0201, 0.0469, 0.0787, 0.1148, 0.1447, 0.1738, 0.2042, 0.2083, 0.2299, 0.2397, 0.2441, 0.2696, 0.2739, 0.28, 0.2863, 0.3205, 0.38, 0.4153, 0.4445, 0.5061, 0.5324, 0.5385, 0.5392, 0.6265000000000001, 0.6271, 3.0923000000000003, 3.1085000000000003, 3.1406, 3.1527000000000003, 3.1948000000000003, 3.2088, 3.253, 3.2538, 3.3532, 3.3559, 3.3581000000000003, 3.3713, 3.4111]",[0.0384],[0.0348],0.0082,0.0086,100,1,0.5,0.0,0.0,0,0,1,0,0,10,10,0,0,0.0,0.5,LR,20.0,RT,0,0,0,1,,0.25,0.0,9.999999999976694e-05,1.0,/dev/ttyACM-Bpod6,stage_training_v6,Emma,pv_nmdar_eranet,2AFC_6,Bpod6,21,36006,21,1.8.2,021_stage_training_v6_20250610-115734,2025-06-10,11:57:46.268568,12:31:44.927306
13,1,0.0,0,1,0,0,0.0,1.0,0.0,1.0,1,221.080832,234.199536,13.118704000000005,2.8206,,,3.0793,3.109,0.0297,iaa,iaa,1,,0,0,1,1,70.0,-70.0,"[0.0229, 0.0342, 0.1334, 0.1355, 0.142, 0.2397, 0.2412, 0.2436, 0.2496, 0.3196, 0.3529, 0.3906, 3.109, 3.1378000000000004, 3.1419, 3.3588, 3.3666, 3.4707000000000003]","[0.03, 0.0351, 0.1344, 0.1406, 0.143, 0.2404, 0.2425, 0.2487, 0.2524, 0.3219, 0.3608, 0.396, 3.1125000000000003, 3.1407000000000003, 3.1433, 3.3633, 3.375, 3.4798]",[],[],0.0082,0.0086,100,1,0.5,0.0,0.0,0,0,1,0,0,10,10,0,0,0.0,0.5,LR,20.0,RT,0,0,0,1,,0.25,0.0,9.999999999976694e-05,1.0,/dev/ttyACM-Bpod6,stage_training_v6,Emma,pv_nmdar_eranet,2AFC_6,Bpod6,21,36006,21,1.8.2,021_stage_training_v6_20250610-115734,2025-06-10,11:57:46.268568,12:31:44.927306
14,0,1.0,1,0,0,0,1.0,0.0,0.0,1.0,1,234.213632,247.303636,13.090004000000027,2.8181000000000003,3.0899,0.2717999999999998,3.0764,3.0803000000000003,0.0039000000000002,aaa,aaa,1,,0,1,0,1,-70.0,70.0,"[0.0109, 0.1209, 0.127, 0.2294, 0.3439, 0.3855, 3.0803000000000003, 3.1378000000000004, 3.3698, 3.3769]","[0.0192, 0.126, 0.1294, 0.2396, 0.3497, 0.3946, 3.0822000000000003, 3.1446, 3.3709, 3.3803]",[],[],0.0082,0.0086,100,1,0.5,0.0,0.0,0,0,1,0,0,10,10,0,0,0.0,0.5,LR,20.0,RT,0,0,0,1,,0.25,0.0,9.999999999976694e-05,1.0,/dev/ttyACM-Bpod6,stage_training_v6,Emma,pv_nmdar_eranet,2AFC_6,Bpod6,21,36006,21,1.8.2,021_stage_training_v6_20250610-115734,2025-06-10,11:57:46.268568,12:31:44.927306
15,1,0.0,0,1,0,0,0.0,1.0,0.0,1.0,1,247.316032,260.437836,13.121803999999996,2.8206,,,3.0793,3.1121000000000003,0.0328000000000003,iaa,iaa,1,,0,0,1,1,70.0,-70.0,"[0.0141, 0.0263, 0.1323, 3.1121000000000003]","[0.0186, 0.0277, 0.1332, 3.1149]",[],[],0.0082,0.0086,100,1,0.5,0.0,0.0,0,0,1,0,0,10,10,0,0,0.0,0.5,LR,20.0,RT,0,0,0,1,,0.25,0.0,9.999999999976694e-05,1.0,/dev/ttyACM-Bpod6,stage_training_v6,Emma,pv_nmdar_eranet,2AFC_6,Bpod6,21,36006,21,1.8.2,021_stage_training_v6_20250610-115734,2025-06-10,11:57:46.268568,12:31:44.927306
16,0,1.0,1,0,0,0,1.0,0.0,0.0,1.0,1,260.450732,273.567336,13.116603999999995,2.8181000000000003,3.1165000000000003,0.2984,3.0764,3.1069,0.0304999999999999,aaa,aaa,1,,0,1,0,1,-70.0,70.0,"[3.1069, 3.9859, 4.1009, 4.157, 4.2125, 4.2625, 4.3257, 4.3625, 4.439, 4.4392000000000005, 4.465800000000001, 4.5473, 4.5579, 4.5704, 4.6625000000000005, 4.7069, 4.7495, 4.7926, 4.837400000000001, 4.8376, 4.8827, 4.911700000000001, 5.0088, 5.1240000000000006, 5.163600000000001, 5.276400000000001, 5.4097, 5.5216, 5.6589, 5.7753000000000005, 5.895300000000001, 6.0224, 6.128500000000001, 6.2692000000000005, 6.3718, 6.522600000000001, 6.6286000000000005, 6.7572, 6.8753, 7.0091, 7.1372, 7.2807, 7.4097, 7.537, 7.667400000000001, 7.8021, 7.946700000000001, 8.0665, 8.218300000000001, 8.3794, 8.582600000000001, 9.4974]","[3.1115, 4.0662, 4.1235, 4.1779, 4.2298, 4.2853, 4.3362, 4.3905, 4.4391, 4.4444, 4.504, 4.5578, 4.558, 4.6365, 4.6825, 4.7251, 4.7676, 4.8371, 4.8375, 4.8512, 4.8941, 4.9572, 5.097300000000001, 5.1386, 5.1953000000000005, 5.3289, 5.4344, 5.5605, 5.6766000000000005, 5.7977, 5.9316, 6.041, 6.1653, 6.2777, 6.4076, 6.5393, 6.6625000000000005, 6.7827, 6.915100000000001, 7.042000000000001, 7.1686000000000005, 7.3189, 7.4409, 7.5791, 7.7076, 7.8379, 7.9816, 8.1203, 8.285400000000001, 8.449, 8.6356, 9.5653]",[],[],0.0082,0.0086,100,1,0.5,0.0,0.0,0,0,1,0,0,10,10,0,0,0.0,0.5,LR,20.0,RT,0,0,0,1,,0.25,0.0,9.999999999976694e-05,1.0,/dev/ttyACM-Bpod6,stage_training_v6,Emma,pv_nmdar_eranet,2AFC_6,Bpod6,21,36006,21,1.8.2,021_stage_training_v6_20250610-115734,2025-06-10,11:57:46.268568,12:31:44.927306
17,1,0.0,0,1,0,0,0.0,1.0,0.0,1.0,1,273.590032,287.357036,13.767003999999984,2.8206,,,3.0793,3.7573,0.6780000000000004,iaa,iaa,1,,0,0,1,1,70.0,-70.0,"[3.7573, 3.8991, 4.0622, 4.2667, 4.7129, 4.8308, 4.9927, 5.2202, 5.2215, 5.3771, 5.5198, 5.7675, 6.1089, 6.224200000000001, 6.356400000000001, 6.546600000000001, 6.8841, 7.0006, 7.1505, 7.4144, 7.5324, 7.6775, 7.862900000000001, 8.0769, 8.199300000000001, 8.3606, 8.6065, 8.7402, 8.8826, 9.0767, 9.4428, 11.6308, 11.7574, 11.9796, 12.186, 12.6654, 12.9187, 13.065]","[3.8028, 3.9827, 4.1555, 4.3465, 4.7372000000000005, 4.8918, 5.091200000000001, 5.2214, 5.2218, 5.4067, 5.5891, 5.8323, 6.1321, 6.2667, 6.4177, 6.5746, 6.905200000000001, 7.0532, 7.2084, 7.445, 7.5831, 7.733700000000001, 7.8904, 8.1081, 8.253400000000001, 8.4122, 8.652000000000001, 8.7935, 8.9457, 9.1286, 9.4533, 11.6913, 11.8499, 12.0931, 12.2948, 12.67, 13.0004, 13.1787]","[0.0323, 6.5974, 6.611400000000001, 7.240600000000001, 7.2682, 7.2915, 7.409800000000001, 7.5242, 7.6448, 7.817900000000001, 8.0768, 8.2033, 8.3435, 8.5015, 8.6015, 8.7436, 8.889000000000001, 9.0861, 11.8379, 12.0733, 12.2747, 13.1548]","[0.0313, 6.5934, 6.6044, 7.221100000000001, 7.2468, 7.269900000000001, 7.3135, 7.448300000000001, 7.584, 7.736400000000001, 7.9004, 8.108, 8.2512, 8.417, 8.5184, 8.6521, 8.7909, 8.9426, 9.1248, 11.8435, 12.0868, 12.2884, 13.1725]",0.0082,0.0086,100,1,0.5,0.0,0.0,0,0,1,0,0,10,10,0,0,0.0,0.5,LR,20.0,RT,0,0,0,1,,0.25,0.0,9.999999999976694e-05,1.0,/dev/ttyACM-Bpod6,stage_training_v6,Emma,pv_nmdar_eranet,2AFC_6,Bpod6,21,36006,21,1.8.2,021_stage_training_v6_20250610-115734,2025-06-10,11:57:46.268568,12:31:44.927306
18,0,1.0,1,0,0,0,1.0,0.0,0.0,1.0,1,287.370432,300.932636,13.562204000000007,2.8181000000000003,3.5621,0.7439999999999998,3.0764,3.5525,0.4761000000000002,aaa,aaa,1,,0,1,0,1,-70.0,70.0,"[3.5525, 3.6886, 3.6957, 3.8053, 3.9065, 4.010400000000001, 4.1348, 4.2567, 4.386, 4.5198, 4.7072, 4.9167000000000005, 7.964700000000001, 8.0679, 8.269400000000001, 8.473, 12.2493, 12.3528, 12.5366, 12.6913, 12.8812, 13.2171]","[3.6339, 3.6947, 3.7426, 3.8372, 3.9366, 4.0601, 4.1863, 4.3084, 4.4425, 4.5985000000000005, 4.768800000000001, 4.9241, 8.017800000000001, 8.1676, 8.3523, 8.5625, 12.2902, 12.4408, 12.6043, 12.7885, 12.9933, 13.3228]","[4.5621, 8.1552, 8.4844, 12.4282, 12.7178, 12.8912, 13.3062, 13.509]","[4.5933, 8.1615, 8.559800000000001, 12.4337, 12.7862, 12.9895, 13.3163]",0.0082,0.0086,100,1,0.5,0.0,0.0,0,0,1,0,0,10,10,0,0,0.0,0.5,LR,20.0,RT,0,0,0,1,,0.25,0.0,9.999999999976694e-05,1.0,/dev/ttyACM-Bpod6,stage_training_v6,Emma,pv_nmdar_eranet,2AFC_6,Bpod6,21,36006,21,1.8.2,021_stage_training_v6_20250610-115734,2025-06-10,11:57:46.268568,12:31:44.927306
19,1,0.0,0,1,0,0,0.0,1.0,0.0,1.0,1,300.947532,315.208736,14.261203999999964,2.8206,,,3.0793,4.2515,1.1722,iaa,iaa,1,,0,0,1,1,70.0,-70.0,"[4.2515, 4.4011000000000005, 8.0737, 8.2394, 11.383, 11.5358, 12.9107, 13.0882, 13.3927, 13.4422, 13.5635, 13.5638, 13.6624, 13.7868, 13.9763, 14.1447]","[0.0207, 4.3399, 4.5360000000000005, 8.183300000000001, 8.354000000000001, 11.4697, 11.6462, 13.022, 13.2199, 13.3993, 13.4707, 13.5637, 13.5652, 13.7129, 13.873, 14.0252, 14.1619]","[4.3261, 4.503, 8.1178, 8.321900000000001, 11.4414, 11.6132, 12.9778, 13.1599, 13.3829, 13.552700000000002, 13.6482, 13.7863, 14.0193]","[0.0266, 4.3327, 4.5304, 8.176300000000001, 8.3488, 11.4646, 11.6416, 13.0154, 13.2127, 13.4819, 13.574800000000002, 13.7142, 13.8721, 14.0202]",0.0082,0.0086,100,1,0.5,0.0,0.0,0,0,1,0,0,10,10,0,0,0.0,0.5,LR,20.0,RT,0,0,0,1,,0.25,0.0,9.999999999976694e-05,1.0,/dev/ttyACM-Bpod6,stage_training_v6,Emma,pv_nmdar_eranet,2AFC_6,Bpod6,21,36006,21,1.8.2,021_stage_training_v6_20250610-115734,2025-06-10,11:57:46.268568,12:31:44.927306
20,0,1.0,1,0,0,0,1.0,0.0,0.0,1.0,1,315.221632,328.318236,13.096604000000012,2.8181000000000003,3.0965000000000003,0.2784,3.0764,3.0869,0.0104999999999999,aaa,aaa,1,,0,1,0,1,-70.0,70.0,"[3.0869, 8.3992, 8.536100000000001, 8.6485, 8.737, 8.8609, 8.9724, 9.1, 9.2257, 9.3769, 9.5071, 9.6578, 9.7976, 9.9546, 10.1103, 10.3361]","[3.0947, 8.4758, 8.580400000000001, 8.6651, 8.786100000000001, 8.8987, 9.0204, 9.1405, 9.2697, 9.4167, 9.5564, 9.7084, 9.8612, 10.0221, 10.191, 10.4047]","[10.0117, 10.1586]","[10.0152, 10.187]",0.0082,0.0086,100,1,0.5,0.0,0.0,0,0,1,0,0,10,10,0,0,0.0,0.5,LR,20.0,RT,0,0,0,1,,0.25,0.0,9.999999999976694e-05,1.0,/dev/ttyACM-Bpod6,stage_training_v6,Emma,pv_nmdar_eranet,2AFC_6,Bpod6,21,36006,21,1.8.2,021_stage_training_v6_20250610-115734,2025-06-10,11:57:46.268568,12:31:44.927306
21,1,0.0,0,1,0,0,0.0,1.0,0.0,1.0,1,328.328932,342.063736,13.734803999999995,2.8206,,,3.0793,3.7251,0.6458000000000004,iaa,iaa,1,,0,0,1,1,70.0,-70.0,"[3.7251, 3.9801, 4.1105, 4.2056, 4.3051, 4.4738, 8.835700000000001, 12.8847]","[3.8459, 4.026, 4.1164000000000005, 4.2352, 4.3697, 4.4903, 8.9176, 12.9902]","[3.7333, 3.9183, 4.1025, 4.198, 4.3059, 4.479, 8.8513, 12.941]","[3.8442, 4.0385, 4.1242, 4.2371, 4.3688, 4.4846, 8.914200000000001, 12.9856]",0.0082,0.0086,100,1,0.5,0.0,0.0,0,0,1,0,0,10,10,0,0,0.0,0.5,LR,20.0,RT,0,0,0,1,,0.25,0.0,9.999999999976694e-05,1.0,/dev/ttyACM-Bpod6,stage_training_v6,Emma,pv_nmdar_eranet,2AFC_6,Bpod6,21,36006,21,1.8.2,021_stage_training_v6_20250610-115734,2025-06-10,11:57:46.268568,12:31:44.927306
22,0,1.0,1,0,0,0,1.0,0.0,0.0,1.0,1,342.075232,355.175536,13.100303999999996,2.8181000000000003,3.1002,0.2820999999999998,3.0764,3.0906,0.0142000000000002,aaa,aaa,1,,0,1,0,1,-70.0,70.0,"[3.0906, 3.1067, 5.5393, 5.7069, 5.937, 6.0082, 6.1445, 6.2392, 6.3673, 6.485600000000001, 6.6094, 6.739800000000001, 6.8956, 7.022200000000001, 11.6116, 11.7384]","[3.0955000000000004, 3.113, 5.6644000000000005, 5.8552, 5.9467, 6.0753, 6.1675, 6.296, 6.4083000000000006, 6.5322000000000005, 6.6553, 6.783, 6.9042, 7.0723, 11.6764, 11.8346]","[5.6501, 5.8361]","[5.6527, 5.8403]",0.0082,0.0086,100,1,0.5,0.0,0.0,0,0,1,0,0,10,10,0,0,0.0,0.5,LR,20.0,RT,0,0,0,1,,0.25,0.0,9.999999999976694e-05,1.0,/dev/ttyACM-Bpod6,stage_training_v6,Emma,pv_nmdar_eranet,2AFC_6,Bpod6,21,36006,21,1.8.2,021_stage_training_v6_20250610-115734,2025-06-10,11:57:46.268568,12:31:44.927306
23,1,0.0,0,1,0,0,0.0,1.0,0.0,1.0,1,355.190732,368.794736,13.604003999999973,2.8206,,,3.0793,3.5943,0.5150000000000001,iaa,iaa,1,,0,0,1,1,70.0,-70.0,"[3.5943, 3.7511, 3.9927, 4.1925, 4.3997, 5.1345]","[3.6708, 3.8607, 4.1005, 4.2873, 4.4767, 5.2612000000000005]","[3.8465, 3.9974, 4.1928, 4.4508, 5.2399]","[3.8541, 4.1001, 4.2864, 4.472, 5.2553]",0.0082,0.0086,100,1,0.5,0.0,0.0,0,0,1,0,0,10,10,0,0,0.0,0.5,LR,20.0,RT,0,0,0,1,,0.25,0.0,9.999999999976694e-05,1.0,/dev/ttyACM-Bpod6,stage_training_v6,Emma,pv_nmdar_eranet,2AFC_6,Bpod6,21,36006,21,1.8.2,021_stage_training_v6_20250610-115734,2025-06-10,11:57:46.268568,12:31:44.927306
24,0,1.0,1,0,0,0,1.0,0.0,0.0,1.0,1,368.807132,381.903336,13.096204,2.8181000000000003,3.0961000000000003,0.278,3.0764,3.0865,0.0100999999999999,aaa,aaa,1,,0,1,0,1,-70.0,70.0,"[3.0865, 6.2164, 6.3798, 6.4908, 6.584700000000001, 6.692900000000001, 6.7973, 6.9268, 7.0564, 7.212000000000001, 7.3844, 7.500100000000001, 7.676, 7.8242, 8.0225, 11.2505, 11.3956, 12.3971, 12.5519, 12.685, 13.0313]","[3.0934, 6.3185, 6.4253, 6.5158000000000005, 6.620900000000001, 6.7296000000000005, 6.8448, 6.9675, 7.0994, 7.2292, 7.4043, 7.567900000000001, 7.7437, 7.8986, 8.1059, 11.2926, 11.4587, 12.4066, 12.5986, 12.7352]","[7.7339, 12.3378, 12.4809, 12.5517]","[7.7361, 12.4169, 12.4935, 12.5977]",0.0082,0.0086,100,1,0.5,0.0,0.0,0,0,1,0,0,10,10,0,0,0.0,0.5,LR,20.0,RT,0,0,0,1,,0.25,0.0,9.999999999976694e-05,1.0,/dev/ttyACM-Bpod6,stage_training_v6,Emma,pv_nmdar_eranet,2AFC_6,Bpod6,21,36006,21,1.8.2,021_stage_training_v6_20250610-115734,2025-06-10,11:57:46.268568,12:31:44.927306
25,1,0.0,0,1,0,0,0.0,1.0,0.0,1.0,1,381.914732,397.436236,15.521503999999993,2.8206,,,3.0793,5.5118,2.4325,iaa,iaa,1,,0,0,1,1,70.0,-70.0,"[5.5118, 5.6719, 5.9002, 10.4595, 10.598, 12.2772, 12.4625, 12.6687, 12.9197]","[0.0036, 5.5986, 5.7875000000000005, 5.9994000000000005, 10.5243, 10.6841, 12.3713, 12.5672, 12.768, 13.0211]","[5.5838, 5.7675, 5.904800000000001, 10.6664, 12.3585, 12.5492, 12.6807]","[5.5921, 5.7815, 5.9999, 10.6779, 12.3606, 12.5576, 12.7687]",0.0082,0.0086,100,1,0.5,0.0,0.0,0,0,1,0,0,10,10,0,0,0.0,0.5,LR,20.0,RT,0,0,0,1,,0.25,0.0,9.999999999976694e-05,1.0,/dev/ttyACM-Bpod6,stage_training_v6,Emma,pv_nmdar_eranet,2AFC_6,Bpod6,21,36006,21,1.8.2,021_stage_training_v6_20250610-115734,2025-06-10,11:57:46.268568,12:31:44.927306
26,0,1.0,1,0,0,0,1.0,0.0,0.0,1.0,1,397.448932,411.070136,13.621203999999974,2.8181000000000003,3.6211,0.8029999999999999,3.0764,3.6115,0.5351000000000004,aaa,aaa,1,,0,1,0,1,-70.0,70.0,"[3.6115, 3.7581, 3.8959, 4.042800000000001, 4.1958, 4.3707, 6.6469000000000005]","[3.7076, 3.8363, 3.9646, 4.1044, 4.2472, 4.3892, 6.7302]","[3.9489, 6.6877]","[3.958, 6.7258]",0.0082,0.0086,100,1,0.5,0.0,0.0,0,0,1,0,0,10,10,0,0,0.0,0.5,LR,20.0,RT,0,0,0,1,,0.25,0.0,9.999999999976694e-05,1.0,/dev/ttyACM-Bpod6,stage_training_v6,Emma,pv_nmdar_eranet,2AFC_6,Bpod6,21,36006,21,1.8.2,021_stage_training_v6_20250610-115734,2025-06-10,11:57:46.268568,12:31:44.927306
27,1,0.0,1,0,0,0,1.0,1.0,1.0,0.0,1,411.084032,424.183636,13.099604,2.8206,3.0995000000000004,0.2789000000000001,3.0793,3.0899,0.0106000000000001,iaa,iaa,1,,0,0,1,1,70.0,-70.0,"[8.104000000000001, 8.3713, 8.6747, 8.7958, 8.9795, 9.1701, 9.3035, 9.4344, 9.5486, 9.6895, 9.817, 9.9628, 10.1098, 12.1286]","[8.2424, 8.427900000000001, 8.7162, 8.8581, 9.001900000000001, 9.1964, 9.3352, 9.4416, 9.5571, 9.7122, 9.8458, 9.9927, 10.139, 12.2051]","[3.0899, 8.461400000000001, 8.58, 8.6728, 8.7903, 8.9413, 9.1689, 9.2849, 9.4154, 9.5355, 9.6701, 9.8004, 9.9607, 10.1119]","[8.4415, 8.4647, 8.5996, 8.7166, 8.860800000000001, 9.0101, 9.1978, 9.3399, 9.4512, 9.5676, 9.7177, 9.8478, 9.9954, 10.1361]",0.0082,0.0086,100,1,0.5,0.0,0.0,0,0,1,0,0,10,10,0,0,0.0,0.5,LR,20.0,RT,0,0,0,1,,0.25,0.0,9.999999999976694e-05,1.0,/dev/ttyACM-Bpod6,stage_training_v6,Emma,pv_nmdar_eranet,2AFC_6,Bpod6,21,36006,21,1.8.2,021_stage_training_v6_20250610-115734,2025-06-10,11:57:46.268568,12:31:44.927306
28,0,0.0,0,1,0,0,0.0,1.0,1.0,1.0,1,424.197932,437.307136,13.109204000000036,2.8181000000000003,,,3.0764,3.0995000000000004,0.0231000000000003,aaa,aaa,1,,0,1,0,1,-70.0,-70.0,"[2.5587, 2.742, 2.9914, 3.1348000000000003, 3.6314, 3.8699, 4.0549, 4.2244, 4.3764, 4.6106, 4.784400000000001, 4.9619, 5.159, 9.5356, 9.7332]","[2.645, 2.8378, 3.0276, 3.1785, 3.7205, 3.9196, 4.0921, 4.2461, 4.379300000000001, 4.6725, 4.8461, 5.0156, 5.2079, 9.5926, 9.8036]","[2.632, 2.7693000000000003, 2.932, 3.0995000000000004, 3.7064, 3.8524, 4.0056, 4.1813, 4.3236, 4.4629, 4.609100000000001, 4.7887, 4.8165, 4.958600000000001, 5.1336, 9.5426, 9.7011]","[2.6355, 2.835, 3.0304, 3.1805000000000003, 3.7119, 3.9202, 4.0941, 4.2491, 4.3831, 4.5194, 4.6723, 4.7962, 4.8415, 5.016, 5.2095, 9.5893, 9.804]",0.0082,0.0086,100,1,0.5,0.0,0.0,0,0,1,0,0,10,10,0,0,0.0,0.5,LR,20.0,RT,0,0,0,1,,0.25,0.0,9.999999999976694e-05,1.0,/dev/ttyACM-Bpod6,stage_training_v6,Emma,pv_nmdar_eranet,2AFC_6,Bpod6,21,36006,21,1.8.2,021_stage_training_v6_20250610-115734,2025-06-10,11:57:46.268568,12:31:44.927306
29,1,1.0,1,0,0,0,1.0,0.0,1.0,1.0,1,437.318632,452.584236,15.265603999999994,2.8206,5.2655,2.4449,3.0793,5.2559000000000005,2.1766000000000005,iaa,iaa,1,,0,0,1,1,70.0,70.0,"[2.1928, 5.2766, 5.335, 5.4912, 13.0881, 13.3222, 13.6031, 13.704, 13.8296, 13.9398, 14.082]","[2.3064, 5.3203000000000005, 5.379, 5.588500000000001, 13.2276, 13.423, 13.6148, 13.7236, 13.8586, 13.9731, 14.0934]","[2.1704, 5.2559000000000005, 5.487, 13.0612, 13.3227, 13.5504, 13.6947, 13.7942, 13.9389]","[2.3052, 5.3804, 5.5883, 13.2264, 13.4214, 13.6198, 13.7286, 13.8613, 13.9739]",0.0082,0.0086,100,1,0.5,0.0,0.0,0,0,1,0,0,10,10,0,0,0.0,0.5,LR,20.0,RT,0,0,0,1,,0.25,0.0,9.999999999976694e-05,1.0,/dev/ttyACM-Bpod6,stage_training_v6,Emma,pv_nmdar_eranet,2AFC_6,Bpod6,21,36006,21,1.8.2,021_stage_training_v6_20250610-115734,2025-06-10,11:57:46.268568,12:31:44.927306
30,0,0.0,1,0,0,0,1.0,1.0,0.0,0.0,1,452.597632,465.689836,13.092204000000038,2.8181000000000003,3.0921000000000003,0.274,3.0764,3.0825,0.0060999999999999,aaa,aaa,1,,0,1,0,1,-70.0,-70.0,"[3.0825, 5.8119000000000005, 5.9626, 6.0597, 6.1576, 6.258100000000001, 6.376600000000001, 6.487100000000001, 6.6382, 6.751600000000001, 6.877400000000001, 7.0084, 7.1466, 7.303, 7.4661, 7.631900000000001, 10.0785, 10.2868, 10.4489, 10.6715, 10.9474, 11.2172, 11.3076, 11.5491, 11.5857, 11.7594, 11.9611, 12.6007]","[3.1489000000000003, 5.8927000000000005, 5.9924, 6.0865, 6.188000000000001, 6.3002, 6.4148000000000005, 6.5327, 6.6653, 6.7997000000000005, 6.924300000000001, 7.056900000000001, 7.196000000000001, 7.3539, 7.514, 7.673, 10.1307, 10.3707, 10.5442, 10.7562, 10.9985, 11.2339, 11.447, 11.568, 11.6311, 11.8418, 12.0447, 12.6639]","[3.1114, 7.330500000000001, 7.4642, 7.595000000000001, 10.1136, 10.3592, 10.7299, 10.8893, 11.5403, 12.0024, 12.6495]","[3.1387, 7.3482, 7.5145, 7.6745, 10.125, 10.3637, 10.7528, 10.9989, 11.6314, 12.0422, 12.6563]",0.0082,0.0086,100,1,0.5,0.0,0.0,0,0,1,0,0,10,10,0,0,0.0,0.5,LR,20.0,RT,0,0,0,1,,0.25,0.0,9.999999999976694e-05,1.0,/dev/ttyACM-Bpod6,stage_training_v6,Emma,pv_nmdar_eranet,2AFC_6,Bpod6,21,36006,21,1.8.2,021_stage_training_v6_20250610-115734,2025-06-10,11:57:46.268568,12:31:44.927306
31,1,0.0,1,0,0,0,1.0,1.0,1.0,0.0,1,465.718132,478.812036,13.093903999999952,2.8206,3.0938000000000003,0.2732000000000001,3.0793,3.0842,0.0049000000000001,iaa,iaa,1,,0,0,1,1,70.0,-70.0,"[3.0455, 6.2447, 6.451700000000001]","[3.1277000000000004, 6.3489, 6.5501000000000005]","[3.0842, 6.3364, 6.531000000000001]","[3.1227, 6.3387, 6.5431]",0.0082,0.0086,100,1,0.5,0.0,0.0,0,0,1,0,0,10,10,0,0,0.0,0.5,LR,20.0,RT,0,0,0,1,,0.25,0.0,9.999999999976694e-05,1.0,/dev/ttyACM-Bpod6,stage_training_v6,Emma,pv_nmdar_eranet,2AFC_6,Bpod6,21,36006,21,1.8.2,021_stage_training_v6_20250610-115734,2025-06-10,11:57:46.268568,12:31:44.927306
32,0,0.0,1,0,0,0,1.0,1.0,0.0,0.0,1,478.823132,491.919336,13.096204,2.8181000000000003,3.0961000000000003,0.278,3.0764,3.0865,0.0100999999999999,aaa,aaa,1,,0,1,0,1,-70.0,-70.0,"[3.0865, 10.4976, 10.6456, 11.1286, 11.29, 11.3852, 11.4912, 11.5907, 11.7264]","[3.0948, 10.5515, 10.7283, 11.2246, 11.3233, 11.4237, 11.5211, 11.6341, 11.7484]","[10.4735, 10.6433]","[10.5523, 10.7282]",0.0082,0.0086,100,1,0.5,0.0,0.0,0,0,1,0,0,10,10,0,0,0.0,0.5,LR,20.0,RT,0,0,0,1,,0.25,0.0,9.999999999976694e-05,1.0,/dev/ttyACM-Bpod6,stage_training_v6,Emma,pv_nmdar_eranet,2AFC_6,Bpod6,21,36006,21,1.8.2,021_stage_training_v6_20250610-115734,2025-06-10,11:57:46.268568,12:31:44.927306
33,1,0.0,0,1,0,0,0.0,1.0,0.0,1.0,1,491.931732,508.65573600000016,16.72400399999998,2.8206,,,3.0793,6.7143000000000015,3.6350000000000007,iaa,iaa,1,,0,0,1,1,70.0,-70.0,"[6.714300000000001, 6.8776, 7.035, 8.4764, 8.621, 16.6593]","[6.8117, 6.9561, 7.099200000000001, 8.555900000000001, 8.7051]","[6.7945, 6.944800000000001, 8.5427, 16.7059]","[6.804, 6.947900000000001, 8.547, 16.7151]",0.0082,0.0086,100,1,0.5,0.0,0.0,0,0,1,0,0,10,10,0,0,0.0,0.5,LR,20.0,RT,0,0,0,1,,0.25,0.0,9.999999999976694e-05,1.0,/dev/ttyACM-Bpod6,stage_training_v6,Emma,pv_nmdar_eranet,2AFC_6,Bpod6,21,36006,21,1.8.2,021_stage_training_v6_20250610-115734,2025-06-10,11:57:46.268568,12:31:44.927306
34,0,1.0,1,0,0,0,1.0,0.0,0.0,1.0,1,508.687032,521.7833360000002,13.096303999999973,2.8181000000000003,3.0962,0.2780999999999998,3.0764,3.0866,0.0102000000000002,aaa,aaa,1,,0,1,0,1,-70.0,70.0,"[3.0866, 4.1815, 6.5792]","[3.091, 4.2099, 6.6089]",[],[],0.0082,0.0086,100,1,0.5,0.0,0.0,0,0,1,0,0,10,10,0,0,0.0,0.5,LR,20.0,RT,0,0,0,1,,0.25,0.0,9.999999999976694e-05,1.0,/dev/ttyACM-Bpod6,stage_training_v6,Emma,pv_nmdar_eranet,2AFC_6,Bpod6,21,36006,21,1.8.2,021_stage_training_v6_20250610-115734,2025-06-10,11:57:46.268568,12:31:44.927306
35,1,0.0,0,1,0,0,0.0,1.0,0.0,1.0,1,521.794532,535.530436,13.735904000000005,2.8206,,,3.0793,3.7262,0.6469,iaa,iaa,1,,0,0,1,1,70.0,-70.0,"[3.7262, 3.8827, 3.9983, 6.0048, 6.015700000000001, 11.2609, 11.3857, 11.5133]","[3.8273, 3.9352, 4.0277, 6.014, 6.0956, 11.3253, 11.4466, 11.5672]","[4.948300000000001, 6.080500000000001, 11.3136]","[5.0829, 6.0909, 11.3164]",0.0082,0.0086,100,1,0.5,0.0,0.0,0,0,1,0,0,10,10,0,0,0.0,0.5,LR,20.0,RT,0,0,0,1,,0.25,0.0,9.999999999976694e-05,1.0,/dev/ttyACM-Bpod6,stage_training_v6,Emma,pv_nmdar_eranet,2AFC_6,Bpod6,21,36006,21,1.8.2,021_stage_training_v6_20250610-115734,2025-06-10,11:57:46.268568,12:31:44.927306
36,0,1.0,1,0,0,0,1.0,0.0,0.0,1.0,1,535.542332,549.007636,13.46530400000006,2.8181000000000003,3.4652000000000003,0.6471,3.0764,3.4556,0.3792,aaa,aaa,1,,0,1,0,1,-70.0,70.0,"[3.4556, 3.5846, 3.7068, 10.5742, 10.688, 10.8149, 10.9518]","[3.5250000000000004, 3.6355, 3.7423, 10.6197, 10.7527, 10.8701, 10.9785]",[],[],0.0082,0.0086,100,1,0.5,0.0,0.0,0,0,1,0,0,10,10,0,0,0.0,0.5,LR,20.0,RT,0,0,0,1,,0.25,0.0,9.999999999976694e-05,1.0,/dev/ttyACM-Bpod6,stage_training_v6,Emma,pv_nmdar_eranet,2AFC_6,Bpod6,21,36006,21,1.8.2,021_stage_training_v6_20250610-115734,2025-06-10,11:57:46.268568,12:31:44.927306
37,1,0.0,1,0,0,0,1.0,1.0,1.0,0.0,1,549.0189320000002,562.120036,13.101104000000081,2.8206,3.1010000000000004,0.2803999999999997,3.0793,3.0914,0.0121000000000002,iaa,iaa,1,,0,0,1,1,70.0,-70.0,"[4.5972, 12.2897, 12.5342, 12.6894, 12.8581]","[4.6475, 12.3945, 12.6195, 12.7569, 12.8818]","[3.0914, 3.1189, 3.3353, 3.3447, 3.3575000000000004, 3.3694, 3.3812, 3.3927, 3.4061000000000003, 3.4181000000000004, 4.6024, 12.2625, 12.2838, 12.291, 12.5147, 12.8315]","[3.0941, 3.1233, 3.3355, 3.3472, 3.3609, 3.3733, 3.3851, 3.3968000000000003, 3.4074, 3.4202000000000004, 4.647600000000001, 12.2835, 12.2846, 12.401, 12.7816, 12.897]",0.0082,0.0086,100,1,0.5,0.0,0.0,0,0,1,0,0,10,10,0,0,0.0,0.5,LR,20.0,RT,0,0,0,1,,0.25,0.0,9.999999999976694e-05,1.0,/dev/ttyACM-Bpod6,stage_training_v6,Emma,pv_nmdar_eranet,2AFC_6,Bpod6,21,36006,21,1.8.2,021_stage_training_v6_20250610-115734,2025-06-10,11:57:46.268568,12:31:44.927306
38,0,0.0,0,1,0,0,0.0,1.0,1.0,1.0,1,562.132932,575.230036,13.097104000000055,2.8181000000000003,,,3.0764,3.0874,0.0110000000000001,aaa,aaa,1,,0,1,0,1,-70.0,-70.0,"[4.331300000000001, 4.4861, 4.678100000000001, 10.3201, 10.4361, 10.4451, 10.6575, 10.867, 12.0491, 12.2433, 12.4473, 12.689]","[4.414000000000001, 4.5617, 4.7081, 10.3951, 10.4449, 10.559, 10.7481, 10.9626, 12.1316, 12.3364, 12.5397, 12.7877]","[0.032, 0.059, 3.0874, 3.1261, 3.3546, 3.3667, 3.3782, 3.3895, 3.4023000000000003, 4.3484, 4.4574, 4.6409, 4.863300000000001, 10.36, 10.3763, 10.4131, 10.4253, 10.4765, 10.7241, 10.8682, 11.0765, 12.0488, 12.3078, 12.4495, 12.7599]","[0.0223, 0.0376, 0.062, 3.0911, 3.1268, 3.3555, 3.3697000000000004, 3.3818, 3.3928000000000003, 3.4034, 4.4359, 4.5883, 4.7154, 4.8891, 10.3654, 10.3908, 10.4203, 10.455, 10.5584, 10.7457, 10.9687, 11.0887, 12.1313, 12.3338, 12.5412, 12.785]",0.0082,0.0086,100,1,0.5,0.0,0.0,0,0,1,0,0,10,10,0,0,0.0,0.5,LR,20.0,RT,0,0,0,1,,0.25,0.0,9.999999999976694e-05,1.0,/dev/ttyACM-Bpod6,stage_training_v6,Emma,pv_nmdar_eranet,2AFC_6,Bpod6,21,36006,21,1.8.2,021_stage_training_v6_20250610-115734,2025-06-10,11:57:46.268568,12:31:44.927306
39,1,1.0,1,0,0,0,1.0,0.0,1.0,1.0,1,575.242832,588.3408360000002,13.098003999999944,2.8206,3.0979,0.2772999999999999,3.0793,3.0883000000000003,0.0090000000000003,iaa,iaa,1,,0,0,1,1,70.0,70.0,"[3.6829, 3.8836, 4.0482000000000005, 4.1525, 4.3622000000000005, 4.4952000000000005, 4.6046000000000005, 4.7018, 4.8433, 5.321400000000001, 5.4708000000000006, 5.6313, 5.8314, 9.8139, 9.9447, 11.3471, 12.8543]","[3.8258, 3.8907, 4.061, 4.1871, 4.3856, 4.5223, 4.6174, 4.742900000000001, 4.8832, 5.3683000000000005, 5.5187, 5.6695, 5.8641000000000005, 9.8808, 10.0309, 11.4154, 12.9417]","[0.0099, 3.0883000000000003, 3.919, 3.9302, 3.9419, 3.9549, 3.9818, 4.024900000000001, 4.0812, 4.1064, 4.2605, 4.3573, 4.4722, 4.5994, 4.6997, 4.8199000000000005, 4.960100000000001, 5.081300000000001, 5.208, 5.320600000000001, 5.4717, 5.630800000000001, 5.790100000000001, 10.0179, 11.3969, 12.9286]","[0.0129, 3.9124, 3.9249, 3.9393, 3.9516, 3.9791, 3.9905, 4.0687, 4.0878000000000005, 4.198300000000001, 4.2788, 4.391900000000001, 4.5288, 4.6227, 4.7438, 4.887700000000001, 5.0031, 5.115200000000001, 5.2217, 5.367900000000001, 5.5163, 5.6696, 5.8669, 10.024, 11.4103, 12.9349]",0.0082,0.0086,100,1,0.5,0.0,0.0,0,0,1,0,0,10,10,0,0,0.0,0.5,LR,20.0,RT,0,0,0,1,,0.25,0.0,9.999999999976694e-05,1.0,/dev/ttyACM-Bpod6,stage_training_v6,Emma,pv_nmdar_eranet,2AFC_6,Bpod6,21,36006,21,1.8.2,021_stage_training_v6_20250610-115734,2025-06-10,11:57:46.268568,12:31:44.927306
40,0,0.0,1,0,0,0,1.0,1.0,0.0,0.0,1,588.353032,602.4287360000002,14.075703999999973,2.8181000000000003,4.0756000000000006,1.2575000000000005,3.0764,4.066,0.9895999999999998,aaa,aaa,1,,0,1,0,1,-70.0,-70.0,"[4.066, 4.346900000000001, 4.4858, 4.6003, 4.703600000000001, 4.8247, 4.9775, 5.127800000000001, 5.2861, 5.877800000000001, 7.013800000000001, 7.269100000000001, 7.662800000000001, 9.3258, 9.5379]","[4.0846, 4.4064000000000005, 4.5339, 4.631, 4.7244, 4.856, 5.0528, 5.1892000000000005, 5.330900000000001, 5.9558, 7.098400000000001, 7.4003, 7.784400000000001, 9.3938, 9.6258]","[6.5374, 7.3405]","[6.543900000000001, 7.3998]",0.0082,0.0086,100,1,0.5,0.0,0.0,0,0,1,0,0,10,10,0,0,0.0,0.5,LR,20.0,RT,0,0,0,1,,0.25,0.0,9.999999999976694e-05,1.0,/dev/ttyACM-Bpod6,stage_training_v6,Emma,pv_nmdar_eranet,2AFC_6,Bpod6,21,36006,21,1.8.2,021_stage_training_v6_20250610-115734,2025-06-10,11:57:46.268568,12:31:44.927306
41,1,0.0,0,1,0,0,0.0,1.0,0.0,1.0,1,602.4401320000002,615.563836,13.123704000000089,2.8206,,,3.0793,3.1140000000000003,0.0347000000000004,iaa,iaa,1,,0,0,1,1,70.0,-70.0,"[3.1140000000000003, 4.0759, 4.5402000000000005, 4.8784, 5.1341]","[3.2078, 4.2126, 4.7133, 4.9744, 5.2218]","[3.1961, 4.1939, 4.698300000000001, 4.702500000000001, 4.951700000000001, 5.1346]","[3.1982, 4.2039, 4.700200000000001, 4.7027, 4.9670000000000005, 5.2228]",0.0082,0.0086,100,1,0.5,0.0,0.0,0,0,1,0,0,10,10,0,0,0.0,0.5,LR,20.0,RT,0,0,0,1,,0.25,0.0,9.999999999976694e-05,1.0,/dev/ttyACM-Bpod6,stage_training_v6,Emma,pv_nmdar_eranet,2AFC_6,Bpod6,21,36006,21,1.8.2,021_stage_training_v6_20250610-115734,2025-06-10,11:57:46.268568,12:31:44.927306
42,0,1.0,1,0,0,0,1.0,0.0,0.0,1.0,1,615.575432,628.672636,13.097204000000033,2.8181000000000003,3.0971,0.2789999999999999,3.0764,3.0875000000000004,0.0111000000000003,aaa,aaa,1,,0,1,0,1,-70.0,70.0,"[3.0875000000000004, 3.0944000000000003, 5.3853, 5.5739, 5.701300000000001, 5.7986, 5.9082, 6.0267, 6.166, 6.3314, 6.6051, 6.7559000000000005, 10.4102, 10.5405, 10.8859]","[3.0908, 3.0962, 5.5152, 5.6306, 5.723800000000001, 5.8314, 5.9495000000000005, 6.0675, 6.1896, 6.3445, 6.6809, 6.83, 10.4742, 10.6239, 10.9935]",[10.8912],[10.9934],0.0082,0.0086,100,1,0.5,0.0,0.0,0,0,1,0,0,10,10,0,0,0.0,0.5,LR,20.0,RT,0,0,0,1,,0.25,0.0,9.999999999976694e-05,1.0,/dev/ttyACM-Bpod6,stage_training_v6,Emma,pv_nmdar_eranet,2AFC_6,Bpod6,21,36006,21,1.8.2,021_stage_training_v6_20250610-115734,2025-06-10,11:57:46.268568,12:31:44.927306
43,1,0.0,1,0,0,0,1.0,1.0,1.0,0.0,1,628.6892320000002,642.1882360000002,13.499004000000017,2.8206,3.4989000000000003,0.6783000000000001,3.0793,3.4893,0.4100000000000001,iaa,iaa,1,,0,0,1,1,70.0,-70.0,"[3.5233000000000003, 4.1383, 10.0054, 10.1659, 10.3715]","[3.5966, 4.2285, 10.0932, 10.268, 10.4831]","[3.4893, 3.4896000000000003, 4.2088, 4.3613, 10.014, 10.0328, 10.1448, 10.1711, 10.4017]","[3.4895, 3.5999000000000003, 4.3274, 4.4371, 10.0157, 10.0909, 10.167, 10.2661, 10.4794]",0.0082,0.0086,100,1,0.5,0.0,0.0,0,0,1,0,0,10,10,0,0,0.0,0.5,LR,20.0,RT,0,0,0,1,,0.25,0.0,9.999999999976694e-05,1.0,/dev/ttyACM-Bpod6,stage_training_v6,Emma,pv_nmdar_eranet,2AFC_6,Bpod6,21,36006,21,1.8.2,021_stage_training_v6_20250610-115734,2025-06-10,11:57:46.268568,12:31:44.927306
44,0,0.0,1,0,0,0,1.0,1.0,0.0,0.0,1,642.235732,655.333236,13.097504000000072,2.8181000000000003,3.0974,0.2792999999999996,3.0764,3.0878,0.0114,aaa,aaa,1,,0,1,0,1,-70.0,-70.0,"[3.0878, 3.0971, 3.5565, 3.6857, 4.4275, 4.5724, 4.728000000000001, 7.673900000000001, 7.8318]","[3.0914, 3.0981, 3.6476, 3.7551, 4.5025, 4.6425, 4.771100000000001, 7.7336, 7.896400000000001]","[3.2117, 3.2353, 7.693700000000001, 7.8829]","[3.2123, 3.2371000000000003, 7.7292, 7.8914]",0.0082,0.0086,100,1,0.5,0.0,0.0,0,0,1,0,0,10,10,0,0,0.0,0.5,LR,20.0,RT,0,0,0,1,,0.25,0.0,9.999999999976694e-05,1.0,/dev/ttyACM-Bpod6,stage_training_v6,Emma,pv_nmdar_eranet,2AFC_6,Bpod6,21,36006,21,1.8.2,021_stage_training_v6_20250610-115734,2025-06-10,11:57:46.268568,12:31:44.927306
45,1,0.0,1,0,0,0,1.0,1.0,1.0,0.0,1,655.3449320000002,668.444736,13.099804000000065,2.8206,3.0997000000000003,0.2791000000000001,3.0793,3.0901,0.0108000000000001,iaa,iaa,1,,0,0,1,1,70.0,-70.0,"[4.969, 5.1976, 6.9789]","[5.0959, 5.3020000000000005, 7.1409]","[3.0901, 3.322, 3.3333000000000004, 3.3457000000000003, 3.3569, 3.3694, 3.3813, 3.393, 5.07, 5.1691, 5.4468000000000005, 5.447, 7.0056, 7.0059000000000005, 7.143400000000001]","[3.0944000000000003, 3.3244, 3.337, 3.3491, 3.3615000000000004, 3.3733, 3.3849, 3.3960000000000004, 5.0920000000000005, 5.3, 5.4469, 5.4617, 7.005800000000001, 7.1397, 7.1634]",0.0082,0.0086,100,1,0.5,0.0,0.0,0,0,1,0,0,10,10,0,0,0.0,0.5,LR,20.0,RT,0,0,0,1,,0.25,0.0,9.999999999976694e-05,1.0,/dev/ttyACM-Bpod6,stage_training_v6,Emma,pv_nmdar_eranet,2AFC_6,Bpod6,21,36006,21,1.8.2,021_stage_training_v6_20250610-115734,2025-06-10,11:57:46.268568,12:31:44.927306
46,0,0.0,1,0,0,0,1.0,1.0,0.0,0.0,1,668.458132,681.5542360000002,13.096103999999967,2.8181000000000003,3.096,0.2778999999999998,3.0764,3.0864000000000003,0.0100000000000002,aaa,aaa,1,,0,1,0,1,-70.0,-70.0,"[3.0864000000000003, 3.5992, 3.729, 3.8548, 3.9818, 4.101, 7.5884, 12.3735, 12.5253, 12.6517, 12.7798]","[3.0931, 3.6761, 3.7862, 3.8885, 4.0083, 4.1737, 7.6246, 12.4499, 12.5814, 12.6994, 12.8231]","[0.0441, 3.3556000000000004, 3.3668, 3.3791, 3.3896, 3.5838, 3.5977, 3.5989, 3.6334, 3.6773, 3.7131, 3.7549, 3.7642, 3.7735, 3.7966, 3.7974, 3.838, 3.9788, 4.0987, 4.2893, 7.5878, 12.3973, 12.5121, 12.5651, 12.6358, 12.656, 12.6566, 12.666, 12.6871, 12.7581, 12.7936, 12.8137, 12.9117]","[0.0486, 3.357, 3.3699000000000003, 3.3815, 3.3928000000000003, 3.592, 3.5979, 3.6, 3.6416, 3.7034, 3.7512, 3.7574, 3.7693, 3.7805, 3.7968, 3.7975, 3.8869, 4.0113, 4.1748, 4.309200000000001, 7.6245, 12.4442, 12.527, 12.5764, 12.6547, 12.6561, 12.6601, 12.6713, 12.6966, 12.7864, 12.7957, 12.8189, 12.9307]",0.0082,0.0086,100,1,0.5,0.0,0.0,0,0,1,0,0,10,10,0,0,0.0,0.5,LR,20.0,RT,0,0,0,1,,0.25,0.0,9.999999999976694e-05,1.0,/dev/ttyACM-Bpod6,stage_training_v6,Emma,pv_nmdar_eranet,2AFC_6,Bpod6,21,36006,21,1.8.2,021_stage_training_v6_20250610-115734,2025-06-10,11:57:46.268568,12:31:44.927306
47,1,0.0,1,0,0,0,1.0,1.0,1.0,0.0,1,681.581632,694.6818360000003,13.100203999999962,2.8206,3.1001000000000003,0.2795000000000001,3.0793,3.0905,0.0112,iaa,iaa,1,,0,0,1,1,70.0,-70.0,"[4.0403, 4.1892000000000005, 4.3385, 4.5045]","[4.0685, 4.2664, 4.4137, 4.5709]","[3.0905, 3.1001000000000003, 3.1151, 3.1193, 3.1276, 3.1416, 3.1521000000000003, 3.1785, 3.2064000000000004, 3.2186000000000003, 3.2334, 3.2425, 3.269, 3.2926, 3.3055000000000003, 3.3291, 3.339, 3.3404000000000003, 3.3555, 3.3691, 3.3800000000000003, 3.3925, 3.4047, 3.4176, 3.4303000000000003, 3.4582, 3.9295, 4.004, 4.0264, 4.103400000000001, 4.1244000000000005, 4.1247, 4.1450000000000005, 4.160200000000001, 4.1785000000000005, 4.1856, 4.2839, 4.6214, 4.6222, 4.6233, 4.6479, 4.664000000000001, 4.9168]","[3.0936000000000003, 3.1067, 3.1173, 3.1246, 3.1342000000000003, 3.1448, 3.1606, 3.1869, 3.2111, 3.2194000000000003, 3.2344, 3.2463, 3.2706, 3.2984, 3.3063, 3.3345, 3.3401, 3.3506, 3.3614, 3.3742, 3.3864, 3.3979000000000004, 3.4113, 3.4227000000000003, 3.4371, 3.4633000000000003, 3.9379, 4.0093000000000005, 4.1017, 4.1044, 4.1245, 4.1443, 4.1567, 4.1779, 4.1853, 4.2663, 4.6056, 4.6219, 4.6223, 4.627800000000001, 4.652200000000001, 4.7442, 4.963900000000001]",0.0082,0.0086,100,1,0.5,0.0,0.0,0,0,1,0,0,10,10,0,0,0.0,0.5,LR,20.0,RT,0,0,0,1,,0.25,0.0,9.999999999976694e-05,1.0,/dev/ttyACM-Bpod6,stage_training_v6,Emma,pv_nmdar_eranet,2AFC_6,Bpod6,21,36006,21,1.8.2,021_stage_training_v6_20250610-115734,2025-06-10,11:57:46.268568,12:31:44.927306
48,0,0.0,0,1,0,0,0.0,1.0,1.0,1.0,1,694.695832,707.792136,13.096304000000035,2.8181000000000003,,,3.0764,3.0866,0.0102000000000002,aaa,aaa,1,,0,1,0,1,-70.0,-70.0,"[4.099, 4.272, 4.4127, 4.5061]","[4.1972000000000005, 4.3265, 4.4236, 4.5704]","[0.0122, 0.0202, 0.0308, 0.0489, 0.0617, 0.0763, 0.0894, 0.0994, 0.1016, 0.1209, 0.1253, 0.1509, 0.1527, 0.1801, 0.2044, 0.24, 0.2526, 0.2635, 0.2763, 0.288, 0.2976, 0.3084, 0.3223, 0.3343, 3.0866, 3.0973, 3.1135, 3.1251, 3.1384000000000003, 3.1497, 3.1798, 3.2649000000000004, 3.3177000000000003, 3.3267, 3.3382, 3.3526, 3.3657000000000004, 3.3772, 3.3894, 3.4017, 3.414, 3.4267000000000003, 3.438, 3.4556, 3.4672, 3.4674, 3.4811, 3.4936000000000003, 3.506, 3.518, 3.5308, 3.5392, 3.5423, 3.5547, 3.5659, 3.8673, 3.9462, 4.0217, 4.3669, 5.1075, 5.514600000000001, 5.5419, 5.5434, 5.6287, 5.653300000000001, 5.6538, 5.734100000000001, 5.7447, 5.8376, 5.8451, 5.9177, 5.9455, 8.6266, 8.9954, 9.0289, 9.3977, 9.4311, 9.5986, 10.269, 10.3028, 10.3207, 10.3218, 10.3238, 10.3265, 10.3301, 10.3325, 10.3333, 10.3349, 10.3372, 10.3376, 10.3389, 10.3414, 10.3419, 12.015, 12.0155]","[0.0151, 0.0232, 0.0411, 0.0532, 0.0684, 0.0795, 0.0943, 0.1, 0.1033, 0.1252, 0.1298, 0.1519, 0.1576, 0.1834, 0.2077, 0.2422, 0.254, 0.2667, 0.2778, 0.2891, 0.3009, 0.3142, 0.3247, 0.3387, 3.0921000000000003, 3.1056000000000004, 3.1171, 3.131, 3.1397, 3.157, 3.1814, 3.2682, 3.3186, 3.3313, 3.3474000000000004, 3.3586, 3.3713, 3.3836, 3.3955, 3.4086000000000003, 3.4202000000000004, 3.4331, 3.4451, 3.4646000000000003, 3.4673000000000003, 3.475, 3.4886000000000004, 3.5003, 3.5133, 3.5246, 3.5391000000000004, 3.5393000000000003, 3.5509000000000004, 3.5653, 3.8672, 3.9461, 3.9463, 4.3577, 5.1071, 5.5132, 5.5147, 5.5426, 5.6267000000000005, 5.6381000000000006, 5.6535, 5.6827000000000005, 5.7431, 5.7987, 5.8443000000000005, 5.8523000000000005, 5.9449000000000005, 8.6265, 8.995000000000001, 9.0285, 9.397, 9.4306, 9.5983, 10.2686, 10.3019, 10.3206, 10.3213, 10.322, 10.3256, 10.3285, 10.3305, 10.333, 10.3345, 10.3351, 10.3373, 10.3388, 10.3393, 10.3417, 10.3423, 12.0154, 12.0184]",0.0082,0.0086,100,1,0.5,0.0,0.0,0,0,1,0,0,10,10,0,0,0.0,0.5,LR,20.0,RT,0,0,0,1,,0.25,0.0,9.999999999976694e-05,1.0,/dev/ttyACM-Bpod6,stage_training_v6,Emma,pv_nmdar_eranet,2AFC_6,Bpod6,21,36006,21,1.8.2,021_stage_training_v6_20250610-115734,2025-06-10,11:57:46.268568,12:31:44.927306
49,1,1.0,1,0,0,0,1.0,0.0,1.0,1.0,1,707.805732,720.897136,13.091404000000011,2.8206,3.0913,0.2706999999999997,3.0793,3.0817,0.0024000000000001,iaa,iaa,1,,0,0,1,1,70.0,70.0,[],[],"[0.0053, 0.0197, 0.0339, 0.0461, 0.0607, 0.0702, 0.157, 0.1806, 0.205, 0.2166, 0.229, 0.2405, 0.2529, 0.2647, 0.2767, 0.2977, 0.3084, 0.3225, 0.3344, 3.0817, 3.0877000000000003]","[0.0136, 0.0248, 0.0385, 0.0509, 0.0628, 0.0748, 0.158, 0.1826, 0.2066, 0.2186, 0.2306, 0.2427, 0.2541, 0.2666, 0.2785, 0.3008, 0.3142, 0.3246, 0.3389, 3.0837000000000003]",0.0082,0.0086,100,1,0.5,0.0,0.0,0,0,1,0,0,10,10,0,0,0.0,0.5,LR,20.0,RT,0,0,0,1,,0.25,0.0,9.999999999976694e-05,1.0,/dev/ttyACM-Bpod6,stage_training_v6,Emma,pv_nmdar_eranet,2AFC_6,Bpod6,21,36006,21,1.8.2,021_stage_training_v6_20250610-115734,2025-06-10,11:57:46.268568,12:31:44.927306
50,0,0.0,0,1,0,0,0.0,1.0,1.0,1.0,1,720.908132,734.0320360000003,13.123903999999929,2.8181000000000003,,,3.0764,3.1142000000000003,0.0378000000000002,aaa,aaa,1,,0,1,0,1,-70.0,-70.0,"[8.0236, 8.1882, 8.3366]","[8.1075, 8.2517, 8.3744]",[3.1142000000000003],[3.1117000000000004],0.0082,0.0086,100,1,0.5,0.0,0.0,0,0,1,0,0,10,10,0,0,0.0,0.5,LR,20.0,RT,0,0,0,1,,0.25,0.0,9.999999999976694e-05,1.0,/dev/ttyACM-Bpod6,stage_training_v6,Emma,pv_nmdar_eranet,2AFC_6,Bpod6,21,36006,21,1.8.2,021_stage_training_v6_20250610-115734,2025-06-10,11:57:46.268568,12:31:44.927306
51,1,1.0,0,1,0,0,0.0,0.0,0.0,0.0,1,734.045732,747.751436,13.705703999999967,2.8206,,,3.0793,3.696,0.6167000000000002,iaa,iaa,1,,0,0,1,1,70.0,70.0,"[3.696, 3.846, 6.3207, 6.4848, 10.2438, 10.4361, 10.6583, 11.0067, 11.3506, 11.4645, 11.8299, 12.053, 12.1826, 12.3454, 12.4754, 12.6262, 12.7811]","[3.7776, 3.9215, 6.4003000000000005, 6.5848, 10.3375, 10.5314, 10.7446, 11.0453, 11.3665, 11.4944, 11.8657, 12.0931, 12.2284, 12.3696, 12.5032, 12.6787, 12.8562]","[0.0329, 11.1964, 11.2057, 11.22, 11.2322, 11.2452, 11.2568, 11.286, 11.3123, 11.3126, 11.3357, 11.4472, 11.5839, 11.6958, 11.8173, 11.9512, 12.0533, 12.1842, 12.3457, 12.4746, 12.6109, 12.8205]","[0.0303, 11.1871, 11.1989, 11.2138, 11.2237, 11.2393, 11.2503, 11.2647, 11.2877, 11.3124, 11.3128, 11.3729, 11.5057, 11.5953, 11.7253, 11.8724, 11.9708, 12.0921, 12.2268, 12.369, 12.5025, 12.6801, 12.8535]",0.0082,0.0086,100,1,0.5,0.0,0.0,0,0,1,0,0,10,10,0,0,0.0,0.5,LR,20.0,RT,0,0,0,1,,0.25,0.0,9.999999999976694e-05,1.0,/dev/ttyACM-Bpod6,stage_training_v6,Emma,pv_nmdar_eranet,2AFC_6,Bpod6,21,36006,21,1.8.2,021_stage_training_v6_20250610-115734,2025-06-10,11:57:46.268568,12:31:44.927306
52,0,1.0,1,0,0,0,1.0,0.0,0.0,1.0,1,747.7639320000003,761.486936,13.72300400000006,2.8181000000000003,3.7229,0.9047999999999998,3.0764,3.7133,0.6369000000000002,aaa,aaa,1,,0,1,0,1,-70.0,70.0,"[3.7133, 3.8396, 3.9658, 4.105300000000001, 4.2409, 6.8668000000000005, 12.9989, 13.1412, 13.2821]","[3.782, 3.8933, 4.0117, 4.1248000000000005, 4.3091, 6.930700000000001, 13.0609, 13.1962, 13.3222]","[4.2426, 6.8814]","[4.3089, 6.9284]",0.0082,0.0086,100,1,0.5,0.0,0.0,0,0,1,0,0,10,10,0,0,0.0,0.5,LR,20.0,RT,0,0,0,1,,0.25,0.0,9.999999999976694e-05,1.0,/dev/ttyACM-Bpod6,stage_training_v6,Emma,pv_nmdar_eranet,2AFC_6,Bpod6,21,36006,21,1.8.2,021_stage_training_v6_20250610-115734,2025-06-10,11:57:46.268568,12:31:44.927306
53,1,0.0,1,0,0,0,1.0,1.0,1.0,0.0,1,761.499332,774.633136,13.133804000000055,2.8206,3.1337,0.3130999999999999,3.0793,3.1241000000000003,0.0448000000000003,iaa,iaa,1,,0,0,1,1,70.0,-70.0,"[3.8137, 3.9546, 4.1155, 4.3466000000000005, 4.7434, 4.8547, 4.9838000000000005, 5.1215, 8.0764, 8.266, 8.4702]","[3.8802, 4.0313, 4.2061, 4.3608, 4.7607, 4.8863, 5.0208, 5.155600000000001, 8.1389, 8.3302, 8.5419]","[3.1241000000000003, 3.1374, 3.1492, 3.1776, 3.1893, 3.2004, 3.3676000000000004, 3.3798000000000004, 3.4026, 3.7853, 3.8868, 3.9257, 4.0929, 4.5149, 4.629700000000001, 4.7415, 4.8556, 4.9862, 5.1296, 8.1296, 8.2685, 8.4618]","[3.1288, 3.1399000000000004, 3.1529000000000003, 3.1808, 3.1917, 3.2036, 3.3733, 3.3829, 3.4043, 3.879, 3.9223, 4.0303, 4.3738, 4.5595, 4.6605, 4.7619, 4.8845, 5.016900000000001, 5.1414, 8.130700000000001, 8.3299, 8.5427]",0.0082,0.0086,100,1,0.5,0.0,0.0,0,0,1,0,0,10,10,0,0,0.0,0.5,LR,20.0,RT,0,0,0,1,,0.25,0.0,9.999999999976694e-05,1.0,/dev/ttyACM-Bpod6,stage_training_v6,Emma,pv_nmdar_eranet,2AFC_6,Bpod6,21,36006,21,1.8.2,021_stage_training_v6_20250610-115734,2025-06-10,11:57:46.268568,12:31:44.927306
54,0,0.0,1,0,0,0,1.0,1.0,0.0,0.0,1,774.644432,787.7421360000003,13.097703999999908,2.8181000000000003,3.0976000000000004,0.2795000000000001,3.0764,3.088,0.0116,aaa,aaa,1,,0,1,0,1,-70.0,-70.0,"[3.088, 3.7037, 3.8289, 3.9402, 4.0541, 4.161700000000001, 4.28, 4.410200000000001, 4.5575, 4.7049, 4.8331, 4.9811000000000005, 5.1623, 11.4034, 11.5777, 11.7481, 11.9594, 12.1567, 12.2613, 12.4106]","[3.0934, 3.768, 3.8755, 3.9782, 4.0829, 4.2057, 4.3246, 4.4555, 4.5868, 4.7336, 4.886, 5.0402000000000005, 5.1803, 11.4517, 11.6409, 11.819, 11.9782, 12.1842, 12.3132, 12.4687]","[11.7792, 11.9097, 12.0505, 12.1544, 12.2637, 12.4516]","[11.8174, 11.9818, 12.0856, 12.1861, 12.3122, 12.4638]",0.0082,0.0086,100,1,0.5,0.0,0.0,0,0,1,0,0,10,10,0,0,0.0,0.5,LR,20.0,RT,0,0,0,1,,0.25,0.0,9.999999999976694e-05,1.0,/dev/ttyACM-Bpod6,stage_training_v6,Emma,pv_nmdar_eranet,2AFC_6,Bpod6,21,36006,21,1.8.2,021_stage_training_v6_20250610-115734,2025-06-10,11:57:46.268568,12:31:44.927306
55,1,0.0,0,1,0,0,0.0,1.0,0.0,1.0,1,787.763632,801.5139360000003,13.750303999999915,2.8206,,,3.0793,3.7406,0.6613000000000002,iaa,iaa,1,,0,0,1,1,70.0,-70.0,"[3.7406, 3.9351, 4.0701, 4.261, 12.4427, 12.618, 12.8418, 13.0835]","[3.8132, 3.9808, 4.1816, 4.3765, 12.5235, 12.7067, 12.9282, 13.1657]","[3.8883, 4.0725, 4.1547, 4.3529, 12.4994, 12.6186, 12.8438, 13.1453]","[3.9803, 4.0761, 4.1786, 4.3707, 12.519, 12.7085, 12.9259, 13.1614]",0.0082,0.0086,100,1,0.5,0.0,0.0,0,0,1,0,0,10,10,0,0,0.0,0.5,LR,20.0,RT,0,0,0,1,,0.25,0.0,9.999999999976694e-05,1.0,/dev/ttyACM-Bpod6,stage_training_v6,Emma,pv_nmdar_eranet,2AFC_6,Bpod6,21,36006,21,1.8.2,021_stage_training_v6_20250610-115734,2025-06-10,11:57:46.268568,12:31:44.927306
56,0,1.0,1,0,0,0,1.0,0.0,0.0,1.0,1,801.526732,814.623136,13.096404000000007,2.8181000000000003,3.0963000000000003,0.2782,3.0764,3.0867,0.0102999999999999,aaa,aaa,1,,0,1,0,1,-70.0,70.0,"[3.0867, 3.1011, 3.1068, 3.8063, 3.9443, 4.0558000000000005, 4.1566, 4.2555000000000005, 4.3659, 4.4898, 4.6206000000000005, 4.7544, 4.8913, 5.057300000000001, 5.179600000000001, 5.3659, 5.5427, 5.729, 11.6522, 11.8091, 12.0087, 12.1371, 12.5489]","[3.0953, 3.1031, 3.1145, 3.8836, 3.99, 4.0873, 4.1862, 4.2933, 4.4118, 4.5353, 4.6605, 4.8047, 4.9424, 5.0718000000000005, 5.2493, 5.409800000000001, 5.5949, 5.7888, 11.724, 11.8807, 12.0503, 12.2234, 12.6318]","[11.8142, 11.8237, 11.9631, 12.2093, 12.5587]","[11.8192, 11.8814, 12.0522, 12.2178, 12.6291]",0.0082,0.0086,100,1,0.5,0.0,0.0,0,0,1,0,0,10,10,0,0,0.0,0.5,LR,20.0,RT,0,0,0,1,,0.25,0.0,9.999999999976694e-05,1.0,/dev/ttyACM-Bpod6,stage_training_v6,Emma,pv_nmdar_eranet,2AFC_6,Bpod6,21,36006,21,1.8.2,021_stage_training_v6_20250610-115734,2025-06-10,11:57:46.268568,12:31:44.927306
57,1,0.0,0,1,0,0,0.0,1.0,0.0,1.0,1,814.635132,828.308036,13.672904000000017,2.8206,,,3.0793,3.6632,0.5839000000000003,iaa,iaa,1,,0,0,1,1,70.0,-70.0,"[3.6632, 3.7975, 3.9989, 4.0469, 4.258, 4.4623, 4.5716, 4.6651, 4.8281, 11.3536, 11.5404]","[3.7274, 3.8941, 4.04, 4.0997, 4.2728, 4.4949, 4.589700000000001, 4.7203, 4.8632, 11.418, 11.609]","[3.7139, 3.8721, 3.9992, 4.1972000000000005, 4.430000000000001, 4.5704, 4.670100000000001, 4.8318, 11.404]","[3.7202, 3.888, 4.1018, 4.282500000000001, 4.4998000000000005, 4.5913, 4.7195, 4.8585, 11.4096]",0.0082,0.0086,100,1,0.5,0.0,0.0,0,0,1,0,0,10,10,0,0,0.0,0.5,LR,20.0,RT,0,0,0,1,,0.25,0.0,9.999999999976694e-05,1.0,/dev/ttyACM-Bpod6,stage_training_v6,Emma,pv_nmdar_eranet,2AFC_6,Bpod6,21,36006,21,1.8.2,021_stage_training_v6_20250610-115734,2025-06-10,11:57:46.268568,12:31:44.927306
58,0,1.0,1,0,0,0,1.0,0.0,0.0,1.0,1,828.3255320000003,841.421836,13.096304000000035,2.8181000000000003,3.0962,0.2780999999999998,3.0764,3.0866,0.0102000000000002,aaa,aaa,1,,0,1,0,1,-70.0,70.0,"[3.0866, 3.1079000000000003, 3.708, 3.8478, 3.9577, 4.0589, 4.1808000000000005, 4.3145, 6.6084000000000005, 6.7583, 9.2538, 9.4156, 9.6469, 9.9859, 10.184, 10.4509, 10.7434, 10.9479, 11.1778, 11.2854, 11.4426, 11.5852, 11.8501, 11.8503, 11.8568, 12.0827, 12.2665, 12.4604]","[3.0956, 3.1106000000000003, 3.7819, 3.8927, 3.9923, 4.1009, 4.2188, 4.3421, 6.665100000000001, 6.821000000000001, 9.3128, 9.4757, 9.7172, 10.0535, 10.2503, 10.5201, 10.8102, 10.9834, 11.2011, 11.3371, 11.5027, 11.6507, 11.8502, 11.8528, 11.9078, 12.1508, 12.3337, 12.539]","[9.681, 10.7488, 10.7572, 10.9155, 11.0636, 11.174, 11.308, 12.2685]","[9.7148, 10.7554, 10.8066, 10.9873, 11.1045, 11.2051, 11.334, 12.3327]",0.0082,0.0086,100,1,0.5,0.0,0.0,0,0,1,0,0,10,10,0,0,0.0,0.5,LR,20.0,RT,0,0,0,1,,0.25,0.0,9.999999999976694e-05,1.0,/dev/ttyACM-Bpod6,stage_training_v6,Emma,pv_nmdar_eranet,2AFC_6,Bpod6,21,36006,21,1.8.2,021_stage_training_v6_20250610-115734,2025-06-10,11:57:46.268568,12:31:44.927306
59,1,0.0,0,1,0,0,0.0,1.0,0.0,1.0,1,841.433932,855.001136,13.567203999999947,2.8206,,,3.0793,3.5575,0.4782000000000002,iaa,iaa,1,,0,0,1,1,70.0,-70.0,"[3.5575, 3.6894, 3.8907, 4.1273, 4.8923000000000005, 5.0433, 5.6563, 5.7095, 5.791300000000001, 6.8452]","[3.6185, 3.7672, 3.9217, 4.158, 4.902, 5.099, 5.6772, 5.720000000000001, 5.801200000000001, 6.920800000000001]","[3.7089, 3.8481, 4.010800000000001, 4.0971]","[3.7679, 3.9262, 4.0176, 4.1614]",0.0082,0.0086,100,1,0.5,0.0,0.0,0,0,1,0,0,10,10,0,0,0.0,0.5,LR,20.0,RT,0,0,0,1,,0.25,0.0,9.999999999976694e-05,1.0,/dev/ttyACM-Bpod6,stage_training_v6,Emma,pv_nmdar_eranet,2AFC_6,Bpod6,21,36006,21,1.8.2,021_stage_training_v6_20250610-115734,2025-06-10,11:57:46.268568,12:31:44.927306
60,0,1.0,0,0,1,0,,0.0,,,0,855.0134320000003,878.099436,23.08600400000001,2.8181000000000003,,,3.0764,13.0764,10.000000000000002,aaa,aaa,1,,0,1,0,1,-70.0,70.0,[],[],[],[],0.0082,0.0086,100,1,0.5,0.0,0.0,0,0,1,0,0,10,10,0,0,0.0,0.5,LR,20.0,RT,0,0,0,1,,0.25,0.0,9.999999999976694e-05,1.0,/dev/ttyACM-Bpod6,stage_training_v6,Emma,pv_nmdar_eranet,2AFC_6,Bpod6,21,36006,21,1.8.2,021_stage_training_v6_20250610-115734,2025-06-10,11:57:46.268568,12:31:44.927306
61,1,,0,1,0,0,0.0,,0.0,,1,878.117832,894.459836,16.342003999999974,2.8206,,,3.0793,6.3323,3.253,iaa,iaa,1,,0,0,1,1,70.0,,"[6.3323, 6.5, 7.4447, 7.6275, 12.0634, 12.2343]","[6.4158, 6.5593, 7.5193, 7.6999, 12.1364, 12.2943]",[],[],0.0082,0.0086,100,1,0.5,0.0,0.0,0,0,1,0,0,10,10,0,0,0.0,0.5,LR,20.0,RT,0,0,0,1,,0.25,0.0,9.999999999976694e-05,1.0,/dev/ttyACM-Bpod6,stage_training_v6,Emma,pv_nmdar_eranet,2AFC_6,Bpod6,21,36006,21,1.8.2,021_stage_training_v6_20250610-115734,2025-06-10,11:57:46.268568,12:31:44.927306
62,0,1.0,1,0,0,0,1.0,0.0,0.0,1.0,1,894.473032,908.137636,13.664604000000056,2.8181000000000003,3.6645,0.8463999999999996,3.0764,3.6549,0.5785,aaa,aaa,1,,0,1,0,1,-70.0,70.0,"[3.6549, 3.7721, 3.9128, 8.853100000000001, 9.0094, 11.4166]","[3.7117, 3.8266, 3.9493, 8.9197, 9.0872, 11.4987]",[],[],0.0082,0.0086,100,1,0.5,0.0,0.0,0,0,1,0,0,10,10,0,0,0.0,0.5,LR,20.0,RT,0,0,0,1,,0.25,0.0,9.999999999976694e-05,1.0,/dev/ttyACM-Bpod6,stage_training_v6,Emma,pv_nmdar_eranet,2AFC_6,Bpod6,21,36006,21,1.8.2,021_stage_training_v6_20250610-115734,2025-06-10,11:57:46.268568,12:31:44.927306
63,1,0.0,0,1,0,0,0.0,1.0,0.0,1.0,1,908.152232,924.573136,16.42090399999995,2.8206,,,3.0793,6.4112,3.3319,iaa,iaa,1,,0,0,1,1,70.0,-70.0,"[6.4112, 9.995, 10.273, 10.6885, 10.94, 11.1674]","[6.493, 10.0844, 10.3621, 10.8181, 11.073, 11.2807]","[6.4825, 10.0684, 10.2776, 10.6904, 10.9407, 11.197]","[6.4859, 10.081, 10.3619, 10.8185, 11.0714, 11.278]",0.0082,0.0086,100,1,0.5,0.0,0.0,0,0,1,0,0,10,10,0,0,0.0,0.5,LR,20.0,RT,0,0,0,1,,0.25,0.0,9.999999999976694e-05,1.0,/dev/ttyACM-Bpod6,stage_training_v6,Emma,pv_nmdar_eranet,2AFC_6,Bpod6,21,36006,21,1.8.2,021_stage_training_v6_20250610-115734,2025-06-10,11:57:46.268568,12:31:44.927306
64,0,1.0,1,0,0,0,1.0,0.0,0.0,1.0,1,924.586932,937.687736,13.100803999999926,2.8181000000000003,3.1007,0.2825999999999995,3.0764,3.0911,0.0146999999999999,aaa,aaa,1,,0,1,0,1,-70.0,70.0,"[3.0911, 3.1008, 3.1081000000000003, 3.1142000000000003, 4.3629, 4.5441, 4.6641, 4.7496, 4.8721000000000005, 4.980700000000001, 5.0979, 5.2304, 5.3544, 5.6244000000000005, 5.798, 5.9682, 6.126, 6.3199000000000005, 6.815600000000001, 11.2567, 12.939]","[3.0958, 3.1025, 3.1098000000000003, 3.1173, 4.4737, 4.5864, 4.6665, 4.7981, 4.9045000000000005, 5.0173000000000005, 5.141900000000001, 5.2649, 5.3948, 5.6816, 5.8514, 6.024100000000001, 6.203200000000001, 6.3943, 6.887300000000001, 11.2889, 13.0123]","[4.454000000000001, 4.7849, 5.971900000000001, 6.1054, 6.1311, 6.817200000000001, 12.9987]","[4.4619, 4.7919, 6.022600000000001, 6.1185, 6.203200000000001, 6.8882, 13.0043]",0.0082,0.0086,100,1,0.5,0.0,0.0,0,0,1,0,0,10,10,0,0,0.0,0.5,LR,20.0,RT,0,0,0,1,,0.25,0.0,9.999999999976694e-05,1.0,/dev/ttyACM-Bpod6,stage_training_v6,Emma,pv_nmdar_eranet,2AFC_6,Bpod6,21,36006,21,1.8.2,021_stage_training_v6_20250610-115734,2025-06-10,11:57:46.268568,12:31:44.927306
65,1,0.0,1,0,0,0,1.0,1.0,1.0,0.0,1,937.700232,950.798737,13.09850499999993,2.8206,3.0984000000000003,0.2778,3.0793,3.0888,0.0095,iaa,iaa,1,,0,0,1,1,70.0,-70.0,"[3.7398, 3.8806, 4.1144, 4.3081000000000005, 4.4164, 4.6469000000000005, 4.7518, 4.876, 5.0102, 5.1078, 5.2494000000000005, 5.3803, 5.3806, 5.4899, 5.5968, 5.7209, 5.847300000000001, 6.0061, 6.1387, 6.262300000000001, 6.4244, 13.0376]","[3.8064, 3.9787, 4.1408000000000005, 4.3334, 4.468100000000001, 4.663600000000001, 4.7936000000000005, 4.9236, 5.0206, 5.1395, 5.2780000000000005, 5.3805000000000005, 5.3807, 5.500900000000001, 5.6319, 5.7641, 5.8929, 6.0397, 6.1733, 6.3171, 6.479, 13.0821]","[3.0888, 3.1145, 3.3423000000000003, 3.3549, 3.3677, 3.3809, 3.3925, 3.4039, 4.1734, 4.1883, 4.1991000000000005, 4.2193000000000005, 4.2863, 4.3832, 4.5488, 4.642, 4.75, 4.8708, 5.008100000000001, 5.1079, 5.2317, 5.3566, 5.4762, 5.5945, 5.7198, 5.846, 5.9839, 6.1207, 6.2636, 6.429600000000001, 6.4515]","[3.1133, 3.3406, 3.3519, 3.3639, 3.3764000000000003, 3.3895, 3.4034, 4.1548, 4.1808000000000005, 4.1912, 4.2049, 4.234100000000001, 4.3375, 4.4793, 4.5618, 4.6669, 4.7942, 4.928100000000001, 5.022600000000001, 5.139, 5.2815, 5.397200000000001, 5.5106, 5.6325, 5.764, 5.8931, 6.042400000000001, 6.175400000000001, 6.3156, 6.4359, 6.4752]",0.0082,0.0086,100,1,0.5,0.0,0.0,0,0,1,0,0,10,10,0,0,0.0,0.5,LR,20.0,RT,0,0,0,1,,0.25,0.0,9.999999999976694e-05,1.0,/dev/ttyACM-Bpod6,stage_training_v6,Emma,pv_nmdar_eranet,2AFC_6,Bpod6,21,36006,21,1.8.2,021_stage_training_v6_20250610-115734,2025-06-10,11:57:46.268568,12:31:44.927306
66,0,0.0,1,0,0,0,1.0,1.0,0.0,0.0,1,950.810432,963.908436,13.09800400000006,2.8181000000000003,3.0979,0.2797999999999998,3.0764,3.0883000000000003,0.0119000000000002,aaa,aaa,1,,0,1,0,1,-70.0,-70.0,"[3.0883000000000003, 3.1064000000000003, 3.5921000000000003, 3.7271, 3.8357, 3.9405, 4.0667, 4.1956]","[3.095, 3.1173, 3.6637, 3.773, 3.8713, 3.9805, 4.0979, 4.2293]",[],[],0.0082,0.0086,100,1,0.5,0.0,0.0,0,0,1,0,0,10,10,0,0,0.0,0.5,LR,20.0,RT,0,0,0,1,,0.25,0.0,9.999999999976694e-05,1.0,/dev/ttyACM-Bpod6,stage_training_v6,Emma,pv_nmdar_eranet,2AFC_6,Bpod6,21,36006,21,1.8.2,021_stage_training_v6_20250610-115734,2025-06-10,11:57:46.268568,12:31:44.927306
67,1,0.0,0,1,0,0,0.0,1.0,0.0,1.0,1,963.919832,977.430836,13.511003999999955,2.8206,,,3.0793,3.5013,0.4220000000000001,iaa,iaa,1,,0,0,1,1,70.0,-70.0,"[3.5013, 3.6287, 3.7715, 9.8876, 10.0308]","[3.5627, 3.6838, 3.8146, 9.9533, 10.0984]",[],[],0.0082,0.0086,100,1,0.5,0.0,0.0,0,0,1,0,0,10,10,0,0,0.0,0.5,LR,20.0,RT,0,0,0,1,,0.25,0.0,9.999999999976694e-05,1.0,/dev/ttyACM-Bpod6,stage_training_v6,Emma,pv_nmdar_eranet,2AFC_6,Bpod6,21,36006,21,1.8.2,021_stage_training_v6_20250610-115734,2025-06-10,11:57:46.268568,12:31:44.927306
68,0,1.0,1,0,0,0,1.0,0.0,0.0,1.0,1,977.443532,991.588936,14.145403999999983,2.8181000000000003,4.1453,1.3271999999999995,3.0764,4.1357,1.0593,aaa,aaa,1,,0,1,0,1,-70.0,70.0,"[4.1357, 4.2735, 4.393, 4.5094, 4.6285, 8.0162, 8.1536, 12.8324, 13.0038]","[4.207, 4.3238, 4.436100000000001, 4.5506, 4.6734, 8.0756, 8.213700000000001, 12.9001, 13.071000000000002]",[],[],0.0082,0.0086,100,1,0.5,0.0,0.0,0,0,1,0,0,10,10,0,0,0.0,0.5,LR,20.0,RT,0,0,0,1,,0.25,0.0,9.999999999976694e-05,1.0,/dev/ttyACM-Bpod6,stage_training_v6,Emma,pv_nmdar_eranet,2AFC_6,Bpod6,21,36006,21,1.8.2,021_stage_training_v6_20250610-115734,2025-06-10,11:57:46.268568,12:31:44.927306
69,1,0.0,0,1,0,0,0.0,1.0,0.0,1.0,1,991.612032,1006.673836,15.061804000000052,2.8206,,,3.0793,5.0521,1.9728000000000003,iaa,iaa,1,,0,0,1,1,70.0,-70.0,"[5.0521, 5.2068, 5.9449000000000005, 6.2575, 6.5856, 6.7153, 6.847300000000001, 9.697]","[5.1122000000000005, 5.3078, 6.083200000000001, 6.2994, 6.6302, 6.7426, 6.876600000000001, 9.7751]","[5.2836, 6.0194, 6.198, 6.3787, 6.5776, 6.7146, 6.851100000000001]","[5.302300000000001, 6.081300000000001, 6.309, 6.4187, 6.6317, 6.743200000000001, 6.870500000000001]",0.0082,0.0086,100,1,0.5,0.0,0.0,0,0,1,0,0,10,10,0,0,0.0,0.5,LR,20.0,RT,0,0,0,1,,0.25,0.0,9.999999999976694e-05,1.0,/dev/ttyACM-Bpod6,stage_training_v6,Emma,pv_nmdar_eranet,2AFC_6,Bpod6,21,36006,21,1.8.2,021_stage_training_v6_20250610-115734,2025-06-10,11:57:46.268568,12:31:44.927306
70,0,1.0,1,0,0,0,1.0,0.0,0.0,1.0,1,1006.687332,1019.784136,13.096804000000017,2.8181000000000003,3.0967,0.2785999999999995,3.0764,3.0871,0.0106999999999999,aaa,aaa,1,,0,1,0,1,-70.0,70.0,"[3.0871, 6.386, 6.5468, 6.647600000000001, 6.7472, 6.864000000000001, 6.977200000000001, 7.0979, 7.2203, 7.355300000000001, 7.4873, 7.6371, 7.7754, 7.9077, 8.075000000000001, 8.2461, 8.424000000000001, 8.5938, 8.7805, 8.9436, 9.1032, 9.2566, 9.4085, 9.7436]","[3.0938000000000003, 6.4667, 6.5757, 6.6733, 6.7873, 6.902200000000001, 7.017600000000001, 7.1404000000000005, 7.2639, 7.3935, 7.5319, 7.6865, 7.830900000000001, 7.968500000000001, 8.142800000000001, 8.3138, 8.4943, 8.6651, 8.8459, 9.0004, 9.1627, 9.3177, 9.4666, 9.8091]","[8.103900000000001, 8.2456]","[8.1393, 8.3138]",0.0082,0.0086,100,1,0.5,0.0,0.0,0,0,1,0,0,10,10,0,0,0.0,0.5,LR,20.0,RT,0,0,0,1,,0.25,0.0,9.999999999976694e-05,1.0,/dev/ttyACM-Bpod6,stage_training_v6,Emma,pv_nmdar_eranet,2AFC_6,Bpod6,21,36006,21,1.8.2,021_stage_training_v6_20250610-115734,2025-06-10,11:57:46.268568,12:31:44.927306
71,1,0.0,0,1,0,0,0.0,1.0,0.0,1.0,1,1019.795632,1033.5220359999996,13.726404000000114,2.8206,,,3.0793,3.7167,0.6374000000000004,iaa,iaa,1,,0,0,1,1,70.0,-70.0,"[3.7167, 3.8608, 4.1208, 4.3551, 4.7123, 4.8742, 13.1601]","[3.7762, 3.9589, 4.1887, 4.3832, 4.7695, 4.927700000000001, 13.2111]","[3.9098, 4.1209, 4.3003, 4.471, 4.6089, 4.7103, 4.8742]","[3.9533, 4.1887, 4.3895, 4.5284, 4.6272, 4.7704, 4.9270000000000005]",0.0082,0.0086,100,1,0.5,0.0,0.0,0,0,1,0,0,10,10,0,0,0.0,0.5,LR,20.0,RT,0,0,0,1,,0.25,0.0,9.999999999976694e-05,1.0,/dev/ttyACM-Bpod6,stage_training_v6,Emma,pv_nmdar_eranet,2AFC_6,Bpod6,21,36006,21,1.8.2,021_stage_training_v6_20250610-115734,2025-06-10,11:57:46.268568,12:31:44.927306
72,0,1.0,1,0,0,0,1.0,0.0,0.0,1.0,1,1033.541432,1047.228836,13.687404000000017,2.8181000000000003,3.6873,0.8691999999999998,3.0764,3.6777,0.6013000000000002,aaa,aaa,1,,0,1,0,1,-70.0,70.0,"[3.6777, 3.8343, 4.9587, 12.1181, 12.2814, 12.5388]","[3.7597, 3.8995, 5.0154000000000005, 12.1886, 12.3755, 12.617]",[12.3518],[12.3703],0.0082,0.0086,100,1,0.5,0.0,0.0,0,0,1,0,0,10,10,0,0,0.0,0.5,LR,20.0,RT,0,0,0,1,,0.25,0.0,9.999999999976694e-05,1.0,/dev/ttyACM-Bpod6,stage_training_v6,Emma,pv_nmdar_eranet,2AFC_6,Bpod6,21,36006,21,1.8.2,021_stage_training_v6_20250610-115734,2025-06-10,11:57:46.268568,12:31:44.927306
73,1,0.0,0,1,0,0,0.0,1.0,0.0,1.0,1,1047.245432,1060.826036,13.580603999999996,2.8206,,,3.0793,3.5709,0.4916,iaa,iaa,1,,0,0,1,1,70.0,-70.0,"[3.5709, 3.802, 4.1124, 4.2521, 4.4093, 4.7625]","[3.6286, 3.8161, 4.1624, 4.3015, 4.4458, 4.7921000000000005]","[3.7292, 3.8955, 4.0215000000000005, 4.1104, 4.2598, 4.2778, 4.7349000000000006]","[3.8255, 3.9512, 4.0365, 4.1626, 4.2637, 4.2971, 4.7944]",0.0082,0.0086,100,1,0.5,0.0,0.0,0,0,1,0,0,10,10,0,0,0.0,0.5,LR,20.0,RT,0,0,0,1,,0.25,0.0,9.999999999976694e-05,1.0,/dev/ttyACM-Bpod6,stage_training_v6,Emma,pv_nmdar_eranet,2AFC_6,Bpod6,21,36006,21,1.8.2,021_stage_training_v6_20250610-115734,2025-06-10,11:57:46.268568,12:31:44.927306
74,0,1.0,1,0,0,0,1.0,0.0,0.0,1.0,1,1060.845432,1075.910236,15.064803999999867,2.8181000000000003,5.0647,2.2466,3.0764,5.0551,1.9787000000000003,aaa,aaa,1,,0,1,0,1,-70.0,70.0,"[5.0551, 5.2112, 8.1816, 8.350100000000001, 12.4449, 12.6775, 12.8289, 12.9342, 13.0473]","[5.128, 5.2723, 8.2481, 8.43, 12.5243, 12.7086, 12.8489, 12.9655, 13.1037]","[12.4813, 12.6253, 12.7847, 12.9327, 13.0505]","[12.5216, 12.7144, 12.8532, 12.9659, 13.1011]",0.0082,0.0086,100,1,0.5,0.0,0.0,0,0,1,0,0,10,10,0,0,0.0,0.5,LR,20.0,RT,0,0,0,1,,0.25,0.0,9.999999999976694e-05,1.0,/dev/ttyACM-Bpod6,stage_training_v6,Emma,pv_nmdar_eranet,2AFC_6,Bpod6,21,36006,21,1.8.2,021_stage_training_v6_20250610-115734,2025-06-10,11:57:46.268568,12:31:44.927306
75,1,0.0,1,0,0,0,1.0,1.0,1.0,0.0,1,1075.925932,1089.634736,13.708803999999873,2.8206,3.7087,0.8880999999999997,3.0793,3.6991,0.6198000000000001,iaa,iaa,1,,0,0,1,1,70.0,-70.0,"[3.7293, 3.8748, 4.0698, 4.2183, 10.1028, 10.2698, 10.6911, 10.8321, 10.9265, 11.0899, 11.1877]","[3.7622, 3.8871, 4.1161, 4.2446, 10.1674, 10.3361, 10.7025, 10.8448, 10.9769, 11.0986, 11.2577]","[3.6991, 3.8384, 3.9732, 4.0664, 4.2231000000000005, 10.0913, 10.6196, 10.7777, 10.9244, 11.2409]","[3.7705, 3.894, 3.9845, 4.1168000000000005, 4.2381, 10.1684, 10.7111, 10.8505, 10.9774, 11.2531]",0.0082,0.0086,100,1,0.5,0.0,0.0,0,0,1,0,0,10,10,0,0,0.0,0.5,LR,20.0,RT,0,0,0,1,,0.25,0.0,9.999999999976694e-05,1.0,/dev/ttyACM-Bpod6,stage_training_v6,Emma,pv_nmdar_eranet,2AFC_6,Bpod6,21,36006,21,1.8.2,021_stage_training_v6_20250610-115734,2025-06-10,11:57:46.268568,12:31:44.927306
76,0,0.0,1,0,0,0,1.0,1.0,0.0,0.0,1,1089.658032,1102.756036,13.098003999999944,2.8181000000000003,3.0979,0.2797999999999998,3.0764,3.0883000000000003,0.0119000000000002,aaa,aaa,1,,0,1,0,1,-70.0,-70.0,"[3.0883000000000003, 3.1, 3.1082, 11.0157]","[3.0954, 3.1020000000000003, 3.1098000000000003, 11.0705]",[],[],0.0082,0.0086,100,1,0.5,0.0,0.0,0,0,1,0,0,10,10,0,0,0.0,0.5,LR,20.0,RT,0,0,0,1,,0.25,0.0,9.999999999976694e-05,1.0,/dev/ttyACM-Bpod6,stage_training_v6,Emma,pv_nmdar_eranet,2AFC_6,Bpod6,21,36006,21,1.8.2,021_stage_training_v6_20250610-115734,2025-06-10,11:57:46.268568,12:31:44.927306
77,1,0.0,0,1,0,0,0.0,1.0,0.0,1.0,1,1102.766532,1116.385036,13.618503999999804,2.8206,,,3.0793,3.6088,0.5295000000000001,iaa,iaa,1,,0,0,1,1,70.0,-70.0,"[3.6088, 3.7398, 3.8376, 3.9323, 4.047000000000001, 4.180000000000001, 4.4413, 8.711400000000001, 8.8419]","[3.6795, 3.7736, 3.8696, 3.9751, 4.0838, 4.194, 4.5045, 8.7674, 8.895900000000001]",[4.4386],[4.5055000000000005],0.0082,0.0086,100,1,0.5,0.0,0.0,0,0,1,0,0,10,10,0,0,0.0,0.5,LR,20.0,RT,0,0,0,1,,0.25,0.0,9.999999999976694e-05,1.0,/dev/ttyACM-Bpod6,stage_training_v6,Emma,pv_nmdar_eranet,2AFC_6,Bpod6,21,36006,21,1.8.2,021_stage_training_v6_20250610-115734,2025-06-10,11:57:46.268568,12:31:44.927306
78,0,1.0,1,0,0,0,1.0,0.0,0.0,1.0,1,1116.398232,1130.045736,13.647504000000026,2.8181000000000003,3.6474,0.8292999999999999,3.0764,3.6378,0.5614000000000003,aaa,aaa,1,,0,1,0,1,-70.0,70.0,"[3.6378, 3.7713, 3.8881, 4.0034, 4.1211, 4.2439, 4.3905, 4.5360000000000005, 5.771, 8.772400000000001, 11.4916]","[3.7035, 3.8206, 3.926, 4.0343, 4.1647, 4.2919, 4.4297, 4.5732, 5.8342, 8.8224, 11.5695]",[],[],0.0082,0.0086,100,1,0.5,0.0,0.0,0,0,1,0,0,10,10,0,0,0.0,0.5,LR,20.0,RT,0,0,0,1,,0.25,0.0,9.999999999976694e-05,1.0,/dev/ttyACM-Bpod6,stage_training_v6,Emma,pv_nmdar_eranet,2AFC_6,Bpod6,21,36006,21,1.8.2,021_stage_training_v6_20250610-115734,2025-06-10,11:57:46.268568,12:31:44.927306
79,1,0.0,0,1,0,0,0.0,1.0,0.0,1.0,1,1130.067332,1143.7213359999996,13.654003999999983,2.8206,,,3.0793,3.6443,0.5650000000000004,iaa,iaa,1,,0,0,1,1,70.0,-70.0,"[3.6443, 3.8073, 4.0622, 4.2598, 4.4778, 4.6306, 4.7396, 4.8762, 4.9909, 5.3643, 5.5288, 5.7755, 5.949400000000001]","[3.7233, 3.9068, 4.0822, 4.2812, 4.5183, 4.6478, 4.7459, 4.8811, 5.0072, 5.4074, 5.5541, 5.8289, 5.9748]","[3.8094, 3.9909, 4.1664, 4.2548, 4.3693, 4.4747, 4.6004000000000005, 4.7309, 4.8413, 4.9683, 5.0968, 5.240200000000001, 5.3617, 5.4893, 5.6303, 5.7716, 5.9564]","[3.9094, 4.0953, 4.181, 4.29, 4.395300000000001, 4.5193, 4.6534, 4.7583, 4.8886, 5.0155, 5.1432, 5.2577, 5.4077, 5.5578, 5.6928, 5.8295, 5.9632000000000005]",0.0082,0.0086,100,1,0.5,0.0,0.0,0,0,1,0,0,10,10,0,0,0.0,0.5,LR,20.0,RT,0,0,0,1,,0.25,0.0,9.999999999976694e-05,1.0,/dev/ttyACM-Bpod6,stage_training_v6,Emma,pv_nmdar_eranet,2AFC_6,Bpod6,21,36006,21,1.8.2,021_stage_training_v6_20250610-115734,2025-06-10,11:57:46.268568,12:31:44.927306
80,0,1.0,1,0,0,0,1.0,0.0,0.0,1.0,1,1143.738432,1156.835335,13.096902999999886,2.8181000000000003,3.0968,0.2786999999999997,3.0764,3.0872,0.0108000000000001,aaa,aaa,1,,0,1,0,1,-70.0,70.0,"[3.0872, 3.1088, 3.6961, 3.8147, 3.9283, 4.0278, 4.1333, 4.2574000000000005, 4.3827, 4.527200000000001, 4.6867, 8.997200000000001, 9.0646, 9.1383, 9.2011, 9.2678, 9.3207, 10.1236, 10.2647, 10.3342, 10.3344, 10.3546, 10.4127, 10.4918, 11.7861, 11.897, 11.9046]","[3.0948, 3.1091, 3.7523, 3.8605, 3.9571, 4.0616, 4.1805, 4.3035000000000005, 4.4274, 4.5598, 4.7102, 9.003400000000001, 9.0739, 9.1569, 9.2132, 9.3006, 9.3515, 10.1237, 10.2851, 10.3343, 10.3545, 10.3547, 10.4445, 10.5043, 11.8005, 11.9044, 11.9047]",[],[],0.0082,0.0086,100,1,0.5,0.0,0.0,0,0,1,0,0,10,10,0,0,0.0,0.5,LR,20.0,RT,0,0,0,1,,0.25,0.0,9.999999999976694e-05,1.0,/dev/ttyACM-Bpod6,stage_training_v6,Emma,pv_nmdar_eranet,2AFC_6,Bpod6,21,36006,21,1.8.2,021_stage_training_v6_20250610-115734,2025-06-10,11:57:46.268568,12:31:44.927306
81,1,0.0,0,1,0,0,0.0,1.0,0.0,1.0,1,1156.851232,1170.453936,13.60270400000013,2.8206,,,3.0793,3.593,0.5137,iaa,iaa,1,,0,0,1,1,70.0,-70.0,"[3.593, 3.7399, 3.9858, 4.1977, 4.3443000000000005, 4.4442, 9.3962, 9.606, 9.8286, 10.0973, 11.6699]","[3.6581, 3.8303, 4.0229, 4.2126, 4.3623, 4.5076, 9.474, 9.6623, 9.9075, 10.1856, 11.7394]","[3.9324, 4.1366000000000005, 4.2914, 4.4799, 9.5884, 9.8283, 10.1669, 11.694]","[4.0241, 4.2176, 4.3660000000000005, 4.5048, 9.6632, 9.9065, 10.179, 11.7367]",0.0082,0.0086,100,1,0.5,0.0,0.0,0,0,1,0,0,10,10,0,0,0.0,0.5,LR,20.0,RT,0,0,0,1,,0.25,0.0,9.999999999976694e-05,1.0,/dev/ttyACM-Bpod6,stage_training_v6,Emma,pv_nmdar_eranet,2AFC_6,Bpod6,21,36006,21,1.8.2,021_stage_training_v6_20250610-115734,2025-06-10,11:57:46.268568,12:31:44.927306
82,0,1.0,1,0,0,0,1.0,0.0,0.0,1.0,1,1170.466832,1183.562636,13.095804000000046,2.8181000000000003,3.0957000000000003,0.2776,3.0764,3.0861,0.0097,aaa,aaa,1,,0,1,0,1,-70.0,70.0,"[3.0861, 3.6084, 3.758, 3.8706, 3.9774, 4.1045, 7.3136, 7.4434, 7.5842]","[3.0936000000000003, 3.6856, 3.8025, 3.9037, 4.0026, 4.1407, 7.3645, 7.4966, 7.6253]",[],[],0.0082,0.0086,100,1,0.5,0.0,0.0,0,0,1,0,0,10,10,0,0,0.0,0.5,LR,20.0,RT,0,0,0,1,,0.25,0.0,9.999999999976694e-05,1.0,/dev/ttyACM-Bpod6,stage_training_v6,Emma,pv_nmdar_eranet,2AFC_6,Bpod6,21,36006,21,1.8.2,021_stage_training_v6_20250610-115734,2025-06-10,11:57:46.268568,12:31:44.927306
83,1,0.0,0,1,0,0,0.0,1.0,0.0,1.0,1,1183.573232,1197.135836,13.562603999999965,2.8206,,,3.0793,3.5529,0.4736000000000002,iaa,iaa,1,,0,0,1,1,70.0,-70.0,"[3.5529, 3.6901, 10.6867]","[3.6193, 3.7552, 10.7902]",[10.7732],[10.7828],0.0082,0.0086,100,1,0.5,0.0,0.0,0,0,1,0,0,10,10,0,0,0.0,0.5,LR,20.0,RT,0,0,0,1,,0.25,0.0,9.999999999976694e-05,1.0,/dev/ttyACM-Bpod6,stage_training_v6,Emma,pv_nmdar_eranet,2AFC_6,Bpod6,21,36006,21,1.8.2,021_stage_training_v6_20250610-115734,2025-06-10,11:57:46.268568,12:31:44.927306
84,0,1.0,1,0,0,0,1.0,0.0,0.0,1.0,1,1197.147932,1211.115036,13.967103999999836,2.8181000000000003,3.967,1.1488999999999998,3.0764,3.9574,0.8810000000000002,aaa,aaa,1,,0,1,0,1,-70.0,70.0,"[3.9574, 4.1216, 4.387300000000001]","[4.0482000000000005, 4.178100000000001, 4.4285000000000005]",[],[],0.0082,0.0086,100,1,0.5,0.0,0.0,0,0,1,0,0,10,10,0,0,0.0,0.5,LR,20.0,RT,0,0,0,1,,0.25,0.0,9.999999999976694e-05,1.0,/dev/ttyACM-Bpod6,stage_training_v6,Emma,pv_nmdar_eranet,2AFC_6,Bpod6,21,36006,21,1.8.2,021_stage_training_v6_20250610-115734,2025-06-10,11:57:46.268568,12:31:44.927306
85,1,0.0,0,1,0,0,0.0,1.0,0.0,1.0,1,1211.152132,1226.329736,15.177603999999974,2.8206,,,3.0793,5.1679,2.0886000000000005,iaa,iaa,1,,0,0,1,1,70.0,-70.0,"[5.1679, 5.3147, 5.5157, 5.718, 6.1631, 13.8183, 14.0342]","[5.230700000000001, 5.3921, 5.5783000000000005, 5.7892, 6.240600000000001, 13.9066, 14.1224]","[5.541, 5.7049, 6.155200000000001, 14.0365]","[5.5739, 5.791300000000001, 6.2423, 14.1228]",0.0082,0.0086,100,1,0.5,0.0,0.0,0,0,1,0,0,10,10,0,0,0.0,0.5,LR,20.0,RT,0,0,0,1,,0.25,0.0,9.999999999976694e-05,1.0,/dev/ttyACM-Bpod6,stage_training_v6,Emma,pv_nmdar_eranet,2AFC_6,Bpod6,21,36006,21,1.8.2,021_stage_training_v6_20250610-115734,2025-06-10,11:57:46.268568,12:31:44.927306
86,0,1.0,1,0,0,0,1.0,0.0,0.0,1.0,1,1226.345632,1239.903236,13.557604000000088,2.8181000000000003,3.5575,0.7393999999999998,3.0764,3.5479000000000003,0.4715000000000002,aaa,aaa,1,,0,1,0,1,-70.0,70.0,"[3.5479000000000003, 3.7682, 3.992]","[3.6332, 3.7729, 4.019]","[3.577, 3.7081, 3.9498]","[3.6351, 3.7819, 4.0232]",0.0082,0.0086,100,1,0.5,0.0,0.0,0,0,1,0,0,10,10,0,0,0.0,0.5,LR,20.0,RT,0,0,0,1,,0.25,0.0,9.999999999976694e-05,1.0,/dev/ttyACM-Bpod6,stage_training_v6,Emma,pv_nmdar_eranet,2AFC_6,Bpod6,21,36006,21,1.8.2,021_stage_training_v6_20250610-115734,2025-06-10,11:57:46.268568,12:31:44.927306
87,1,0.0,0,1,0,0,0.0,1.0,0.0,1.0,1,1239.915032,1254.477136,14.562103999999865,2.8206,,,3.0793,4.5524,1.4731000000000003,iaa,iaa,1,,0,0,1,1,70.0,-70.0,"[0.5667, 0.7095, 0.8412000000000001, 4.5524]","[0.6355000000000001, 0.7601, 0.8577, 4.6294]",[4.5981000000000005],[4.6223],0.0082,0.0086,100,1,0.5,0.0,0.0,0,0,1,0,0,10,10,0,0,0.0,0.5,LR,20.0,RT,0,0,0,1,,0.25,0.0,9.999999999976694e-05,1.0,/dev/ttyACM-Bpod6,stage_training_v6,Emma,pv_nmdar_eranet,2AFC_6,Bpod6,21,36006,21,1.8.2,021_stage_training_v6_20250610-115734,2025-06-10,11:57:46.268568,12:31:44.927306
88,0,1.0,1,0,0,0,1.0,0.0,0.0,1.0,1,1254.489732,1268.139736,13.65000400000008,2.8181000000000003,3.6499,0.8317999999999999,3.0764,3.6403,0.5639000000000003,aaa,aaa,1,,0,1,0,1,-70.0,70.0,"[3.6403, 3.9155, 4.0468, 4.1497]","[3.7753, 3.9535, 4.0683, 4.2205]","[3.6889, 3.8597, 4.0481, 4.194]","[3.7747, 3.9608, 4.0675, 4.2169]",0.0082,0.0086,100,1,0.5,0.0,0.0,0,0,1,0,0,10,10,0,0,0.0,0.5,LR,20.0,RT,0,0,0,1,,0.25,0.0,9.999999999976694e-05,1.0,/dev/ttyACM-Bpod6,stage_training_v6,Emma,pv_nmdar_eranet,2AFC_6,Bpod6,21,36006,21,1.8.2,021_stage_training_v6_20250610-115734,2025-06-10,11:57:46.268568,12:31:44.927306
89,1,0.0,0,1,0,0,0.0,1.0,0.0,1.0,1,1268.198732,1285.255636,17.056904000000028,2.8206,,,3.0793,7.0472,3.9679,iaa,iaa,1,,0,0,1,1,70.0,-70.0,"[7.0472, 7.221100000000001, 7.3178, 7.4534, 7.552, 7.671600000000001, 7.789000000000001, 7.905600000000001, 8.0317, 8.1743, 8.335600000000001, 8.473, 8.642100000000001, 9.1708, 9.1888, 9.5942, 9.7125, 9.8488, 9.9742, 10.3314, 10.4737, 16.351300000000002, 16.512900000000002, 16.753, 16.884700000000002]","[7.1345, 7.2385, 7.3749, 7.4675, 7.5983, 7.711, 7.824000000000001, 7.9468, 8.078800000000001, 8.2188, 8.3531, 8.516300000000001, 8.6648, 9.1788, 9.1974, 9.6228, 9.7509, 9.865, 9.989, 10.3767, 10.5221, 16.4201, 16.5925, 16.768800000000002, 16.932100000000002]","[7.3531, 7.5575, 7.589, 8.036200000000001, 8.645900000000001, 9.1306, 9.2748, 9.366, 9.4772, 9.5913, 9.7082, 9.8303, 9.9542, 10.0833, 10.2051, 10.328, 10.4732, 11.2254, 12.379, 16.5445, 16.6944, 16.8798]","[7.3688, 7.5699, 7.5902, 8.0729, 8.658100000000001, 9.21, 9.3006, 9.4001, 9.5119, 9.6246, 9.7531, 9.8741, 9.9983, 10.122, 10.2496, 10.3776, 10.5219, 11.25, 12.3981, 16.5902, 16.7724, 16.9322]",0.0082,0.0086,100,1,0.5,0.0,0.0,0,0,1,0,0,10,10,0,0,0.0,0.5,LR,20.0,RT,0,0,0,1,,0.25,0.0,9.999999999976694e-05,1.0,/dev/ttyACM-Bpod6,stage_training_v6,Emma,pv_nmdar_eranet,2AFC_6,Bpod6,21,36006,21,1.8.2,021_stage_training_v6_20250610-115734,2025-06-10,11:57:46.268568,12:31:44.927306
90,0,1.0,1,0,0,0,1.0,0.0,0.0,1.0,1,1285.274332,1299.264536,13.990203999999947,2.8181000000000003,3.9901,1.1719999999999997,3.0764,3.9805,0.9041,aaa,aaa,1,,0,1,0,1,-70.0,70.0,"[0.6267, 1.4964000000000002, 1.8767, 3.9805, 4.1363, 4.2521, 4.3743, 4.4988, 10.3879, 10.5279]","[0.7067, 1.5776, 1.9698, 4.0520000000000005, 4.1753, 4.2881, 4.412, 4.5404, 10.453, 10.5853]","[0.6794, 1.4941]","[0.7003, 1.5783]",0.0082,0.0086,100,1,0.5,0.0,0.0,0,0,1,0,0,10,10,0,0,0.0,0.5,LR,20.0,RT,0,0,0,1,,0.25,0.0,9.999999999976694e-05,1.0,/dev/ttyACM-Bpod6,stage_training_v6,Emma,pv_nmdar_eranet,2AFC_6,Bpod6,21,36006,21,1.8.2,021_stage_training_v6_20250610-115734,2025-06-10,11:57:46.268568,12:31:44.927306
91,1,0.0,0,1,0,0,0.0,1.0,0.0,1.0,1,1299.276332,1312.396036,13.119704000000185,2.8206,,,3.0793,3.1100000000000003,0.0307000000000003,iaa,iaa,1,,0,0,1,1,70.0,-70.0,"[3.1100000000000003, 6.4583, 10.1508, 10.3211, 10.8691]","[3.2063, 6.5295000000000005, 10.2258, 10.3927, 10.9683]","[6.5167, 10.9552]","[6.522200000000001, 10.9605]",0.0082,0.0086,100,1,0.5,0.0,0.0,0,0,1,0,0,10,10,0,0,0.0,0.5,LR,20.0,RT,0,0,0,1,,0.25,0.0,9.999999999976694e-05,1.0,/dev/ttyACM-Bpod6,stage_training_v6,Emma,pv_nmdar_eranet,2AFC_6,Bpod6,21,36006,21,1.8.2,021_stage_training_v6_20250610-115734,2025-06-10,11:57:46.268568,12:31:44.927306
92,0,1.0,1,0,0,0,1.0,0.0,0.0,1.0,1,1312.408732,1331.183936,18.775203999999803,2.8181000000000003,8.7751,5.9570000000000025,3.0764,8.765500000000001,5.6891000000000025,aaa,aaa,1,,0,1,0,1,-70.0,70.0,"[3.028, 8.765500000000001, 8.9069, 9.0256, 9.1383, 9.2639, 9.7891, 9.942, 14.5037, 14.6384]","[3.0908, 8.8291, 8.956100000000001, 9.0575, 9.1571, 9.3133, 9.8437, 9.973, 14.5657, 14.6941]",[9.2789],[9.3086],0.0082,0.0086,100,1,0.5,0.0,0.0,0,0,1,0,0,10,10,0,0,0.0,0.5,LR,20.0,RT,0,0,0,1,,0.25,0.0,9.999999999976694e-05,1.0,/dev/ttyACM-Bpod6,stage_training_v6,Emma,pv_nmdar_eranet,2AFC_6,Bpod6,21,36006,21,1.8.2,021_stage_training_v6_20250610-115734,2025-06-10,11:57:46.268568,12:31:44.927306
93,1,0.0,0,1,0,0,0.0,1.0,0.0,1.0,1,1331.201032,1353.566236,22.36520399999995,2.8206,,,3.0793,12.3555,9.2762,iaa,iaa,1,,0,0,1,1,70.0,-70.0,"[1.3486, 1.494, 12.3555]","[1.4099000000000002, 1.5630000000000002, 12.4133]",[],[],0.0082,0.0086,100,1,0.5,0.0,0.0,0,0,1,0,0,10,10,0,0,0.0,0.5,LR,20.0,RT,0,0,0,1,,0.25,0.0,9.999999999976694e-05,1.0,/dev/ttyACM-Bpod6,stage_training_v6,Emma,pv_nmdar_eranet,2AFC_6,Bpod6,21,36006,21,1.8.2,021_stage_training_v6_20250610-115734,2025-06-10,11:57:46.268568,12:31:44.927306
94,0,1.0,1,0,0,0,1.0,0.0,0.0,1.0,1,1353.594132,1372.065736,18.47160400000007,2.8181000000000003,8.4715,5.6534,3.0764,8.4619,5.3855,aaa,aaa,1,,0,1,0,1,-70.0,70.0,"[0.3898, 8.4619, 8.6209, 8.749600000000001, 8.8545, 8.9933, 9.1432, 13.5399, 13.6816]","[0.464, 8.5364, 8.6631, 8.7567, 8.9075, 9.038, 9.1609, 13.5902, 13.7375]",[],[],0.0082,0.0086,100,1,0.5,0.0,0.0,0,0,1,0,0,10,10,0,0,0.0,0.5,LR,20.0,RT,0,0,0,1,,0.25,0.0,9.999999999976694e-05,1.0,/dev/ttyACM-Bpod6,stage_training_v6,Emma,pv_nmdar_eranet,2AFC_6,Bpod6,21,36006,21,1.8.2,021_stage_training_v6_20250610-115734,2025-06-10,11:57:46.268568,12:31:44.927306
95,1,0.0,0,1,0,0,0.0,1.0,0.0,1.0,1,1372.081832,1390.536837,18.455005000000032,2.8206,,,3.0793,8.4453,5.3660000000000005,iaa,iaa,1,,0,0,1,1,70.0,-70.0,"[8.4453, 8.612, 12.7799]","[8.5122, 8.683300000000001, 12.8388]",[],[],0.0082,0.0086,100,1,0.5,0.0,0.0,0,0,1,0,0,10,10,0,0,0.0,0.5,LR,20.0,RT,0,0,0,1,,0.25,0.0,9.999999999976694e-05,1.0,/dev/ttyACM-Bpod6,stage_training_v6,Emma,pv_nmdar_eranet,2AFC_6,Bpod6,21,36006,21,1.8.2,021_stage_training_v6_20250610-115734,2025-06-10,11:57:46.268568,12:31:44.927306
96,0,1.0,1,0,0,0,1.0,0.0,0.0,1.0,1,1390.555032,1412.020636,21.465603999999985,2.8181000000000003,11.4655,8.647400000000001,3.0764,11.4559,8.3795,aaa,aaa,1,,0,1,0,1,-70.0,70.0,"[1.8641, 2.0472, 2.6, 11.4559]","[1.912, 2.1416, 2.6704000000000003, 11.5265]",[2.0537],[2.1428000000000003],0.0082,0.0086,100,1,0.5,0.0,0.0,0,0,1,0,0,10,10,0,0,0.0,0.5,LR,20.0,RT,0,0,0,1,,0.25,0.0,9.999999999976694e-05,1.0,/dev/ttyACM-Bpod6,stage_training_v6,Emma,pv_nmdar_eranet,2AFC_6,Bpod6,21,36006,21,1.8.2,021_stage_training_v6_20250610-115734,2025-06-10,11:57:46.268568,12:31:44.927306
97,1,0.0,0,1,0,0,0.0,1.0,0.0,1.0,1,1412.041932,1425.143136,13.101203999999823,2.8206,,,3.0793,3.0915000000000004,0.0122000000000004,iaa,iaa,1,,0,0,1,1,70.0,-70.0,"[3.0915000000000004, 6.4637, 6.6481, 6.8532, 7.4575, 7.5705, 7.8177, 7.931900000000001, 8.0748, 8.2225, 8.222800000000001, 8.350200000000001, 8.486, 8.6347, 8.797600000000001, 8.9536]","[3.1654, 6.5319, 6.723400000000001, 6.9318, 7.476, 7.6062, 7.8371, 7.9736, 8.1072, 8.2226, 8.235000000000001, 8.378400000000001, 8.5327, 8.684700000000001, 8.8546, 9.0125]","[3.0978000000000003, 3.0997000000000003, 6.436800000000001, 6.6047, 6.648000000000001, 6.6897, 6.8476, 7.0163, 7.109, 7.2332, 7.3296, 7.4527, 7.564, 7.689900000000001, 7.8116, 7.9297, 8.0587, 8.1952, 8.3218, 8.483600000000001, 8.6712]","[3.0988, 3.1704000000000003, 6.547000000000001, 6.646400000000001, 6.6809, 6.7217, 6.947100000000001, 7.0333000000000006, 7.1608, 7.2456, 7.3742, 7.4816, 7.6097, 7.7304, 7.8425, 7.974200000000001, 8.1102, 8.240400000000001, 8.3826, 8.5332, 8.6781]",0.0082,0.0086,100,1,0.5,0.0,0.0,0,0,1,0,0,10,10,0,0,0.0,0.5,LR,20.0,RT,0,0,0,1,,0.25,0.0,9.999999999976694e-05,1.0,/dev/ttyACM-Bpod6,stage_training_v6,Emma,pv_nmdar_eranet,2AFC_6,Bpod6,21,36006,21,1.8.2,021_stage_training_v6_20250610-115734,2025-06-10,11:57:46.268568,12:31:44.927306
98,0,1.0,0,1,0,0,0.0,0.0,1.0,0.0,1,1425.155332,1438.260836,13.105503999999886,2.8181000000000003,,,3.0764,3.0958,0.0194,aaa,aaa,1,,0,1,0,1,-70.0,70.0,"[3.0713000000000004, 4.062, 4.2523, 4.3554, 4.514200000000001, 4.654100000000001, 4.7699, 4.879, 4.9969, 5.113700000000001, 5.2443, 5.3921, 5.5331, 5.6955]","[3.1246, 4.1083, 4.2695, 4.4229, 4.582, 4.6978, 4.8053, 4.9190000000000005, 5.0385, 5.1599, 5.2946, 5.4347, 5.5801, 5.7475000000000005]","[3.0958, 4.0418, 4.1925, 4.384, 8.0814, 9.4304, 9.7053, 9.7095, 9.7278, 9.7281, 9.7284, 9.7289]","[3.1192, 4.1122000000000005, 4.2743, 4.4195, 9.2041, 9.7015, 9.7089, 9.7106, 9.7279, 9.7283, 9.7288, 9.729]",0.0082,0.0086,100,1,0.5,0.0,0.0,0,0,1,0,0,10,10,0,0,0.0,0.5,LR,20.0,RT,0,0,0,1,,0.25,0.0,9.999999999976694e-05,1.0,/dev/ttyACM-Bpod6,stage_training_v6,Emma,pv_nmdar_eranet,2AFC_6,Bpod6,21,36006,21,1.8.2,021_stage_training_v6_20250610-115734,2025-06-10,11:57:46.268568,12:31:44.927306
99,1,1.0,0,0,1,0,,0.0,,,0,1438.280632,1461.369536,23.08890399999996,2.8206,,,3.0793,13.0793,10.0,iaa,iaa,1,,0,0,1,1,70.0,70.0,"[0.3549, 0.4846, 0.7043, 0.8444, 1.038, 1.4305, 1.9579, 2.2024, 2.4512, 2.6612, 2.8062, 14.1214, 14.2755, 14.294300000000002, 14.5244, 14.7574, 14.8627, 15.0017, 19.8477, 20.0356, 20.2036, 20.4506, 20.6153, 20.7323]","[0.4083, 0.5630000000000001, 0.7583000000000001, 0.9376, 1.1068, 1.5084, 2.0061, 2.2335000000000003, 2.4666, 2.6876, 2.889, 14.1847, 14.2814, 14.3669, 14.5491, 14.7842, 14.9068, 15.0238, 19.9071, 20.1053, 20.2861, 20.4734, 20.6347, 20.8063]","[0.5076, 0.6623, 0.8502000000000001, 1.9248, 2.1337, 2.4299, 2.6042, 2.857, 14.2762, 14.4583, 14.6245, 14.7468, 14.8597, 15.0007, 19.8719, 20.2243, 20.3847, 20.5596, 20.7745]","[0.5618000000000001, 0.7602, 0.9346, 2.0097, 2.2363, 2.4678, 2.6905, 2.8857, 14.3693, 14.5562, 14.6786, 14.7891, 14.9083, 15.0244, 19.9033, 20.2837, 20.4779, 20.64, 20.8043]",0.0082,0.0086,100,1,0.5,0.0,0.0,0,0,1,0,0,10,10,0,0,0.0,0.5,LR,20.0,RT,0,0,0,1,,0.25,0.0,9.999999999976694e-05,1.0,/dev/ttyACM-Bpod6,stage_training_v6,Emma,pv_nmdar_eranet,2AFC_6,Bpod6,21,36006,21,1.8.2,021_stage_training_v6_20250610-115734,2025-06-10,11:57:46.268568,12:31:44.927306
100,1,,0,1,0,0,0.0,,0.0,,1,1461.389332,1479.733836,18.344504000000146,2.8206,,,3.0707,8.3348,5.264099999999999,iaa,iaa,1,,0,0,1,1,70.0,,"[0.2822, 0.5091, 0.7125, 8.3348, 16.6663, 16.8871, 17.0288]","[0.3642, 0.5513, 0.7291000000000001, 8.4143, 16.733, 16.918, 17.1204]","[0.3205, 0.4677, 0.6453, 8.4032, 16.6384, 16.8737, 17.091900000000003]","[0.3613, 0.555, 0.7353000000000001, 8.4077, 16.7357, 16.92, 17.1161]",0.0082,0.0086,100,0,0.5,0.0,0.0,0,0,1,0,0,10,10,0,0,0.0,0.5,LR,20.0,RT,0,0,0,1,,0.25,0.0,9.999999999976694e-05,1.0,/dev/ttyACM-Bpod6,stage_training_v6,Emma,pv_nmdar_eranet,2AFC_6,Bpod6,21,36006,21,1.8.2,021_stage_training_v6_20250610-115734,2025-06-10,11:57:46.268568,12:31:44.927306
101,1,0.0,1,0,0,0,1.0,0.0,1.0,0.0,1,1479.749932,1492.839737,13.08980500000007,2.8206,3.0897,0.2690999999999999,3.0707,3.0716,0.0009000000000001,iaa,iaa,1,,0,0,1,1,70.0,-70.0,"[3.0370000000000004, 7.8346, 8.0533, 8.164100000000001, 8.264700000000001, 8.396700000000001, 8.5322, 8.717600000000001]","[3.1055, 7.915900000000001, 8.0619, 8.1911, 8.306000000000001, 8.4217, 8.5825, 8.770900000000001]","[3.0716, 7.8703, 7.995100000000001, 8.1374, 8.2664, 8.5426, 8.7216]","[3.1038, 7.922000000000001, 8.071200000000001, 8.194600000000001, 8.3047, 8.5769, 8.7682]",0.0082,0.0086,100,0,0.5,0.0,0.0,0,0,1,0,0,10,10,0,0,0.0,0.5,LR,20.0,RT,0,0,0,1,,0.25,0.0,9.999999999976694e-05,1.0,/dev/ttyACM-Bpod6,stage_training_v6,Emma,pv_nmdar_eranet,2AFC_6,Bpod6,21,36006,21,1.8.2,021_stage_training_v6_20250610-115734,2025-06-10,11:57:46.268568,12:31:44.927306
102,1,1.0,0,1,0,0,0.0,1.0,0.0,0.0,1,1492.853332,1508.135036,15.28170399999999,2.8206,,,3.0707,5.272,2.2013000000000003,iaa,iaa,1,,0,0,1,1,70.0,70.0,"[5.272, 5.4241, 5.4541, 6.609100000000001, 6.806100000000001, 7.0025, 12.8501, 13.2853, 13.7944, 14.2176, 14.5335]","[5.3287, 5.4246, 5.4838000000000005, 6.668500000000001, 6.8843000000000005, 7.086, 12.9481, 13.4094, 13.9355, 14.330900000000002, 14.5711]","[5.3115000000000006, 5.4393, 6.8243, 12.9243, 13.3866, 14.2665, 14.4766]","[5.322, 5.4857000000000005, 6.8838, 12.9414, 13.4017, 14.3281, 14.5737]",0.0082,0.0086,100,0,0.5,0.0,0.0,0,0,1,0,0,10,10,0,0,0.0,0.5,LR,20.0,RT,0,0,0,1,,0.25,0.0,9.999999999976694e-05,1.0,/dev/ttyACM-Bpod6,stage_training_v6,Emma,pv_nmdar_eranet,2AFC_6,Bpod6,21,36006,21,1.8.2,021_stage_training_v6_20250610-115734,2025-06-10,11:57:46.268568,12:31:44.927306
103,1,0.0,0,1,0,0,0.0,0.0,0.0,1.0,1,1508.148032,1521.236636,13.088604000000036,2.8206,,,3.0707,3.0789,0.0081999999999999,iaa,iaa,1,,0,0,1,1,70.0,-70.0,"[3.0789, 4.1096]","[3.1538, 4.1671000000000005]",[],[],0.0082,0.0086,100,0,0.5,0.0,0.0,0,0,1,0,0,10,10,0,0,0.0,0.5,LR,20.0,RT,0,0,0,1,,0.25,0.0,9.999999999976694e-05,1.0,/dev/ttyACM-Bpod6,stage_training_v6,Emma,pv_nmdar_eranet,2AFC_6,Bpod6,21,36006,21,1.8.2,021_stage_training_v6_20250610-115734,2025-06-10,11:57:46.268568,12:31:44.927306
104,1,0.0,1,0,0,0,1.0,0.0,1.0,0.0,1,1521.248432,1542.928336,21.67990399999985,2.8206,11.6798,8.8592,3.0707,11.6617,8.591000000000001,iaa,iaa,1,,0,0,1,1,70.0,-70.0,[],[],"[11.6617, 11.9922]","[11.8098, 12.6334]",0.0082,0.0086,100,0,0.5,0.0,0.0,0,0,1,0,0,10,10,0,0,0.0,0.5,LR,20.0,RT,0,0,0,1,,0.25,0.0,9.999999999976694e-05,1.0,/dev/ttyACM-Bpod6,stage_training_v6,Emma,pv_nmdar_eranet,2AFC_6,Bpod6,21,36006,21,1.8.2,021_stage_training_v6_20250610-115734,2025-06-10,11:57:46.268568,12:31:44.927306
105,1,1.0,1,0,0,0,1.0,1.0,1.0,1.0,1,1542.948132,1557.684936,14.736804000000115,2.8206,4.7367,1.9161,3.0707,4.7186,1.6479000000000004,iaa,iaa,1,,0,0,1,1,70.0,70.0,"[9.51, 11.5023, 11.8116, 12.2579, 12.5161, 12.8052, 13.033]","[9.5705, 11.5691, 11.8955, 12.3536, 12.6026, 12.8341, 13.0488]","[4.7186, 11.8161, 12.4769, 12.7863, 12.9133, 13.0307]","[4.7206, 11.8938, 12.6155, 12.8402, 12.9279, 13.0498]",0.0082,0.0086,100,0,0.5,0.0,0.0,0,0,1,0,0,10,10,0,0,0.0,0.5,LR,20.0,RT,0,0,0,1,,0.25,0.0,9.999999999976694e-05,1.0,/dev/ttyACM-Bpod6,stage_training_v6,Emma,pv_nmdar_eranet,2AFC_6,Bpod6,21,36006,21,1.8.2,021_stage_training_v6_20250610-115734,2025-06-10,11:57:46.268568,12:31:44.927306
106,1,1.0,0,1,0,0,0.0,1.0,0.0,0.0,1,1557.700432,1571.249236,13.548804000000017,2.8206,,,3.0707,3.5391000000000004,0.4684000000000003,iaa,iaa,1,,0,0,1,1,70.0,70.0,"[3.5391000000000004, 3.7154, 3.9399, 6.2207, 10.362]","[3.6034, 3.7917, 3.9628, 6.2754, 10.4185]","[3.7068, 3.8809]","[3.7926, 3.9702]",0.0082,0.0086,100,0,0.5,0.0,0.0,0,0,1,0,0,10,10,0,0,0.0,0.5,LR,20.0,RT,0,0,0,1,,0.25,0.0,9.999999999976694e-05,1.0,/dev/ttyACM-Bpod6,stage_training_v6,Emma,pv_nmdar_eranet,2AFC_6,Bpod6,21,36006,21,1.8.2,021_stage_training_v6_20250610-115734,2025-06-10,11:57:46.268568,12:31:44.927306
107,1,0.0,0,1,0,0,0.0,0.0,0.0,1.0,1,1571.260832,1593.143936,21.883104000000003,2.8206,,,3.0707,11.8734,8.8027,iaa,iaa,1,,0,0,1,1,70.0,-70.0,"[11.8734, 12.1678]","[11.9561, 12.2252]",[12.1219],[12.2267],0.0082,0.0086,100,0,0.5,0.0,0.0,0,0,1,0,0,10,10,0,0,0.0,0.5,LR,20.0,RT,0,0,0,1,,0.25,0.0,9.999999999976694e-05,1.0,/dev/ttyACM-Bpod6,stage_training_v6,Emma,pv_nmdar_eranet,2AFC_6,Bpod6,21,36006,21,1.8.2,021_stage_training_v6_20250610-115734,2025-06-10,11:57:46.268568,12:31:44.927306
108,1,0.0,0,0,1,0,,0.0,,,0,1593.168832,1616.249136,23.08030399999984,2.8206,,,3.0707,13.0707,10.0,iaa,iaa,1,,0,0,1,1,70.0,-70.0,[],[],[],[],0.0082,0.0086,100,0,0.5,0.0,0.0,0,0,1,0,0,10,10,0,0,0.0,0.5,LR,20.0,RT,0,0,0,1,,0.25,0.0,9.999999999976694e-05,1.0,/dev/ttyACM-Bpod6,stage_training_v6,Emma,pv_nmdar_eranet,2AFC_6,Bpod6,21,36006,21,1.8.2,021_stage_training_v6_20250610-115734,2025-06-10,11:57:46.268568,12:31:44.927306
109,1,,0,0,1,0,,,,,0,1616.264732,1639.345036,23.08030399999984,2.8206,,,3.0707,13.0707,10.0,iaa,iaa,1,,0,0,1,1,70.0,,[],[],[1.8456],[2.047],0.0082,0.0086,100,0,0.5,0.0,0.0,0,0,1,0,0,10,10,0,0,0.0,0.5,LR,20.0,RT,0,0,0,1,,0.25,0.0,9.999999999976694e-05,1.0,/dev/ttyACM-Bpod6,stage_training_v6,Emma,pv_nmdar_eranet,2AFC_6,Bpod6,21,36006,21,1.8.2,021_stage_training_v6_20250610-115734,2025-06-10,11:57:46.268568,12:31:44.927306
110,1,,0,0,1,0,,,,,0,1639.362732,1662.443036,23.08030399999984,2.8206,,,3.0707,13.0707,10.0,iaa,iaa,1,,0,0,1,1,70.0,,"[17.3626, 17.543100000000003]","[17.4079, 17.6145]","[17.5747, 18.8199]","[17.6093, 18.8459]",0.0082,0.0086,100,0,0.5,0.0,0.0,0,0,1,0,0,10,10,0,0,0.0,0.5,LR,20.0,RT,0,0,0,1,,0.25,0.0,9.999999999976694e-05,1.0,/dev/ttyACM-Bpod6,stage_training_v6,Emma,pv_nmdar_eranet,2AFC_6,Bpod6,21,36006,21,1.8.2,021_stage_training_v6_20250610-115734,2025-06-10,11:57:46.268568,12:31:44.927306
111,1,,0,0,1,0,,,,,0,1662.475332,1685.555636,23.080304000000076,2.8206,,,3.0707,13.0707,10.0,iaa,iaa,1,,0,0,1,1,70.0,,[],[],[],[],0.0082,0.0086,100,0,0.5,0.0,0.0,0,0,1,0,0,10,10,0,0,0.0,0.5,LR,20.0,RT,0,0,0,1,,0.25,0.0,9.999999999976694e-05,1.0,/dev/ttyACM-Bpod6,stage_training_v6,Emma,pv_nmdar_eranet,2AFC_6,Bpod6,21,36006,21,1.8.2,021_stage_training_v6_20250610-115734,2025-06-10,11:57:46.268568,12:31:44.927306
112,1,,0,0,1,0,,,,,0,1685.572232,1708.6525359999994,23.080304000000076,2.8206,,,3.0707,13.0707,10.0,iaa,iaa,1,,0,0,1,1,70.0,,"[20.4463, 20.6553, 20.9719]","[20.497300000000003, 20.6608, 20.9918]","[20.4509, 20.5969, 20.7398, 20.8562, 20.9689]","[20.4951, 20.6672, 20.7876, 20.890600000000003, 20.9949]",0.0082,0.0086,100,0,0.5,0.0,0.0,0,0,1,0,0,10,10,0,0,0.0,0.5,LR,20.0,RT,0,0,0,1,,0.25,0.0,9.999999999976694e-05,1.0,/dev/ttyACM-Bpod6,stage_training_v6,Emma,pv_nmdar_eranet,2AFC_6,Bpod6,21,36006,21,1.8.2,021_stage_training_v6_20250610-115734,2025-06-10,11:57:46.268568,12:31:44.927306
113,1,,0,1,0,0,0.0,,0.0,,1,1708.675632,1721.764936,13.089304000000086,2.8206,,,3.0707,3.0796,0.0089000000000001,iaa,iaa,1,,0,0,1,1,70.0,,"[3.0796, 3.5642, 3.7701, 4.0206, 4.2098, 4.3751, 9.6519, 11.47, 11.6825]","[3.127, 3.6251, 3.8354, 4.0833, 4.2538, 4.4208, 9.7021, 11.5632, 11.7618]","[3.9946, 4.1703, 11.7425]","[4.0869, 4.2561, 11.7564]",0.0082,0.0086,100,0,0.5,0.0,0.0,0,0,1,0,0,10,10,0,0,0.0,0.5,LR,20.0,RT,0,0,0,1,,0.25,0.0,9.999999999976694e-05,1.0,/dev/ttyACM-Bpod6,stage_training_v6,Emma,pv_nmdar_eranet,2AFC_6,Bpod6,21,36006,21,1.8.2,021_stage_training_v6_20250610-115734,2025-06-10,11:57:46.268568,12:31:44.927306
114,1,0.0,0,1,0,0,0.0,0.0,0.0,1.0,1,1721.775932,1739.4405359999994,17.664604000000054,2.8206,,,3.0707,7.6549,4.584200000000001,iaa,iaa,1,,0,0,1,1,70.0,-70.0,"[2.3196000000000003, 7.6549, 11.7715]","[2.414, 7.7325, 11.8558]",[11.8429],[11.8477],0.0082,0.0086,100,0,0.5,0.0,0.0,0,0,1,0,0,10,10,0,0,0.0,0.5,LR,20.0,RT,0,0,0,1,,0.25,0.0,9.999999999976694e-05,1.0,/dev/ttyACM-Bpod6,stage_training_v6,Emma,pv_nmdar_eranet,2AFC_6,Bpod6,21,36006,21,1.8.2,021_stage_training_v6_20250610-115734,2025-06-10,11:57:46.268568,12:31:44.927306
115,1,0.0,0,1,0,0,0.0,0.0,0.0,1.0,1,1739.455332,1753.167136,13.71180400000003,2.8206,,,3.0707,3.7021,0.6314000000000002,iaa,iaa,1,,0,0,1,1,70.0,-70.0,"[0.2877, 3.7021, 8.756400000000001, 8.965900000000001, 9.2085]","[0.3567, 3.784, 8.8284, 9.0484, 9.2742]",[9.2125],[9.2735],0.0082,0.0086,100,0,0.5,0.0,0.0,0,0,1,0,0,10,10,0,0,0.0,0.5,LR,20.0,RT,0,0,0,1,,0.25,0.0,9.999999999976694e-05,1.0,/dev/ttyACM-Bpod6,stage_training_v6,Emma,pv_nmdar_eranet,2AFC_6,Bpod6,21,36006,21,1.8.2,021_stage_training_v6_20250610-115734,2025-06-10,11:57:46.268568,12:31:44.927306
116,1,0.0,0,1,0,0,0.0,0.0,0.0,1.0,1,1753.178932,1766.973736,13.794803999999885,2.8206,,,3.0707,3.7851,0.7144000000000004,iaa,iaa,1,,0,0,1,1,70.0,-70.0,"[0.2321, 3.0138000000000003, 3.7851, 7.1924]","[0.2901, 3.0735, 3.8415, 7.288200000000001]",[6.0093000000000005],[6.010800000000001],0.0082,0.0086,100,0,0.5,0.0,0.0,0,0,1,0,0,10,10,0,0,0.0,0.5,LR,20.0,RT,0,0,0,1,,0.25,0.0,9.999999999976694e-05,1.0,/dev/ttyACM-Bpod6,stage_training_v6,Emma,pv_nmdar_eranet,2AFC_6,Bpod6,21,36006,21,1.8.2,021_stage_training_v6_20250610-115734,2025-06-10,11:57:46.268568,12:31:44.927306
117,1,0.0,0,1,0,0,0.0,0.0,0.0,1.0,1,1766.985332,1784.930836,17.945504000000025,2.8206,,,3.0707,7.9358,4.8651,iaa,iaa,1,,0,0,1,1,70.0,-70.0,"[0.2207, 7.9358, 8.7073, 9.4204]","[0.2941, 7.9699, 8.7933, 9.5164]",[],[],0.0082,0.0086,100,0,0.5,0.0,0.0,0,0,1,0,0,10,10,0,0,0.0,0.5,LR,20.0,RT,0,0,0,1,,0.25,0.0,9.999999999976694e-05,1.0,/dev/ttyACM-Bpod6,stage_training_v6,Emma,pv_nmdar_eranet,2AFC_6,Bpod6,21,36006,21,1.8.2,021_stage_training_v6_20250610-115734,2025-06-10,11:57:46.268568,12:31:44.927306
118,1,0.0,0,1,0,0,0.0,0.0,0.0,1.0,1,1784.946632,1800.983036,16.036404000000175,2.8206,,,3.0707,6.0267,2.9560000000000004,iaa,iaa,1,,0,0,1,1,70.0,-70.0,"[6.0267, 9.7687]","[6.0967, 9.8359]",[],[],0.0082,0.0086,100,0,0.5,0.0,0.0,0,0,1,0,0,10,10,0,0,0.0,0.5,LR,20.0,RT,0,0,0,1,,0.25,0.0,9.999999999976694e-05,1.0,/dev/ttyACM-Bpod6,stage_training_v6,Emma,pv_nmdar_eranet,2AFC_6,Bpod6,21,36006,21,1.8.2,021_stage_training_v6_20250610-115734,2025-06-10,11:57:46.268568,12:31:44.927306
119,1,0.0,0,1,0,0,0.0,0.0,0.0,1.0,1,1800.995732,1819.219436,18.223704,2.8206,,,3.0707,8.214,5.1433,iaa,iaa,1,,0,0,1,1,70.0,-70.0,"[0.3191, 0.5513, 0.5828, 0.8678, 2.2805, 8.214]","[0.3995, 0.5533, 0.6324000000000001, 0.8802000000000001, 2.323, 8.261700000000001]","[0.5518000000000001, 0.7964]","[0.6333000000000001, 0.8855000000000001]",0.0082,0.0086,100,0,0.5,0.0,0.0,0,0,1,0,0,10,10,0,0,0.0,0.5,LR,20.0,RT,0,0,0,1,,0.25,0.0,9.999999999976694e-05,1.0,/dev/ttyACM-Bpod6,stage_training_v6,Emma,pv_nmdar_eranet,2AFC_6,Bpod6,21,36006,21,1.8.2,021_stage_training_v6_20250610-115734,2025-06-10,11:57:46.268568,12:31:44.927306
120,0,1.0,1,0,0,0,1.0,0.0,0.0,1.0,1,1819.238032,1838.663336,19.425304000000093,2.8181000000000003,9.4252,6.6071,3.0682,9.4075,6.3393000000000015,aaa,aaa,1,,0,1,0,1,-70.0,70.0,"[9.4075, 14.4971, 14.6511, 14.742, 14.8566, 14.9543, 15.0618, 15.169300000000002, 15.288, 15.5502, 15.7038, 16.0857]","[9.4589, 14.5646, 14.6702, 14.7843, 14.879, 14.994000000000002, 15.0994, 15.2078, 15.3255, 15.6069, 15.7605, 16.14]","[15.7325, 15.8741, 16.0697]","[15.7561, 15.92, 16.1477]",0.0082,0.0086,100,0,0.5,0.0,0.0,0,0,1,0,0,10,10,0,0,0.0,0.5,LR,20.0,RT,0,0,0,1,,0.25,0.0,9.999999999976694e-05,1.0,/dev/ttyACM-Bpod6,stage_training_v6,Emma,pv_nmdar_eranet,2AFC_6,Bpod6,21,36006,21,1.8.2,021_stage_training_v6_20250610-115734,2025-06-10,11:57:46.268568,12:31:44.927306
121,0,1.0,1,0,0,0,1.0,1.0,0.0,1.0,1,1838.685532,1851.803836,13.118304000000082,2.8181000000000003,3.1182000000000003,0.3001,3.0682,3.1005000000000003,0.0323000000000002,aaa,aaa,1,,0,1,0,1,-70.0,70.0,"[0.3977, 0.5892000000000001, 0.738, 0.9262, 1.1141, 1.3439, 3.1005000000000003, 3.4514, 3.5699, 3.6695, 3.7702, 3.8833, 4.005, 4.1517, 4.3808, 4.5162, 4.7334000000000005, 4.8967, 5.6831000000000005, 11.7596, 11.9789]","[0.4521, 0.6483, 0.807, 0.9976, 1.2039, 1.4036, 3.1947, 3.5019, 3.5961000000000003, 3.6971, 3.8165, 3.9333, 4.0574, 4.2075000000000005, 4.4327000000000005, 4.597700000000001, 4.774900000000001, 4.9608, 5.7673000000000005, 11.8282, 12.0389]","[0.4214, 1.1422, 1.3131000000000002, 4.5604000000000005, 4.6932, 4.9055, 11.9862]","[0.447, 1.2028, 1.4056, 4.5949, 4.776400000000001, 4.9576, 12.0386]",0.0082,0.0086,100,0,0.5,0.0,0.0,0,0,1,0,0,10,10,0,0,0.0,0.5,LR,20.0,RT,0,0,0,1,,0.25,0.0,9.999999999976694e-05,1.0,/dev/ttyACM-Bpod6,stage_training_v6,Emma,pv_nmdar_eranet,2AFC_6,Bpod6,21,36006,21,1.8.2,021_stage_training_v6_20250610-115734,2025-06-10,11:57:46.268568,12:31:44.927306
122,0,1.0,1,0,0,0,1.0,1.0,0.0,1.0,1,1851.815132,1864.926936,13.111804000000115,2.8181000000000003,3.1117000000000004,0.2936000000000001,3.0682,3.0940000000000003,0.0258000000000002,aaa,aaa,1,,0,1,0,1,-70.0,70.0,"[0.2648, 3.0940000000000003, 3.4749000000000003, 3.5975, 3.6967, 3.7966, 3.9132, 4.0408, 4.181, 4.3357, 4.5015, 4.6649, 4.8921, 6.6965, 8.8421]","[0.3304, 3.1715, 3.523, 3.6192, 3.7282, 3.8419, 3.9579, 4.0868, 4.222300000000001, 4.381, 4.5686, 4.7553, 4.9084, 6.7388, 8.9177]",[8.9033],[8.9085],0.0082,0.0086,100,0,0.5,0.0,0.0,0,0,1,0,0,10,10,0,0,0.0,0.5,LR,20.0,RT,0,0,0,1,,0.25,0.0,9.999999999976694e-05,1.0,/dev/ttyACM-Bpod6,stage_training_v6,Emma,pv_nmdar_eranet,2AFC_6,Bpod6,21,36006,21,1.8.2,021_stage_training_v6_20250610-115734,2025-06-10,11:57:46.268568,12:31:44.927306
123,0,1.0,1,0,0,0,1.0,1.0,0.0,1.0,1,1864.938632,1885.637836,20.69920400000001,2.8181000000000003,10.6991,7.8809999999999985,3.0682,10.6814,7.6132,aaa,aaa,1,,0,1,0,1,-70.0,70.0,"[0.545, 0.7662, 1.1103, 1.2822, 10.6814, 10.8747, 10.9892, 11.1083, 15.6658, 15.8331]","[0.6107, 0.8342, 1.1888, 1.3638, 10.7909, 10.9128, 11.0324, 11.1589, 15.7267, 15.902500000000002]",[0.7711],[0.8347],0.0082,0.0086,100,0,0.5,0.0,0.0,0,0,1,0,0,10,10,0,0,0.0,0.5,LR,20.0,RT,0,0,0,1,,0.25,0.0,9.999999999976694e-05,1.0,/dev/ttyACM-Bpod6,stage_training_v6,Emma,pv_nmdar_eranet,2AFC_6,Bpod6,21,36006,21,1.8.2,021_stage_training_v6_20250610-115734,2025-06-10,11:57:46.268568,12:31:44.927306
124,0,1.0,1,0,0,0,1.0,1.0,0.0,1.0,1,1885.666832,1898.767436,13.100603999999974,2.8181000000000003,3.1005000000000003,0.2824,3.0682,3.0828,0.0146000000000001,aaa,aaa,1,,0,1,0,1,-70.0,70.0,"[0.2261, 0.3591, 0.5305, 3.0828, 3.5372000000000003, 3.6764]","[0.28, 0.4231, 0.5883, 3.173, 3.5928, 3.7275]",[0.5254],[0.5895],0.0082,0.0086,100,0,0.5,0.0,0.0,0,0,1,0,0,10,10,0,0,0.0,0.5,LR,20.0,RT,0,0,0,1,,0.25,0.0,9.999999999976694e-05,1.0,/dev/ttyACM-Bpod6,stage_training_v6,Emma,pv_nmdar_eranet,2AFC_6,Bpod6,21,36006,21,1.8.2,021_stage_training_v6_20250610-115734,2025-06-10,11:57:46.268568,12:31:44.927306
125,0,1.0,0,0,1,0,,1.0,,,0,1898.846832,1921.924636,23.07780400000001,2.8181000000000003,,,3.0682,13.0682,10.0,aaa,aaa,1,,0,1,0,1,-70.0,70.0,"[0.196, 0.3564]","[0.2551, 0.4384]",[0.38],[0.4366],0.0082,0.0086,100,0,0.5,0.0,0.0,0,0,1,0,0,10,10,0,0,0.0,0.5,LR,20.0,RT,0,0,0,1,,0.25,0.0,9.999999999976694e-05,1.0,/dev/ttyACM-Bpod6,stage_training_v6,Emma,pv_nmdar_eranet,2AFC_6,Bpod6,21,36006,21,1.8.2,021_stage_training_v6_20250610-115734,2025-06-10,11:57:46.268568,12:31:44.927306
126,0,,1,0,0,0,1.0,,0.0,,1,1921.953732,1935.183836,13.230103999999983,2.8181000000000003,3.23,0.4118999999999997,3.0682,3.2123,0.1440999999999999,aaa,aaa,1,,0,1,0,1,-70.0,,"[0.4275, 0.8119000000000001, 1.1046, 1.4353, 3.2123, 3.3777000000000004, 3.516, 12.6536, 12.8966]","[0.4665, 0.8159000000000001, 1.1458000000000002, 1.4968, 3.2773000000000003, 3.4322000000000004, 3.5408000000000004, 12.7179, 12.9304]","[0.4295, 0.5793, 0.7443000000000001, 0.9013, 1.0637, 1.2479, 1.3942, 12.7047, 12.8525]","[0.4672, 0.6508, 0.8233, 0.9816, 1.148, 1.3185, 1.5021, 12.7118, 12.9352]",0.0082,0.0086,100,0,0.5,0.0,0.0,0,0,1,0,0,10,10,0,0,0.0,0.5,LR,20.0,RT,0,0,0,1,,0.25,0.0,9.999999999976694e-05,1.0,/dev/ttyACM-Bpod6,stage_training_v6,Emma,pv_nmdar_eranet,2AFC_6,Bpod6,21,36006,21,1.8.2,021_stage_training_v6_20250610-115734,2025-06-10,11:57:46.268568,12:31:44.927306
127,0,1.0,1,0,0,0,1.0,1.0,0.0,1.0,1,1935.196232,1948.320236,13.124004000000017,2.8181000000000003,3.1239000000000003,0.3058,3.0682,3.1062000000000003,0.0380000000000002,aaa,aaa,1,,0,1,0,1,-70.0,70.0,"[3.1062000000000003, 3.8855, 4.0282, 4.1299, 4.2474, 4.3584000000000005, 4.4768, 4.6026, 4.7422, 4.901, 5.059, 5.2407, 5.430400000000001, 5.813400000000001, 5.9722, 6.1795, 6.4652, 6.4657, 6.469]","[3.1763000000000003, 3.9454, 4.0522, 4.1794, 4.2851, 4.3966, 4.5183, 4.6512, 4.7912, 4.9412, 5.1154, 5.295100000000001, 5.455900000000001, 5.8268, 6.0411, 6.2698, 6.4655000000000005, 6.4688, 6.4691]","[4.7466, 4.891500000000001, 5.7689, 5.9675]","[4.7877, 4.9426000000000005, 5.832, 6.0417000000000005]",0.0082,0.0086,100,0,0.5,0.0,0.0,0,0,1,0,0,10,10,0,0,0.0,0.5,LR,20.0,RT,0,0,0,1,,0.25,0.0,9.999999999976694e-05,1.0,/dev/ttyACM-Bpod6,stage_training_v6,Emma,pv_nmdar_eranet,2AFC_6,Bpod6,21,36006,21,1.8.2,021_stage_training_v6_20250610-115734,2025-06-10,11:57:46.268568,12:31:44.927306
128,0,1.0,0,0,1,0,,1.0,,,0,1948.337732,1971.415536,23.07780400000001,2.8181000000000003,,,3.0682,13.0682,10.0,aaa,aaa,1,,0,1,0,1,-70.0,70.0,"[0.2905, 0.4883]","[0.3504, 0.5242]","[0.4604, 15.7654, 15.7668, 16.0383, 16.5546]","[0.5267000000000001, 15.7662, 15.7721, 16.0536, 16.5999]",0.0082,0.0086,100,0,0.5,0.0,0.0,0,0,1,0,0,10,10,0,0,0.0,0.5,LR,20.0,RT,0,0,0,1,,0.25,0.0,9.999999999976694e-05,1.0,/dev/ttyACM-Bpod6,stage_training_v6,Emma,pv_nmdar_eranet,2AFC_6,Bpod6,21,36006,21,1.8.2,021_stage_training_v6_20250610-115734,2025-06-10,11:57:46.268568,12:31:44.927306
129,0,,1,0,0,0,1.0,,0.0,,1,1971.435932,1987.665236,16.229303999999956,2.8181000000000003,6.2292000000000005,3.4111,3.0682,6.2115,3.1433,aaa,aaa,1,,0,1,0,1,-70.0,,"[0.3053, 0.6095, 0.7739, 1.3545, 1.4828, 6.2115, 6.396100000000001, 6.4922, 6.5883, 6.7043, 6.8058000000000005, 6.9190000000000005, 7.044300000000001, 7.1785000000000005, 7.330100000000001, 7.490900000000001, 7.6326, 7.8281, 8.1308, 13.1069, 13.2254, 13.396]","[0.3619, 0.6951, 0.8672000000000001, 1.3652, 1.5626, 6.3053, 6.4158, 6.5125, 6.6305000000000005, 6.7298, 6.8371, 6.9567000000000005, 7.0867, 7.2193, 7.368200000000001, 7.5331, 7.69, 7.8594, 8.1951, 13.1507, 13.2875, 13.4477]","[0.4619, 0.6021000000000001, 0.8407, 1.0953000000000002, 1.2801, 1.5474, 7.6382, 7.794, 13.3795]","[0.515, 0.6917, 0.8597, 1.1708, 1.3716000000000002, 1.5550000000000002, 7.689900000000001, 7.8627, 13.4496]",0.0082,0.0086,100,0,0.5,0.0,0.0,0,0,1,0,0,10,10,0,0,0.0,0.5,LR,20.0,RT,0,0,0,1,,0.25,0.0,9.999999999976694e-05,1.0,/dev/ttyACM-Bpod6,stage_training_v6,Emma,pv_nmdar_eranet,2AFC_6,Bpod6,21,36006,21,1.8.2,021_stage_training_v6_20250610-115734,2025-06-10,11:57:46.268568,12:31:44.927306
130,0,1.0,1,0,0,0,1.0,1.0,0.0,1.0,1,1987.687232,2005.881036,18.193804,2.8181000000000003,8.1937,5.3756,3.0682,8.176,5.1078,aaa,aaa,1,,0,1,0,1,-70.0,70.0,"[0.2193, 0.3617, 0.5346000000000001, 8.176, 8.3278, 8.433300000000001, 8.536800000000001, 8.642100000000001, 8.754, 8.879900000000001, 9.027, 13.6584, 13.7749, 13.9193]","[0.272, 0.4255, 0.6044, 8.251900000000001, 8.3617, 8.4643, 8.567400000000001, 8.6841, 8.8018, 8.9297, 9.0718, 13.698, 13.8322, 13.9848]","[0.5358, 9.0299, 13.9316]","[0.6054, 9.0703, 13.9851]",0.0082,0.0086,100,0,0.5,0.0,0.0,0,0,1,0,0,10,10,0,0,0.0,0.5,LR,20.0,RT,0,0,0,1,,0.25,0.0,9.999999999976694e-05,1.0,/dev/ttyACM-Bpod6,stage_training_v6,Emma,pv_nmdar_eranet,2AFC_6,Bpod6,21,36006,21,1.8.2,021_stage_training_v6_20250610-115734,2025-06-10,11:57:46.268568,12:31:44.927306
131,0,1.0,1,0,0,0,1.0,1.0,0.0,1.0,1,2005.918132,2019.126636,13.208503999999948,2.8181000000000003,3.2084,0.3902999999999998,3.0682,3.1907,0.1225,aaa,aaa,1,,0,1,0,1,-70.0,70.0,"[3.0442, 3.1907, 6.099, 6.2613, 6.3906, 6.5228, 6.665, 6.799, 9.7033, 9.8513, 11.0393]","[3.0986, 3.2709, 6.1686000000000005, 6.3117, 6.4252, 6.555000000000001, 6.7175, 6.8459, 9.7695, 9.9265, 11.1157]","[3.2259, 10.5723]","[3.2605, 10.6498]",0.0082,0.0086,100,0,0.5,0.0,0.0,0,0,1,0,0,10,10,0,0,0.0,0.5,LR,20.0,RT,0,0,0,1,,0.25,0.0,9.999999999976694e-05,1.0,/dev/ttyACM-Bpod6,stage_training_v6,Emma,pv_nmdar_eranet,2AFC_6,Bpod6,21,36006,21,1.8.2,021_stage_training_v6_20250610-115734,2025-06-10,11:57:46.268568,12:31:44.927306
132,0,1.0,1,0,0,0,1.0,1.0,0.0,1.0,1,2019.137232,2032.234536,13.097303999999895,2.8181000000000003,3.0972,0.2790999999999997,3.0682,3.0795000000000003,0.0113000000000003,aaa,aaa,1,,0,1,0,1,-70.0,70.0,"[1.5609000000000002, 1.7365000000000002, 3.0795000000000003, 3.3439, 3.4822]","[1.6329, 1.8214, 3.1625, 3.3985000000000003, 3.5319000000000003]",[1.7534],[1.8202],0.0082,0.0086,100,0,0.5,0.0,0.0,0,0,1,0,0,10,10,0,0,0.0,0.5,LR,20.0,RT,0,0,0,1,,0.25,0.0,9.999999999976694e-05,1.0,/dev/ttyACM-Bpod6,stage_training_v6,Emma,pv_nmdar_eranet,2AFC_6,Bpod6,21,36006,21,1.8.2,021_stage_training_v6_20250610-115734,2025-06-10,11:57:46.268568,12:31:44.927306
0,0,,1,0,0,0,1.0,,0.0,,1,0.344132,14.596835999999998,14.252704,2.8181000000000003,4.2526,1.4345,3.0764,4.243,1.1666000000000003,aaa,aaa,1,,0,1,0,1,-70.0,,"[2.0869, 2.2672000000000003, 4.243, 6.252000000000001, 8.5623, 12.0324, 12.1963, 12.3221, 12.4391, 12.563, 12.7049, 12.8524, 13.017, 13.1808, 13.3038, 13.479, 13.6817]","[2.1655, 2.3672, 4.335, 6.3426, 8.6579, 12.1042, 12.2425, 12.3543, 12.4666, 12.6147, 12.7562, 12.9017, 13.0515, 13.2094, 13.365200000000002, 13.5468, 13.7299]","[2.3506, 4.3245000000000005, 6.3303, 8.645100000000001, 13.0033, 13.1486, 13.3277, 13.683800000000002]","[2.3624, 4.3259, 6.3365, 8.6517, 13.053, 13.2123, 13.364, 13.7313]",0.0082,0.0086,100,1,0.5,0.0,0.0,0,0,1,0,0,10,10,0,0,0.0,0.5,LR,20.0,RT,0,0,0,1,,0.25,0.0,9.999999999976694e-05,1.0,/dev/ttyACM-Bpod6,stage_training_v6,Emma,pv_nmdar_eranet,2AFC_6,Bpod6,21,36006,21,1.8.2,021_stage_training_v6_20250611-114052,2025-06-11,11:41:04.898533,11:41:53.012403
1,1,0.0,0,1,0,0,0.0,1.0,0.0,1.0,1,14.608132,28.533436,13.925304,2.8206,,,3.0793,3.9156,0.8363,iaa,iaa,1,,0,0,1,1,70.0,-70.0,"[0.0917, 1.8474, 2.0748, 2.3083, 2.6076, 2.7671, 3.0654000000000003, 3.9156, 6.1463, 6.3528, 8.3206, 8.5214, 8.785, 9.8367, 12.9792, 13.173, 13.4361]","[0.1948, 1.9327, 2.1714, 2.4126000000000003, 2.6615, 2.8583000000000003, 3.1413, 4.0354, 6.2409, 6.451700000000001, 8.417200000000001, 8.6134, 8.8749, 9.9431, 13.0765, 13.2692, 13.5311]","[0.1488, 1.9092, 2.0727, 2.3979, 2.5582000000000003, 2.8457000000000003, 3.0382, 4.0088, 6.229500000000001, 6.4404, 8.6018, 8.781500000000001, 9.9238, 13.2509, 13.4272]","[0.1922, 1.9304, 2.1716, 2.4074, 2.6632, 2.8505000000000003, 3.1451, 4.0309, 6.2348, 6.4457, 8.6088, 8.8755, 9.94, 13.2653, 13.5321]",0.0082,0.0086,100,1,0.5,0.0,0.0,0,0,1,0,0,10,10,0,0,0.0,0.5,LR,20.0,RT,0,0,0,1,,0.25,0.0,9.999999999976694e-05,1.0,/dev/ttyACM-Bpod6,stage_training_v6,Emma,pv_nmdar_eranet,2AFC_6,Bpod6,21,36006,21,1.8.2,021_stage_training_v6_20250611-114052,2025-06-11,11:41:04.898533,11:41:53.012403
2,0,1.0,1,0,0,0,1.0,0.0,0.0,1.0,1,28.575332,41.694436,13.119104000000005,2.8181000000000003,3.119,0.3008999999999999,3.0764,3.1094,0.0329999999999999,aaa,aaa,1,,0,1,0,1,-70.0,70.0,"[2.1272, 2.306, 3.1094, 5.883500000000001, 6.054, 6.2034, 6.3026, 6.459300000000001, 6.667000000000001, 6.9031, 7.0762, 7.251, 7.4729, 9.6319, 13.0313]","[2.2095, 2.3947000000000003, 3.2158, 5.9712000000000005, 6.1081, 6.221500000000001, 6.365200000000001, 6.5141, 6.713500000000001, 6.955, 7.1513, 7.3232, 7.5425, 9.7126, 13.103]","[2.3805, 3.1836, 6.489, 6.6404000000000005, 6.9397, 7.4718]","[2.3899, 3.2112000000000003, 6.5116000000000005, 6.7146, 6.951300000000001, 7.5429]",0.0082,0.0086,100,1,0.5,0.0,0.0,0,0,1,0,0,10,10,0,0,0.0,0.5,LR,20.0,RT,0,0,0,1,,0.25,0.0,9.999999999976694e-05,1.0,/dev/ttyACM-Bpod6,stage_training_v6,Emma,pv_nmdar_eranet,2AFC_6,Bpod6,21,36006,21,1.8.2,021_stage_training_v6_20250611-114052,2025-06-11,11:41:04.898533,11:41:53.012403
0,0,,0,1,0,0,0.0,,1.0,,1,0.344932,13.484136,13.139204,2.8181000000000003,,,3.0764,3.1295,0.0531000000000001,aaa,aaa,1,,0,1,0,1,-70.0,,"[1.4717, 3.0385, 3.2281, 3.6009, 4.006, 4.1992, 4.3327, 4.4531, 4.5854, 4.732, 4.929600000000001, 5.5267, 5.8154, 6.1878, 6.4282, 7.9137, 8.0928, 11.3574, 11.5185]","[1.5503, 3.1423, 3.3489, 3.696, 4.1185, 4.2508, 4.3796, 4.506200000000001, 4.636, 4.795100000000001, 4.9736, 5.586600000000001, 5.9064000000000005, 6.306, 6.518400000000001, 7.987500000000001, 8.179400000000001, 11.4295, 11.5959]","[1.5374, 3.1295, 3.313, 3.6717, 4.7336, 4.9346000000000005, 6.278700000000001, 6.428, 8.1681]","[1.5457, 3.1340000000000003, 3.3465000000000003, 3.6923, 4.7965, 4.9721, 6.3015, 6.5191, 8.1746]",0.0082,0.0086,100,1,0.5,0.0,0.0,0,0,1,0,0,10,10,0,0,0.0,0.5,LR,20.0,RT,0,0,0,1,,0.25,0.0,9.999999999976694e-05,1.0,/dev/ttyACM-Bpod6,stage_training_v6,Emma,pv_nmdar_eranet,2AFC_6,Bpod6,21,36006,21,1.8.2,021_stage_training_v6_20250611-114228,2025-06-11,11:42:40.505695,11:48:02.496118
1,1,1.0,0,1,0,0,0.0,0.0,0.0,0.0,1,13.494832,26.903236,13.408404,2.8206,,,3.0793,3.3987000000000003,0.3194000000000003,iaa,iaa,1,,0,0,1,1,70.0,70.0,"[3.3987000000000003, 3.6199, 8.045200000000001, 8.2062, 8.573500000000001, 9.7868]","[3.479, 3.696, 8.1212, 8.2866, 8.6694, 9.886]","[3.4609, 3.6195, 8.273, 8.6492, 9.8647]","[3.4759, 3.6971, 8.2827, 8.6669, 9.883]",0.0082,0.0086,100,1,0.5,0.0,0.0,0,0,1,0,0,10,10,0,0,0.0,0.5,LR,20.0,RT,0,0,0,1,,0.25,0.0,9.999999999976694e-05,1.0,/dev/ttyACM-Bpod6,stage_training_v6,Emma,pv_nmdar_eranet,2AFC_6,Bpod6,21,36006,21,1.8.2,021_stage_training_v6_20250611-114228,2025-06-11,11:42:40.505695,11:48:02.496118
2,0,1.0,1,0,0,0,1.0,0.0,0.0,1.0,1,26.944832,40.046936,13.102104,2.8181000000000003,3.1020000000000003,0.2839,3.0764,3.0924,0.016,aaa,aaa,1,,0,1,0,1,-70.0,70.0,"[3.0924, 3.1078, 3.1121000000000003, 3.1181, 3.1205000000000003, 3.1237000000000004, 3.1302000000000003, 6.958900000000001, 7.1153, 7.223400000000001, 7.315300000000001, 7.440600000000001, 7.5638, 7.6878, 7.843800000000001, 12.9143, 13.047]","[3.0953, 3.1104000000000003, 3.1176000000000004, 3.1189, 3.1231, 3.1238, 3.1317, 7.03, 7.1482, 7.2433, 7.3707, 7.4869, 7.6024, 7.7357, 7.893800000000001, 12.972, 13.0995]",[],[],0.0082,0.0086,100,1,0.5,0.0,0.0,0,0,1,0,0,10,10,0,0,0.0,0.5,LR,20.0,RT,0,0,0,1,,0.25,0.0,9.999999999976694e-05,1.0,/dev/ttyACM-Bpod6,stage_training_v6,Emma,pv_nmdar_eranet,2AFC_6,Bpod6,21,36006,21,1.8.2,021_stage_training_v6_20250611-114228,2025-06-11,11:42:40.505695,11:48:02.496118
3,1,0.0,1,0,0,0,1.0,1.0,1.0,0.0,1,40.057932,53.747537,13.689604999999998,2.8206,3.6895,0.8688999999999996,3.0793,3.6799,0.6006000000000005,iaa,iaa,1,,0,0,1,1,70.0,-70.0,"[0.069, 3.6807, 3.812, 3.9566, 4.1901, 6.4257, 6.576700000000001, 8.519300000000001, 8.6974, 11.3735]","[0.1043, 3.7363, 3.8831, 4.0286, 4.2542, 6.486400000000001, 6.6538, 8.5855, 8.776900000000001, 11.4572]","[3.6799, 4.2189000000000005, 6.6328000000000005, 8.5729, 8.7377, 11.4351]","[3.7364, 4.253, 6.652500000000001, 8.5829, 8.7756, 11.4553]",0.0082,0.0086,100,1,0.5,0.0,0.0,0,0,1,0,0,10,10,0,0,0.0,0.5,LR,20.0,RT,0,0,0,1,,0.25,0.0,9.999999999976694e-05,1.0,/dev/ttyACM-Bpod6,stage_training_v6,Emma,pv_nmdar_eranet,2AFC_6,Bpod6,21,36006,21,1.8.2,021_stage_training_v6_20250611-114228,2025-06-11,11:42:40.505695,11:48:02.496118
4,0,0.0,1,0,0,0,1.0,1.0,0.0,0.0,1,53.758732,66.857036,13.098303999999995,2.8181000000000003,3.0982000000000003,0.2801,3.0764,3.0886,0.0121999999999999,aaa,aaa,1,,0,1,0,1,-70.0,-70.0,"[3.0886, 3.4728000000000003, 3.6081, 3.7236, 3.8402, 3.9666, 4.1058, 4.2433000000000005, 4.3951, 4.5578, 4.902200000000001, 5.1073, 5.378, 9.7269, 9.86, 10.0319, 10.3005, 10.4139, 10.6282, 10.8512, 11.0069, 11.1651, 11.3856, 11.5412]","[3.0935, 3.5491, 3.6608, 3.7736, 3.8932, 4.0172, 4.1436, 4.2940000000000005, 4.446000000000001, 4.6143, 4.9739, 5.1831000000000005, 5.4301, 9.7698, 9.9411, 10.1241, 10.3324, 10.5193, 10.7097, 10.9079, 11.0855, 11.2336, 11.4269, 11.6216]","[4.0082, 4.5595, 5.104900000000001, 5.4116, 9.7302, 9.9247, 10.0844, 10.2116, 10.4692, 10.691, 10.8198, 11.3535]","[4.0109, 4.615200000000001, 5.1862, 5.4272, 9.7693, 9.9375, 10.1228, 10.3342, 10.5187, 10.7072, 10.9108, 11.4295]",0.0082,0.0086,100,1,0.5,0.0,0.0,0,0,1,0,0,10,10,0,0,0.0,0.5,LR,20.0,RT,0,0,0,1,,0.25,0.0,9.999999999976694e-05,1.0,/dev/ttyACM-Bpod6,stage_training_v6,Emma,pv_nmdar_eranet,2AFC_6,Bpod6,21,36006,21,1.8.2,021_stage_training_v6_20250611-114228,2025-06-11,11:42:40.505695,11:48:02.496118
5,1,0.0,1,0,0,0,1.0,1.0,1.0,0.0,1,66.867632,79.968136,13.100504,2.8206,3.1004,0.2797999999999998,3.0793,3.0908,0.0115000000000002,iaa,iaa,1,,0,0,1,1,70.0,-70.0,"[3.4212, 3.5691, 4.4167000000000005, 4.5363, 4.8194, 5.0735, 5.2573, 5.3842, 5.5632, 5.937200000000001, 6.8958, 7.1504, 7.3364, 7.463900000000001, 8.0885, 8.6022, 8.7432, 9.0207]","[3.4897, 3.6719, 4.4295, 4.5577000000000005, 4.821400000000001, 5.1086, 5.2708, 5.4671, 5.6536, 6.011500000000001, 6.967300000000001, 7.1818, 7.350300000000001, 7.5391, 8.1796, 8.653, 8.8571, 9.0864]","[3.0908, 3.1037000000000003, 3.1179, 3.133, 3.16, 3.1888, 3.3589, 3.3697000000000004, 3.3842000000000003, 3.3938, 3.4793000000000003, 3.5644, 3.9521, 4.0562000000000005, 4.1603, 4.2751, 4.3951, 4.5151, 4.6431, 4.775, 4.9158, 5.0487, 5.2285, 5.4382, 5.627000000000001, 5.9965, 6.938000000000001, 7.087000000000001, 7.2643, 7.5143, 8.167300000000001, 8.5396, 8.844100000000001, 9.0122]","[3.0967, 3.1104000000000003, 3.1218000000000004, 3.1381, 3.1659, 3.1909, 3.3618, 3.3734, 3.3859000000000004, 3.3987000000000003, 3.486, 3.8071, 3.983, 4.0876, 4.197900000000001, 4.3154, 4.4333, 4.5605, 4.6961, 4.8264000000000005, 4.972700000000001, 5.1093, 5.2775, 5.464, 5.65, 6.0072, 6.9645, 7.1847, 7.3547, 7.5354, 8.1723, 8.6536, 8.8508, 9.0871]",0.0082,0.0086,100,1,0.5,0.0,0.0,0,0,1,0,0,10,10,0,0,0.0,0.5,LR,20.0,RT,0,0,0,1,,0.25,0.0,9.999999999976694e-05,1.0,/dev/ttyACM-Bpod6,stage_training_v6,Emma,pv_nmdar_eranet,2AFC_6,Bpod6,21,36006,21,1.8.2,021_stage_training_v6_20250611-114228,2025-06-11,11:42:40.505695,11:48:02.496118
6,0,0.0,1,0,0,0,1.0,1.0,0.0,0.0,1,79.980132,93.077936,13.097803999999995,2.8181000000000003,3.0977,0.2795999999999998,3.0764,3.0881000000000003,0.0117000000000002,aaa,aaa,1,,0,1,0,1,-70.0,-70.0,"[3.0881000000000003, 3.4351000000000003, 3.5562, 3.6612, 3.7789, 3.9036, 4.0229, 4.1869000000000005, 8.212200000000001, 8.330300000000001, 8.4763, 8.499500000000001, 8.6872, 8.799000000000001, 8.9806]","[3.0932, 3.5015, 3.6064, 3.7183, 3.8291, 3.9499, 4.0723, 4.2344, 8.2642, 8.3841, 8.479700000000001, 8.5319, 8.6988, 8.860000000000001, 9.0438]","[8.501100000000001, 8.6301, 8.850100000000001]","[8.5325, 8.703000000000001, 8.8558]",0.0082,0.0086,100,1,0.5,0.0,0.0,0,0,1,0,0,10,10,0,0,0.0,0.5,LR,20.0,RT,0,0,0,1,,0.25,0.0,9.999999999976694e-05,1.0,/dev/ttyACM-Bpod6,stage_training_v6,Emma,pv_nmdar_eranet,2AFC_6,Bpod6,21,36006,21,1.8.2,021_stage_training_v6_20250611-114228,2025-06-11,11:42:40.505695,11:48:02.496118
7,1,0.0,1,0,0,0,1.0,1.0,1.0,0.0,1,93.089432,106.189836,13.100403999999996,2.8206,3.1003000000000003,0.2797,3.0793,3.0907,0.0114,iaa,iaa,1,,0,0,1,1,70.0,-70.0,"[3.4436, 3.6448, 3.8096, 3.998, 7.314, 7.5244, 7.6591, 8.218, 8.3693, 8.5782, 12.0248, 12.1732, 12.3696]","[3.5288000000000004, 3.683, 3.8788, 4.0844000000000005, 7.3829, 7.546200000000001, 7.7251, 8.2888, 8.4303, 8.6392, 12.0862, 12.2347, 12.4369]","[3.0907, 3.515, 3.5916, 3.7774, 4.0677, 7.3554, 7.456300000000001, 7.6973, 8.5815]","[0.0813, 3.1102000000000003, 3.5214000000000003, 3.6838, 3.8811, 4.0801, 7.381, 7.5499, 7.7237, 8.6377]",0.0082,0.0086,100,1,0.5,0.0,0.0,0,0,1,0,0,10,10,0,0,0.0,0.5,LR,20.0,RT,0,0,0,1,,0.25,0.0,9.999999999976694e-05,1.0,/dev/ttyACM-Bpod6,stage_training_v6,Emma,pv_nmdar_eranet,2AFC_6,Bpod6,21,36006,21,1.8.2,021_stage_training_v6_20250611-114228,2025-06-11,11:42:40.505695,11:48:02.496118
8,0,0.0,1,0,0,0,1.0,1.0,0.0,0.0,1,106.213332,119.310136,13.096804000000004,2.8181000000000003,3.0967,0.2785999999999995,3.0764,3.0871,0.0106999999999999,aaa,aaa,1,,0,1,0,1,-70.0,-70.0,"[3.0871, 3.108, 3.6441, 3.8253, 3.9999, 4.1879, 4.3885000000000005, 4.5382, 4.6521, 4.770300000000001, 4.8948, 5.028700000000001, 5.1995000000000005, 9.6255, 9.7489, 9.8841, 10.0521, 10.1961, 10.3713, 10.525, 10.7021, 10.8838, 12.2984]","[3.0928, 3.1088, 3.73, 3.9139, 4.0929, 4.2813, 4.466200000000001, 4.5796, 4.6989, 4.820600000000001, 4.9438, 5.0779000000000005, 5.2377, 9.6869, 9.8044, 9.9396, 10.1095, 10.2504, 10.4278, 10.5848, 10.7708, 10.9408, 12.3692]","[3.8055, 4.0004, 4.2675, 9.9204]","[3.9115, 4.0904, 4.2757000000000005, 9.938]",0.0082,0.0086,100,1,0.5,0.0,0.0,0,0,1,0,0,10,10,0,0,0.0,0.5,LR,20.0,RT,0,0,0,1,,0.25,0.0,9.999999999976694e-05,1.0,/dev/ttyACM-Bpod6,stage_training_v6,Emma,pv_nmdar_eranet,2AFC_6,Bpod6,21,36006,21,1.8.2,021_stage_training_v6_20250611-114228,2025-06-11,11:42:40.505695,11:48:02.496118
9,1,0.0,0,1,0,0,0.0,1.0,0.0,1.0,1,119.320432,132.77823600000002,13.457803999999996,2.8206,,,3.0793,3.4481,0.3688000000000002,iaa,iaa,1,,0,0,1,1,70.0,-70.0,"[3.4481, 3.647, 4.550800000000001, 4.6696, 8.8857, 9.0852, 9.3605, 9.4962, 9.687, 10.1335, 10.2941, 11.2985, 11.454, 11.636, 11.8337, 12.1257, 12.3085, 12.5835, 12.6913, 12.9813, 13.1835, 13.3107]","[3.5195000000000003, 3.6609, 4.581, 4.7189000000000005, 8.9354, 9.11, 9.4053, 9.5567, 9.753, 10.1962, 10.3632, 11.3611, 11.5114, 11.6897, 11.9308, 12.1558, 12.3539, 12.5961, 12.798, 13.0159, 13.2033, 13.3982]","[3.5838, 3.7302, 3.8282, 3.9279, 4.0361, 4.1584, 4.2835, 4.4047, 4.532, 4.6891, 9.0389, 9.1785, 9.3606, 9.531, 9.7237, 11.609, 12.1053, 12.2328, 12.9643, 13.3837]","[3.6746, 3.7665, 3.862, 3.9659, 4.0834, 4.2028, 4.329000000000001, 4.4548000000000005, 4.5827, 4.7154, 9.1149, 9.2548, 9.4054, 9.5549, 9.7513, 11.6912, 12.1548, 12.3545, 13.0142, 13.3909]",0.0082,0.0086,100,1,0.5,0.0,0.0,0,0,1,0,0,10,10,0,0,0.0,0.5,LR,20.0,RT,0,0,0,1,,0.25,0.0,9.999999999976694e-05,1.0,/dev/ttyACM-Bpod6,stage_training_v6,Emma,pv_nmdar_eranet,2AFC_6,Bpod6,21,36006,21,1.8.2,021_stage_training_v6_20250611-114228,2025-06-11,11:42:40.505695,11:48:02.496118
10,0,1.0,1,0,0,0,1.0,0.0,0.0,1.0,1,132.790332,148.644236,15.853904,2.8181000000000003,5.8538000000000014,3.0357000000000003,3.0764,5.8442,2.7678,aaa,aaa,1,,0,1,0,1,-70.0,70.0,"[5.8442, 6.1272, 6.2603, 6.4878, 10.0269, 10.2505, 10.37]","[5.9444, 6.1723, 6.3628, 6.578, 10.0994, 10.2833, 10.4638]","[5.9331000000000005, 6.0319, 6.5488, 10.083, 10.1914]","[5.9347, 6.171200000000001, 6.575200000000001, 10.0937, 10.2846]",0.0082,0.0086,100,1,0.5,0.0,0.0,0,0,1,0,0,10,10,0,0,0.0,0.5,LR,20.0,RT,0,0,0,1,,0.25,0.0,9.999999999976694e-05,1.0,/dev/ttyACM-Bpod6,stage_training_v6,Emma,pv_nmdar_eranet,2AFC_6,Bpod6,21,36006,21,1.8.2,021_stage_training_v6_20250611-114228,2025-06-11,11:42:40.505695,11:48:02.496118
11,1,0.0,0,1,0,0,0.0,1.0,0.0,1.0,1,148.657232,162.19173600000005,13.534503999999998,2.8206,,,3.0793,3.5248000000000004,0.4455000000000004,iaa,iaa,1,,0,0,1,1,70.0,-70.0,"[3.5248000000000004, 3.653, 3.9224, 4.0598, 4.545, 10.07, 10.3014, 10.4496, 10.6067]","[3.5972, 3.7839, 3.9367, 4.0692, 4.571000000000001, 10.1529, 10.3292, 10.5002, 10.6861]","[3.8532, 4.0029, 4.1370000000000005, 4.267, 4.3962, 4.5294, 10.1408, 10.2306, 10.6665]","[3.9437, 4.078, 4.202100000000001, 4.323, 4.4429, 4.5728, 10.1489, 10.3315, 10.6819]",0.0082,0.0086,100,1,0.5,0.0,0.0,0,0,1,0,0,10,10,0,0,0.0,0.5,LR,20.0,RT,0,0,0,1,,0.25,0.0,9.999999999976694e-05,1.0,/dev/ttyACM-Bpod6,stage_training_v6,Emma,pv_nmdar_eranet,2AFC_6,Bpod6,21,36006,21,1.8.2,021_stage_training_v6_20250611-114228,2025-06-11,11:42:40.505695,11:48:02.496118
12,0,1.0,1,0,0,0,1.0,0.0,0.0,1.0,1,162.204732,175.639936,13.435204,2.8181000000000003,3.4351000000000003,0.617,3.0764,3.4255,0.3490999999999999,aaa,aaa,1,,0,1,0,1,-70.0,70.0,"[3.4255, 3.5634, 3.661, 3.7712, 3.8811, 3.9948, 4.1193, 4.2546, 4.405, 4.5766, 4.7461, 4.8994, 5.1576, 5.3619, 9.3498, 9.4998, 9.6965, 12.5377, 12.7695, 12.9512, 13.1007, 13.2437, 13.3792]","[3.5091, 3.6021, 3.7054, 3.8145, 3.9243, 4.0429, 4.17, 4.3056, 4.4587, 4.6497, 4.814, 4.9978, 5.1919, 5.4236, 9.4089, 9.5582, 9.7287, 12.6038, 12.8352, 13.0214, 13.1593, 13.2947]","[5.1291, 5.4048, 9.7031, 12.5844, 13.4332]","[5.194, 5.42, 9.7289, 12.6005]",0.0082,0.0086,100,1,0.5,0.0,0.0,0,0,1,0,0,10,10,0,0,0.0,0.5,LR,20.0,RT,0,0,0,1,,0.25,0.0,9.999999999976694e-05,1.0,/dev/ttyACM-Bpod6,stage_training_v6,Emma,pv_nmdar_eranet,2AFC_6,Bpod6,21,36006,21,1.8.2,021_stage_training_v6_20250611-114228,2025-06-11,11:42:40.505695,11:48:02.496118
13,1,0.0,1,0,0,0,1.0,1.0,1.0,0.0,1,175.650932,189.110936,13.460003999999998,2.8206,3.4599,0.6393,3.0793,3.4503000000000004,0.3710000000000004,iaa,iaa,1,,0,0,1,1,70.0,-70.0,"[3.4868, 3.6876, 3.8866, 4.4107, 4.5496, 4.822900000000001, 5.2258, 11.4081, 11.6387, 11.7731]","[0.0012, 3.5304, 3.733, 3.9004, 4.4532, 4.6395, 4.8527000000000005, 5.2603, 11.4886, 11.6664, 11.8409]","[3.4503000000000004, 3.6525, 3.8213, 4.3586, 4.6155, 4.7698, 5.244000000000001, 11.4759, 11.5735, 11.8297]","[3.5321, 3.7353, 3.9044, 4.4531, 4.6366000000000005, 4.8535, 5.254700000000001, 11.4835, 11.6694, 11.8344]",0.0082,0.0086,100,1,0.5,0.0,0.0,0,0,1,0,0,10,10,0,0,0.0,0.5,LR,20.0,RT,0,0,0,1,,0.25,0.0,9.999999999976694e-05,1.0,/dev/ttyACM-Bpod6,stage_training_v6,Emma,pv_nmdar_eranet,2AFC_6,Bpod6,21,36006,21,1.8.2,021_stage_training_v6_20250611-114228,2025-06-11,11:42:40.505695,11:48:02.496118
14,0,0.0,1,0,0,0,1.0,1.0,0.0,0.0,1,189.123332,202.304636,13.181303999999983,2.8181000000000003,3.1812,0.3630999999999997,3.0764,3.1716,0.0952000000000001,aaa,aaa,1,,0,1,0,1,-70.0,-70.0,"[0.2137, 3.1716, 3.3329, 3.4594, 3.5614000000000003, 3.6724, 3.7922, 3.9333, 5.5158000000000005]","[0.2282, 3.2525, 3.4029000000000003, 3.5008000000000004, 3.6103, 3.723, 3.8399, 3.9821, 5.5633]",[],[],0.0082,0.0086,100,1,0.5,0.0,0.0,0,0,1,0,0,10,10,0,0,0.0,0.5,LR,20.0,RT,0,0,0,1,,0.25,0.0,9.999999999976694e-05,1.0,/dev/ttyACM-Bpod6,stage_training_v6,Emma,pv_nmdar_eranet,2AFC_6,Bpod6,21,36006,21,1.8.2,021_stage_training_v6_20250611-114228,2025-06-11,11:42:40.505695,11:48:02.496118
15,1,0.0,0,1,0,0,0.0,1.0,0.0,1.0,1,202.316132,215.734736,13.418603999999988,2.8206,,,3.0793,3.4089,0.3296000000000001,iaa,iaa,1,,0,0,1,1,70.0,-70.0,"[3.4089, 3.5277000000000003, 3.6767, 3.8688, 4.0441, 5.5115, 9.0744, 12.331]","[3.4698, 3.6034, 3.7828, 3.9366, 4.1241, 5.5713, 9.107, 12.3797]","[3.5945, 3.6751, 4.0465]","[3.5975, 3.7827, 4.1253]",0.0082,0.0086,100,1,0.5,0.0,0.0,0,0,1,0,0,10,10,0,0,0.0,0.5,LR,20.0,RT,0,0,0,1,,0.25,0.0,9.999999999976694e-05,1.0,/dev/ttyACM-Bpod6,stage_training_v6,Emma,pv_nmdar_eranet,2AFC_6,Bpod6,21,36006,21,1.8.2,021_stage_training_v6_20250611-114228,2025-06-11,11:42:40.505695,11:48:02.496118
16,0,1.0,1,0,0,0,1.0,0.0,0.0,1.0,1,215.745532,228.844436,13.098904000000005,2.8181000000000003,3.0988,0.2806999999999999,3.0764,3.0892,0.0127999999999999,aaa,aaa,1,,0,1,0,1,-70.0,70.0,"[3.0892, 3.4445, 3.5644, 3.665, 3.7739, 3.8899, 4.0081, 4.1344, 4.2804, 4.4354000000000005, 4.5806, 4.7342, 8.7776, 8.9002, 9.0546, 9.2189, 9.2302, 9.4836, 9.6255, 9.8316, 10.0854, 12.8738]","[3.0926, 3.5113000000000003, 3.607, 3.7116, 3.8232, 3.9393, 4.0596000000000005, 4.1856, 4.339700000000001, 4.5054, 4.6469000000000005, 4.801200000000001, 8.8137, 8.9693, 9.119, 9.223, 9.2914, 9.5293, 9.7245, 9.9072, 10.1353, 12.9256]","[4.7675, 9.226, 9.23, 9.7095, 10.1204]","[4.7997000000000005, 9.2287, 9.2924, 9.7184, 10.1271]",0.0082,0.0086,100,1,0.5,0.0,0.0,0,0,1,0,0,10,10,0,0,0.0,0.5,LR,20.0,RT,0,0,0,1,,0.25,0.0,9.999999999976694e-05,1.0,/dev/ttyACM-Bpod6,stage_training_v6,Emma,pv_nmdar_eranet,2AFC_6,Bpod6,21,36006,21,1.8.2,021_stage_training_v6_20250611-114228,2025-06-11,11:42:40.505695,11:48:02.496118
17,1,0.0,0,1,0,0,0.0,1.0,0.0,1.0,1,228.855632,242.274336,13.418703999999993,2.8206,,,3.0793,3.4090000000000003,0.3297000000000003,iaa,iaa,1,,0,0,1,1,70.0,-70.0,"[3.4090000000000003, 3.5474, 3.6838, 4.623, 4.7488, 5.0561, 5.2198, 10.3668, 10.5719, 10.6692, 10.8412, 11.073, 11.8917]","[3.4847, 3.6674, 3.7672, 4.6696, 4.8015, 5.1296, 5.3014, 10.4263, 10.5957, 10.749, 10.9274, 11.138, 11.9605]","[3.6176, 3.6837, 3.8423, 3.9345, 4.032, 4.1463, 4.2565, 4.3762, 4.4979000000000005, 4.6212, 4.7916, 4.9039, 5.2735, 10.5144, 10.72, 11.1079]","[3.6606, 3.777, 3.8709, 3.9634, 4.0757, 4.1859, 4.2998, 4.4246, 4.5488, 4.6708, 4.7941, 4.9554, 5.2997000000000005, 10.5977, 10.7464, 11.1362]",0.0082,0.0086,100,1,0.5,0.0,0.0,0,0,1,0,0,10,10,0,0,0.0,0.5,LR,20.0,RT,0,0,0,1,,0.25,0.0,9.999999999976694e-05,1.0,/dev/ttyACM-Bpod6,stage_training_v6,Emma,pv_nmdar_eranet,2AFC_6,Bpod6,21,36006,21,1.8.2,021_stage_training_v6_20250611-114228,2025-06-11,11:42:40.505695,11:48:02.496118
18,0,1.0,1,0,0,0,1.0,0.0,0.0,1.0,1,242.289732,255.667836,13.378104000000008,2.8181000000000003,3.378,0.5598999999999998,3.0764,3.3684000000000003,0.2920000000000002,aaa,aaa,1,,0,1,0,1,-70.0,70.0,"[3.3684000000000003, 3.4849, 3.5815, 3.6811, 3.7851, 3.8939, 4.0388, 4.5073, 4.6665, 10.7688, 10.95, 11.0854, 11.3121]","[3.4286000000000003, 3.5256000000000003, 3.6207, 3.7225, 3.8284, 3.9456, 4.085, 4.5696, 4.7274, 10.836, 10.9917, 11.1639, 11.3698]","[3.9264, 4.0257000000000005, 10.9098, 11.1488, 11.3507]","[3.9436, 4.0863000000000005, 10.9935, 11.1588, 11.3644]",0.0082,0.0086,100,1,0.5,0.0,0.0,0,0,1,0,0,10,10,0,0,0.0,0.5,LR,20.0,RT,0,0,0,1,,0.25,0.0,9.999999999976694e-05,1.0,/dev/ttyACM-Bpod6,stage_training_v6,Emma,pv_nmdar_eranet,2AFC_6,Bpod6,21,36006,21,1.8.2,021_stage_training_v6_20250611-114228,2025-06-11,11:42:40.505695,11:48:02.496118
19,1,0.0,0,1,0,0,0.0,1.0,0.0,1.0,1,255.680032,269.100436,13.42040399999999,2.8206,,,3.0793,3.4107000000000003,0.3314000000000003,iaa,iaa,1,,0,0,1,1,70.0,-70.0,"[3.4107000000000003, 3.5466, 4.3057, 4.4352, 4.7621, 5.616700000000001, 5.775, 5.9956000000000005, 10.3211, 10.4899, 10.6501, 11.0347, 12.1267, 12.3118, 12.4411, 12.7154, 12.855300000000002, 13.1185]","[3.486, 3.652, 4.3247, 4.460500000000001, 4.8339, 5.6803, 5.839300000000001, 6.054, 10.3673, 10.5234, 10.6839, 11.0973, 12.1656, 12.3476, 12.5386, 12.7295, 12.9396, 13.1559]","[3.6222, 3.6852, 3.8139, 3.9262, 4.041300000000001, 4.1599, 4.2838, 4.4205000000000005, 4.8188, 5.9871, 10.458, 10.6176, 11.0709, 12.1496, 12.2504, 12.9237, 13.0858]","[3.6476, 3.7572, 3.8648, 3.9772, 4.0959, 4.2109000000000005, 4.3305, 4.4621, 4.8291, 6.0551, 10.5263, 10.6855, 11.0937, 12.1602, 12.3489, 12.9333, 13.1577]",0.0082,0.0086,100,1,0.5,0.0,0.0,0,0,1,0,0,10,10,0,0,0.0,0.5,LR,20.0,RT,0,0,0,1,,0.25,0.0,9.999999999976694e-05,1.0,/dev/ttyACM-Bpod6,stage_training_v6,Emma,pv_nmdar_eranet,2AFC_6,Bpod6,21,36006,21,1.8.2,021_stage_training_v6_20250611-114228,2025-06-11,11:42:40.505695,11:48:02.496118
20,0,1.0,1,0,0,0,1.0,0.0,0.0,1.0,1,269.113032,282.209536,13.096504000000039,2.8181000000000003,3.0964,0.2782999999999997,3.0764,3.0868,0.0104000000000001,aaa,aaa,1,,0,1,0,1,-70.0,70.0,"[3.0868, 3.1082, 3.4828, 3.6238, 3.7268, 3.8442, 3.9558, 4.0964, 4.2418000000000005, 9.1718, 9.2817, 9.4077, 9.5288, 9.6675, 10.0836, 10.2415, 10.3924, 10.5391, 10.745, 11.1645]","[3.0941, 3.1088, 3.5678, 3.6697, 3.7762, 3.8838, 4.003, 4.1406, 4.2869, 9.2236, 9.3334, 9.4545, 9.5718, 9.7191, 10.1402, 10.3001, 10.4622, 10.6003, 10.8097, 11.2377]",[10.7712],[10.8065],0.0082,0.0086,100,1,0.5,0.0,0.0,0,0,1,0,0,10,10,0,0,0.0,0.5,LR,20.0,RT,0,0,0,1,,0.25,0.0,9.999999999976694e-05,1.0,/dev/ttyACM-Bpod6,stage_training_v6,Emma,pv_nmdar_eranet,2AFC_6,Bpod6,21,36006,21,1.8.2,021_stage_training_v6_20250611-114228,2025-06-11,11:42:40.505695,11:48:02.496118
21,1,0.0,1,0,0,0,1.0,1.0,1.0,0.0,1,282.221132,295.321636,13.100504,2.8206,3.1004,0.2797999999999998,3.0793,3.0908,0.0115000000000002,iaa,iaa,1,,0,0,1,1,70.0,-70.0,"[3.3941000000000003, 3.599, 3.5993000000000004, 3.709, 3.8724, 4.0593, 12.0897, 12.4896]","[3.4661, 3.5991, 3.6368, 3.796, 3.9352, 4.0955, 12.137, 12.5553]","[3.0908, 3.543, 3.7084, 4.0232]","[3.0935, 3.6387, 3.7957, 4.0976]",0.0082,0.0086,100,1,0.5,0.0,0.0,0,0,1,0,0,10,10,0,0,0.0,0.5,LR,20.0,RT,0,0,0,1,,0.25,0.0,9.999999999976694e-05,1.0,/dev/ttyACM-Bpod6,stage_training_v6,Emma,pv_nmdar_eranet,2AFC_6,Bpod6,21,36006,21,1.8.2,021_stage_training_v6_20250611-114228,2025-06-11,11:42:40.505695,11:48:02.496118
22,0,0.0,1,0,0,0,1.0,1.0,0.0,0.0,1,295.332332,308.837636,13.505303999999967,2.8181000000000003,3.5052000000000003,0.6871,3.0764,3.4956,0.4192,aaa,aaa,1,,0,1,0,1,-70.0,-70.0,"[3.4956, 3.6673, 3.8717, 3.9251, 12.9591, 13.1042, 13.2282, 13.3378, 13.4572]","[3.5872, 3.7755, 3.8799, 3.9675, 13.0166, 13.1644, 13.274, 13.3848, 13.5006]","[3.732, 3.9583, 13.4885]","[3.7748, 3.9605, 13.4964]",0.0082,0.0086,100,1,0.5,0.0,0.0,0,0,1,0,0,10,10,0,0,0.0,0.5,LR,20.0,RT,0,0,0,1,,0.25,0.0,9.999999999976694e-05,1.0,/dev/ttyACM-Bpod6,stage_training_v6,Emma,pv_nmdar_eranet,2AFC_6,Bpod6,21,36006,21,1.8.2,021_stage_training_v6_20250611-114228,2025-06-11,11:42:40.505695,11:48:02.496118
0,0,,1,0,0,0,1.0,,0.0,,1,0.346031,13.501435,13.155404,2.8181000000000003,3.1553,0.3371999999999997,3.0764,3.1457,0.0693000000000001,aaa,aaa,1,,0,1,0,1,-70.0,,"[3.0172000000000003, 3.1457, 3.3858, 3.5195000000000003, 6.6673, 6.850300000000001, 6.9946, 7.2056, 8.222100000000001, 9.1093, 9.471, 10.0071]","[3.0780000000000003, 3.2229, 3.4077, 3.5938000000000003, 6.7254000000000005, 6.8776, 7.0513, 7.3314, 8.2911, 9.1536, 9.5283, 10.1055]","[3.1998, 3.3052, 3.5494000000000003, 6.8611, 7.0103, 8.1155, 8.2085, 8.6791, 9.4992, 10.0938]","[3.2204, 3.4106, 3.5925, 6.867, 7.0411, 8.1433, 8.3503, 8.691600000000001, 9.5235, 10.0962]",0.0082,0.0086,100,1,0.5,0.0,0.0,0,0,1,0,0,10,10,0,0,0.0,0.5,LR,20.0,RT,0,0,0,1,,0.25,0.0,9.999999999976694e-05,1.0,/dev/ttyACM-Bpod6,stage_training_v6,Emma,pv_nmdar_eranet,2AFC_6,Bpod6,21,36006,21,1.8.2,021_stage_training_v6_20250611-114856,2025-06-11,11:49:07.934624,12:29:19.653342
1,1,0.0,0,1,0,0,0.0,1.0,0.0,1.0,1,13.516131,27.013035,13.496904,2.8206,,,3.0793,3.4872,0.4079000000000001,iaa,iaa,1,,0,0,1,1,70.0,-70.0,"[3.4872, 3.6268, 4.0302, 8.1476, 8.302100000000001, 8.6698, 8.811, 8.9341, 9.0576, 9.184, 9.3487, 10.0172, 10.2058]","[3.5574000000000003, 3.7114, 4.1068, 8.2032, 8.368, 8.7368, 8.865, 8.9831, 9.1038, 9.2346, 9.395, 10.0927, 10.2981]","[3.6989, 4.0776, 8.336]","[3.7066, 4.1036, 8.3667]",0.0082,0.0086,100,1,0.5,0.0,0.0,0,0,1,0,0,10,10,0,0,0.0,0.5,LR,20.0,RT,0,0,0,1,,0.25,0.0,9.999999999976694e-05,1.0,/dev/ttyACM-Bpod6,stage_training_v6,Emma,pv_nmdar_eranet,2AFC_6,Bpod6,21,36006,21,1.8.2,021_stage_training_v6_20250611-114856,2025-06-11,11:49:07.934624,12:29:19.653342
2,0,1.0,1,0,0,0,1.0,0.0,0.0,1.0,1,27.065031,40.521335,13.456304,2.8181000000000003,3.4562000000000004,0.6381000000000001,3.0764,3.4466,0.3702000000000001,aaa,aaa,1,,0,1,0,1,-70.0,70.0,"[3.4466, 3.5777, 3.6788, 3.7873, 3.9011, 4.0191, 4.1839, 4.582800000000001, 10.3593, 10.4844, 10.6623, 10.88, 12.3191]","[3.5242, 3.6198, 3.7246, 3.835, 3.9477, 4.0725, 4.2176, 4.629300000000001, 10.4229, 10.5436, 10.7052, 10.9358, 12.3721]","[10.6243, 10.8802, 12.3507]","[10.7076, 10.9362, 12.3672]",0.0082,0.0086,100,1,0.5,0.0,0.0,0,0,1,0,0,10,10,0,0,0.0,0.5,LR,20.0,RT,0,0,0,1,,0.25,0.0,9.999999999976694e-05,1.0,/dev/ttyACM-Bpod6,stage_training_v6,Emma,pv_nmdar_eranet,2AFC_6,Bpod6,21,36006,21,1.8.2,021_stage_training_v6_20250611-114856,2025-06-11,11:49:07.934624,12:29:19.653342
3,1,0.0,1,0,0,0,1.0,1.0,1.0,0.0,1,40.532131,53.645835,13.113703999999998,2.8206,3.1136000000000004,0.2930000000000001,3.0793,3.104,0.0247000000000001,iaa,iaa,1,,0,0,1,1,70.0,-70.0,"[3.4170000000000003, 3.5553000000000003, 3.6158, 3.7897, 3.9836, 4.5997, 9.1145]","[3.4859, 3.5962, 3.6563, 3.8403, 4.0520000000000005, 4.696400000000001, 9.1901]","[3.104, 3.1235, 3.6261, 3.7403, 4.0295000000000005, 4.6788, 9.1773]","[3.1195, 3.1243000000000003, 3.6532, 3.843, 4.0486, 4.6897, 9.1861]",0.0082,0.0086,100,1,0.5,0.0,0.0,0,0,1,0,0,10,10,0,0,0.0,0.5,LR,20.0,RT,0,0,0,1,,0.25,0.0,9.999999999976694e-05,1.0,/dev/ttyACM-Bpod6,stage_training_v6,Emma,pv_nmdar_eranet,2AFC_6,Bpod6,21,36006,21,1.8.2,021_stage_training_v6_20250611-114856,2025-06-11,11:49:07.934624,12:29:19.653342
4,0,0.0,1,0,0,0,1.0,1.0,0.0,0.0,1,53.65823100000001,66.755535,13.097303999999996,2.8181000000000003,3.0972,0.2790999999999997,3.0764,3.0876,0.0112,aaa,aaa,1,,0,1,0,1,-70.0,-70.0,"[3.0876, 3.1073, 3.4451, 3.5759000000000003, 3.6756, 3.7843, 3.8979, 4.0106, 4.1341, 4.2743, 4.4065, 4.548900000000001, 4.708200000000001, 4.9063, 9.6713, 9.7919, 9.9655, 10.1557]","[3.0940000000000003, 3.109, 3.523, 3.6185, 3.7191, 3.8287, 3.941, 4.057, 4.1816, 4.319100000000001, 4.4534, 4.6042000000000005, 4.7685, 4.941, 9.723, 9.8492, 10.005, 10.2121]","[9.9394, 10.156]","[10.0079, 10.2117]",0.0082,0.0086,100,1,0.5,0.0,0.0,0,0,1,0,0,10,10,0,0,0.0,0.5,LR,20.0,RT,0,0,0,1,,0.25,0.0,9.999999999976694e-05,1.0,/dev/ttyACM-Bpod6,stage_training_v6,Emma,pv_nmdar_eranet,2AFC_6,Bpod6,21,36006,21,1.8.2,021_stage_training_v6_20250611-114856,2025-06-11,11:49:07.934624,12:29:19.653342
5,1,0.0,0,1,0,0,0.0,1.0,0.0,1.0,1,66.76643100000001,80.169935,13.403503999999998,2.8206,,,3.0793,3.3938,0.3145000000000002,iaa,iaa,1,,0,0,1,1,70.0,-70.0,"[3.3938, 3.5464, 3.7533, 3.8986, 8.7903, 8.951, 12.5337]","[3.4824, 3.6097, 3.7951, 3.9838, 8.8535, 9.0309, 12.5895]","[3.6754, 3.9629, 8.9839, 12.5671]","[3.7983, 3.9809, 9.0331, 12.5887]",0.0082,0.0086,100,1,0.5,0.0,0.0,0,0,1,0,0,10,10,0,0,0.0,0.5,LR,20.0,RT,0,0,0,1,,0.25,0.0,9.999999999976694e-05,1.0,/dev/ttyACM-Bpod6,stage_training_v6,Emma,pv_nmdar_eranet,2AFC_6,Bpod6,21,36006,21,1.8.2,021_stage_training_v6_20250611-114856,2025-06-11,11:49:07.934624,12:29:19.653342
6,0,1.0,1,0,0,0,1.0,0.0,0.0,1.0,1,80.18113100000002,93.280235,13.099104000000011,2.8181000000000003,3.099,0.2808999999999999,3.0764,3.0894000000000004,0.0130000000000003,aaa,aaa,1,,0,1,0,1,-70.0,70.0,"[3.0894000000000004, 3.1060000000000003, 3.4144, 3.5407, 3.6455, 3.7586, 3.8748, 3.9892, 4.123, 4.2658000000000005, 4.4167000000000005, 4.6066, 10.3693, 10.4901, 10.6124, 10.6416, 10.7997, 11.0127, 11.1631]","[3.0945, 3.1104000000000003, 3.4847, 3.5894000000000004, 3.6957, 3.8077, 3.9158, 4.0389, 4.1699, 4.3171, 4.4731000000000005, 4.6469000000000005, 10.4331, 10.5447, 10.6184, 10.6777, 10.8514, 11.0701, 11.2301]","[10.6114, 10.6251]","[10.6164, 10.6803]",0.0082,0.0086,100,1,0.5,0.0,0.0,0,0,1,0,0,10,10,0,0,0.0,0.5,LR,20.0,RT,0,0,0,1,,0.25,0.0,9.999999999976694e-05,1.0,/dev/ttyACM-Bpod6,stage_training_v6,Emma,pv_nmdar_eranet,2AFC_6,Bpod6,21,36006,21,1.8.2,021_stage_training_v6_20250611-114856,2025-06-11,11:49:07.934624,12:29:19.653342
7,1,0.0,1,0,0,0,1.0,1.0,1.0,0.0,1,93.295431,106.394335,13.098904000000005,2.8206,3.0988,0.2782,3.0793,3.0892,0.0099,iaa,iaa,1,,0,0,1,1,70.0,-70.0,"[3.4295, 3.5739, 3.6616, 3.8119, 3.9212, 4.1192, 9.392, 9.5403, 9.5757, 9.7152]","[3.5021, 3.5777, 3.6989, 3.8233, 4.0059000000000005, 4.1805, 9.4503, 9.5415, 9.6183, 9.7948]","[3.0892, 3.0995000000000004, 3.1169, 3.1441000000000003, 3.1691000000000003, 3.21, 3.3429, 3.3585000000000003, 3.3687, 3.3835]","[3.0961000000000003, 3.1124, 3.1396, 3.1670000000000003, 3.2096, 3.3404000000000003, 3.3520000000000003, 3.3666, 3.3791]",0.0082,0.0086,100,1,0.5,0.0,0.0,0,0,1,0,0,10,10,0,0,0.0,0.5,LR,20.0,RT,0,0,0,1,,0.25,0.0,9.999999999976694e-05,1.0,/dev/ttyACM-Bpod6,stage_training_v6,Emma,pv_nmdar_eranet,2AFC_6,Bpod6,21,36006,21,1.8.2,021_stage_training_v6_20250611-114856,2025-06-11,11:49:07.934624,12:29:19.653342
8,0,0.0,0,1,0,0,0.0,1.0,1.0,1.0,1,106.406031,119.502035,13.096004000000008,2.8181000000000003,,,3.0764,3.0863,0.0099,aaa,aaa,1,,0,1,0,1,-70.0,-70.0,"[3.0881000000000003, 3.4356, 3.5563, 3.6473, 3.7507, 3.8584, 3.969, 4.0943000000000005, 4.234100000000001, 4.402200000000001, 4.615, 5.6291, 6.1009, 13.0248]","[3.0922, 3.4995000000000003, 3.5932000000000004, 3.6917, 3.7946, 3.9013, 4.0143, 4.1436, 4.2857, 4.4699, 4.694500000000001, 5.6909, 6.1443, 13.0828]","[0.0342, 0.0573, 0.0723, 0.0999, 0.1282, 0.1536, 0.2173, 0.2472, 0.2967, 0.3073, 0.3364, 0.3616, 3.0863, 3.0961000000000003, 3.1202, 3.1464000000000003, 3.1553, 3.1703, 3.1806, 3.1909, 3.1984000000000004, 3.2116, 3.222, 3.2337, 3.2415000000000003, 3.2513, 3.2657000000000003, 3.2767, 3.2892, 3.2918000000000003, 3.2950000000000004, 3.3071, 3.3098, 3.3160000000000003, 3.3414, 3.3572, 3.3667, 3.3835, 3.3916, 3.41, 3.4205, 3.4499, 3.4619, 3.4786, 3.5003, 3.8019, 4.0285, 4.029100000000001, 4.0654, 4.0656, 4.1267000000000005, 4.3338, 4.4353, 4.4747, 4.5404, 4.540900000000001, 4.5446, 4.554, 4.5628, 4.7404, 4.7751, 4.7761000000000005, 4.777200000000001, 4.7801, 4.7803, 4.7812, 4.782500000000001, 4.7845, 4.808, 4.8100000000000005, 4.810700000000001, 4.8136, 5.1429, 5.6195, 5.7027, 6.0465, 6.0476, 6.061, 6.0779000000000005, 6.0787, 6.0812, 6.0991, 6.239400000000001, 6.2488, 6.4779, 6.4834000000000005, 12.9781, 13.0278, 13.028, 13.0922, 13.0928]","[0.0277, 0.0528, 0.0627, 0.0914, 0.1182, 0.1491, 0.2161, 0.247, 0.2941, 0.3048, 0.3285, 0.3572, 3.0804, 3.0923000000000003, 3.1096000000000004, 3.1382000000000003, 3.1535, 3.1642, 3.1766, 3.1894, 3.1981, 3.2066000000000003, 3.2184000000000004, 3.2315, 3.2389, 3.2498, 3.2603, 3.2723, 3.2848, 3.2907, 3.293, 3.2963, 3.3089, 3.3107, 3.3367, 3.3477, 3.3614, 3.375, 3.3857000000000004, 3.4044000000000003, 3.4169, 3.4439, 3.4613, 3.4699, 3.5, 3.8014, 4.0229, 4.028700000000001, 4.0633, 4.0655, 4.1108, 4.325, 4.4198, 4.474600000000001, 4.498600000000001, 4.5406, 4.5439, 4.545100000000001, 4.5542, 4.7398, 4.7686, 4.7753000000000005, 4.777, 4.7798, 4.780200000000001, 4.7805, 4.7818000000000005, 4.7833000000000006, 4.7927, 4.8082, 4.8102, 4.8115000000000006, 4.8137, 5.1456, 5.7022, 5.7108, 6.0468, 6.0609, 6.0623000000000005, 6.078, 6.0804, 6.084300000000001, 6.1496, 6.248, 6.2519, 6.482600000000001, 6.4869, 12.9785, 13.0279, 13.0853, 13.0926]",0.0082,0.0086,100,1,0.5,0.0,0.0,0,0,1,0,0,10,10,0,0,0.0,0.5,LR,20.0,RT,0,0,0,1,,0.25,0.0,9.999999999976694e-05,1.0,/dev/ttyACM-Bpod6,stage_training_v6,Emma,pv_nmdar_eranet,2AFC_6,Bpod6,21,36006,21,1.8.2,021_stage_training_v6_20250611-114856,2025-06-11,11:49:07.934624,12:29:19.653342
9,1,1.0,1,0,0,0,1.0,0.0,1.0,1.0,1,119.515531,132.627235,13.111704000000017,2.8206,3.1116,0.2909999999999999,3.0793,3.1020000000000003,0.0227000000000003,iaa,iaa,1,,0,0,1,1,70.0,70.0,"[0.0464, 3.415, 3.5363, 5.231800000000001, 5.3352, 5.6542, 5.9571000000000005, 6.1902, 6.320200000000001, 6.5648, 6.7348, 6.9644, 7.161700000000001, 7.2759, 12.5609, 12.7378, 12.8752, 13.0994]","[0.1095, 3.4731, 3.6179, 5.2612000000000005, 5.3784, 5.6727, 5.9584, 6.2301, 6.3836, 6.5906, 6.7808, 6.9878, 7.166, 7.353800000000001, 12.6333, 12.8006, 12.945]","[0.0187, 0.0262, 0.1192, 0.1472, 0.1763, 0.2032, 0.2122, 0.2415, 0.266, 0.2712, 0.2974, 0.3067, 0.336, 0.3628, 0.3918, 3.1020000000000003, 3.3094, 3.3231, 3.3714, 3.3843, 3.79, 3.9091, 4.0145, 4.1224, 4.2347, 4.3467, 4.4607, 4.5826, 4.71, 4.8269, 4.9533000000000005, 5.0921, 5.221900000000001, 5.3358, 5.475700000000001, 5.6121, 5.7549, 5.899500000000001, 6.0293, 6.1696, 6.348, 6.5709, 6.7081, 6.8849, 7.1452, 7.330900000000001, 12.2964, 12.4194, 12.6, 12.9224]","[0.0135, 0.0256, 0.11, 0.1364, 0.1646, 0.1952, 0.2076, 0.2319, 0.2619, 0.2679, 0.2907, 0.3022, 0.3226, 0.3536, 0.3876, 3.1011, 3.3071, 3.3209, 3.3685, 3.3816, 3.7696, 3.7935, 3.9498, 4.0461, 4.1534, 4.2642, 4.3819, 4.500100000000001, 4.6174, 4.748600000000001, 4.870900000000001, 5.0016, 5.1319, 5.2625, 5.3776, 5.516, 5.675800000000001, 5.8278, 5.9633, 6.0947000000000005, 6.2344, 6.3821, 6.587000000000001, 6.7831, 6.9912, 7.170400000000001, 7.3495, 12.3226, 12.4862, 12.6312, 12.9429]",0.0082,0.0086,100,1,0.5,0.0,0.0,0,0,1,0,0,10,10,0,0,0.0,0.5,LR,20.0,RT,0,0,0,1,,0.25,0.0,9.999999999976694e-05,1.0,/dev/ttyACM-Bpod6,stage_training_v6,Emma,pv_nmdar_eranet,2AFC_6,Bpod6,21,36006,21,1.8.2,021_stage_training_v6_20250611-114856,2025-06-11,11:49:07.934624,12:29:19.653342
10,0,0.0,1,0,0,0,1.0,1.0,0.0,0.0,1,132.643231,146.005135,13.36190400000001,2.8181000000000003,3.3618,0.5436999999999999,3.0764,3.3522000000000003,0.2758000000000002,aaa,aaa,1,,0,1,0,1,-70.0,-70.0,"[3.3522000000000003, 3.4832, 3.6047, 3.7157, 3.8452, 3.9893, 4.5261000000000005, 4.7131, 9.0826, 9.2132, 9.4336, 9.6136, 9.8019, 9.9871, 10.1055, 10.339, 10.5412]","[0.0405, 3.4204000000000003, 3.5375, 3.6512, 3.7678, 3.8938, 4.0416, 4.5754, 4.7874, 9.143, 9.2797, 9.4621, 9.631, 9.8218, 10.0148, 10.1911, 10.3683, 10.602]","[0.0295, 4.0087, 4.7648, 9.3808, 9.5462, 9.8067, 9.9965, 10.1745, 10.2945]","[0.0328, 4.0411, 4.7823, 9.4652, 9.6363, 9.8211, 10.014, 10.1857, 10.3705]",0.0082,0.0086,100,1,0.5,0.0,0.0,0,0,1,0,0,10,10,0,0,0.0,0.5,LR,20.0,RT,0,0,0,1,,0.25,0.0,9.999999999976694e-05,1.0,/dev/ttyACM-Bpod6,stage_training_v6,Emma,pv_nmdar_eranet,2AFC_6,Bpod6,21,36006,21,1.8.2,021_stage_training_v6_20250611-114856,2025-06-11,11:49:07.934624,12:29:19.653342
11,1,0.0,1,0,0,0,1.0,1.0,1.0,0.0,1,146.016331,159.125335,13.109004,2.8206,3.1089,0.2883,3.0793,3.0993,0.02,iaa,iaa,1,,0,0,1,1,70.0,-70.0,"[3.4458, 3.5772000000000004, 3.733, 3.8426, 3.8945, 4.0754, 4.304600000000001, 9.0542, 9.2554, 9.4449, 9.9057, 10.0167]","[3.5109000000000004, 3.7058, 3.7593, 3.857, 3.9393, 4.1587000000000005, 4.3688, 9.1132, 9.2928, 9.4549, 9.9288, 10.0612]","[3.0993, 3.0996, 3.104, 3.6523, 3.9307, 4.3048, 9.236, 9.3653, 9.5263, 9.6425, 9.7586, 9.8801, 10.0162]","[3.0995000000000004, 3.1001000000000003, 3.1066000000000003, 3.7559, 3.9358, 4.367900000000001, 9.2943, 9.462, 9.5793, 9.6959, 9.8127, 9.9331, 10.0616]",0.0082,0.0086,100,1,0.5,0.0,0.0,0,0,1,0,0,10,10,0,0,0.0,0.5,LR,20.0,RT,0,0,0,1,,0.25,0.0,9.999999999976694e-05,1.0,/dev/ttyACM-Bpod6,stage_training_v6,Emma,pv_nmdar_eranet,2AFC_6,Bpod6,21,36006,21,1.8.2,021_stage_training_v6_20250611-114856,2025-06-11,11:49:07.934624,12:29:19.653342
12,0,0.0,1,0,0,0,1.0,1.0,0.0,0.0,1,159.136831,172.555635,13.418803999999994,2.8181000000000003,3.4187000000000003,0.6006,3.0764,3.4091,0.3327,aaa,aaa,1,,0,1,0,1,-70.0,-70.0,"[3.4091, 3.5319000000000003, 3.6317, 3.7484, 3.8732, 4.0223, 4.4062, 4.5423, 4.7057, 4.7398, 4.8869, 7.9238, 8.086400000000001, 8.3224, 8.4992]","[3.4794, 3.577, 3.6886, 3.797, 3.9234, 4.075, 4.472300000000001, 4.6113, 4.7091, 4.7781, 4.9523, 7.966200000000001, 8.17, 8.3598, 8.5787]","[3.9094, 4.7525, 7.9435, 8.1437, 8.3193, 8.5556]","[3.9189, 4.7759, 7.9632, 8.1643, 8.3598, 8.5733]",0.0082,0.0086,100,1,0.5,0.0,0.0,0,0,1,0,0,10,10,0,0,0.0,0.5,LR,20.0,RT,0,0,0,1,,0.25,0.0,9.999999999976694e-05,1.0,/dev/ttyACM-Bpod6,stage_training_v6,Emma,pv_nmdar_eranet,2AFC_6,Bpod6,21,36006,21,1.8.2,021_stage_training_v6_20250611-114856,2025-06-11,11:49:07.934624,12:29:19.653342
13,1,0.0,0,1,0,0,0.0,1.0,0.0,1.0,1,172.571231,186.000235,13.429003999999996,2.8206,,,3.0793,3.4193,0.3400000000000003,iaa,iaa,1,,0,0,1,1,70.0,-70.0,"[3.4193, 3.5414000000000003, 3.7445, 3.902, 4.2073, 4.8986, 5.136900000000001, 5.3139]","[3.4824, 3.6493, 3.7513, 3.9275, 4.2883, 4.956, 5.191800000000001, 5.3954]","[3.624, 3.6811, 3.8233, 4.2759, 4.9189, 5.3586]","[3.6439, 3.755, 3.9285, 4.280600000000001, 4.9514000000000005, 5.3941]",0.0082,0.0086,100,1,0.5,0.0,0.0,0,0,1,0,0,10,10,0,0,0.0,0.5,LR,20.0,RT,0,0,0,1,,0.25,0.0,9.999999999976694e-05,1.0,/dev/ttyACM-Bpod6,stage_training_v6,Emma,pv_nmdar_eranet,2AFC_6,Bpod6,21,36006,21,1.8.2,021_stage_training_v6_20250611-114856,2025-06-11,11:49:07.934624,12:29:19.653342
14,0,1.0,1,0,0,0,1.0,0.0,0.0,1.0,1,186.013231,199.437035,13.423804000000017,2.8181000000000003,3.4237,0.6055999999999999,3.0764,3.4141000000000004,0.3377000000000003,aaa,aaa,1,,0,1,0,1,-70.0,70.0,"[3.4141000000000004, 3.5465, 3.6517, 3.7563, 3.8658, 3.979, 4.1033, 4.2388, 4.3722, 4.5308, 4.699, 5.214, 11.3759, 11.5227, 11.5468, 11.8901, 12.0098, 12.1872]","[3.488, 3.5949, 3.6938, 3.7993, 3.9099, 4.0284, 4.1516, 4.2940000000000005, 4.4407000000000005, 4.5951, 4.7647, 5.282, 11.4319, 11.5265, 11.5898, 11.8968, 12.0409, 12.2404]","[4.6968000000000005, 11.5461, 11.6739, 11.8225, 12.0158, 12.1933]","[4.766, 11.5922, 11.7537, 11.903, 12.039, 12.2383]",0.0082,0.0086,100,1,0.5,0.0,0.0,0,0,1,0,0,10,10,0,0,0.0,0.5,LR,20.0,RT,0,0,0,1,,0.25,0.0,9.999999999976694e-05,1.0,/dev/ttyACM-Bpod6,stage_training_v6,Emma,pv_nmdar_eranet,2AFC_6,Bpod6,21,36006,21,1.8.2,021_stage_training_v6_20250611-114856,2025-06-11,11:49:07.934624,12:29:19.653342
15,1,0.0,0,1,0,0,0.0,1.0,0.0,1.0,1,199.448331,212.940335,13.492004000000007,2.8206,,,3.0793,3.4823,0.403,iaa,iaa,1,,0,0,1,1,70.0,-70.0,"[3.4823, 3.727, 3.8907, 4.0054, 4.3339, 8.918800000000001, 9.0659, 9.2892, 9.4751, 9.4966, 9.6837, 11.0362, 11.2464, 11.4648]","[3.5561000000000003, 3.7467, 3.9089, 4.0901000000000005, 4.4049000000000005, 8.9821, 9.1385, 9.3171, 9.4794, 9.5257, 9.7476, 11.085, 11.3184, 11.5445]","[3.7231, 3.9039, 4.0717, 4.3373, 9.1178, 9.2434, 9.4651, 9.7341, 11.523]","[3.7435, 3.9062, 4.0849, 4.4043, 9.1355, 9.3203, 9.5295, 9.7428, 11.5406]",0.0082,0.0086,100,1,0.5,0.0,0.0,0,0,1,0,0,10,10,0,0,0.0,0.5,LR,20.0,RT,0,0,0,1,,0.25,0.0,9.999999999976694e-05,1.0,/dev/ttyACM-Bpod6,stage_training_v6,Emma,pv_nmdar_eranet,2AFC_6,Bpod6,21,36006,21,1.8.2,021_stage_training_v6_20250611-114856,2025-06-11,11:49:07.934624,12:29:19.653342
16,0,1.0,1,0,0,0,1.0,0.0,0.0,1.0,1,212.951931,226.425835,13.473904000000005,2.8181000000000003,3.4738,0.6557,3.0764,3.4642,0.3877999999999999,aaa,aaa,1,,0,1,0,1,-70.0,70.0,"[3.4642, 3.58, 3.6852, 3.7971, 3.9239, 4.0721, 4.2073, 4.8959, 6.316000000000001, 6.4764, 8.865400000000001, 9.0516]","[3.5250000000000004, 3.6295, 3.7361, 3.8459, 3.9713, 4.0968, 4.2453, 4.9488, 6.3782000000000005, 6.5435, 8.927800000000001, 9.1145]","[4.2243, 9.0544]","[4.2339, 9.1152]",0.0082,0.0086,100,1,0.5,0.0,0.0,0,0,1,0,0,10,10,0,0,0.0,0.5,LR,20.0,RT,0,0,0,1,,0.25,0.0,9.999999999976694e-05,1.0,/dev/ttyACM-Bpod6,stage_training_v6,Emma,pv_nmdar_eranet,2AFC_6,Bpod6,21,36006,21,1.8.2,021_stage_training_v6_20250611-114856,2025-06-11,11:49:07.934624,12:29:19.653342
17,1,0.0,0,1,0,0,0.0,1.0,0.0,1.0,1,226.437031,239.879435,13.442404000000007,2.8206,,,3.0793,3.4327,0.3534000000000001,iaa,iaa,1,,0,0,1,1,70.0,-70.0,"[3.4327, 3.5747, 3.6445, 3.7978, 4.4829, 4.7302, 4.7388, 5.0228, 5.210100000000001, 5.3261, 8.4778, 8.6524, 8.6686, 9.1333]","[3.5056000000000003, 3.5831, 3.6784, 3.8366, 4.502800000000001, 4.7328, 4.773000000000001, 5.0824, 5.2339, 5.397, 8.5309, 8.6564, 8.7066, 9.1703]","[3.5732000000000004, 3.5885, 3.763, 3.9091, 4.0152, 4.1222, 4.2378, 4.3447000000000005, 4.4619, 4.5864, 4.7264, 5.169300000000001, 8.6518, 8.820500000000001, 8.9625, 9.1271]","[3.5785, 3.678, 3.8473, 3.9494, 4.053100000000001, 4.163, 4.2734000000000005, 4.3886, 4.5076, 4.6349, 4.7752, 5.2352, 8.708, 8.889000000000001, 9.0254, 9.1713]",0.0082,0.0086,100,1,0.5,0.0,0.0,0,0,1,0,0,10,10,0,0,0.0,0.5,LR,20.0,RT,0,0,0,1,,0.25,0.0,9.999999999976694e-05,1.0,/dev/ttyACM-Bpod6,stage_training_v6,Emma,pv_nmdar_eranet,2AFC_6,Bpod6,21,36006,21,1.8.2,021_stage_training_v6_20250611-114856,2025-06-11,11:49:07.934624,12:29:19.653342
18,0,1.0,1,0,0,0,1.0,0.0,0.0,1.0,1,239.890631,252.988635,13.098003999999973,2.8181000000000003,3.0979,0.2797999999999998,3.0764,3.0883000000000003,0.0119000000000002,aaa,aaa,1,,0,1,0,1,-70.0,70.0,"[3.0883000000000003, 3.4588, 3.5718, 3.6716, 3.7766, 3.8877, 4.0113, 4.167800000000001, 4.3096000000000005, 4.4613000000000005, 4.619800000000001, 4.7654000000000005, 7.867800000000001, 7.9958]","[3.0926, 3.5130000000000003, 3.6148, 3.7161, 3.8212, 3.9389, 4.0632, 4.220000000000001, 4.3657, 4.5112000000000005, 4.6725, 4.8121, 7.918900000000001, 8.0516]",[4.0364],[4.0608],0.0082,0.0086,100,1,0.5,0.0,0.0,0,0,1,0,0,10,10,0,0,0.0,0.5,LR,20.0,RT,0,0,0,1,,0.25,0.0,9.999999999976694e-05,1.0,/dev/ttyACM-Bpod6,stage_training_v6,Emma,pv_nmdar_eranet,2AFC_6,Bpod6,21,36006,21,1.8.2,021_stage_training_v6_20250611-114856,2025-06-11,11:49:07.934624,12:29:19.653342
19,1,0.0,1,0,0,0,1.0,1.0,1.0,0.0,1,253.003831,266.103135,13.099304000000016,2.8206,3.0992,0.2785999999999999,3.0793,3.0896000000000003,0.0103000000000004,iaa,iaa,1,,0,0,1,1,70.0,-70.0,"[0.0799, 3.4178, 3.6197, 3.7687, 3.9426, 11.3707]","[0.1223, 3.483, 3.6519, 3.8111, 4.0026, 11.427]","[3.0896000000000003, 3.5593000000000004, 3.5752, 3.794, 3.94]","[3.1052, 3.5683, 3.6546, 3.8079, 4.0049]",0.0082,0.0086,100,1,0.5,0.0,0.0,0,0,1,0,0,10,10,0,0,0.0,0.5,LR,20.0,RT,0,0,0,1,,0.25,0.0,9.999999999976694e-05,1.0,/dev/ttyACM-Bpod6,stage_training_v6,Emma,pv_nmdar_eranet,2AFC_6,Bpod6,21,36006,21,1.8.2,021_stage_training_v6_20250611-114856,2025-06-11,11:49:07.934624,12:29:19.653342
20,0,0.0,1,0,0,0,1.0,1.0,0.0,0.0,1,266.119331,279.21783500000004,13.098503999999993,2.8181000000000003,3.0984000000000003,0.2803,3.0764,3.0888,0.0123999999999999,aaa,aaa,1,,0,1,0,1,-70.0,-70.0,"[3.0888, 3.4516, 3.5846, 3.6895, 3.7943, 3.9056, 4.0284, 4.155600000000001, 4.2803, 4.4383, 4.5849, 4.748600000000001, 11.6157, 11.7284, 11.8571, 12.0294]","[3.0900000000000003, 3.5271000000000003, 3.6314, 3.7307, 3.835, 3.9494, 4.071000000000001, 4.194100000000001, 4.3260000000000005, 4.4901, 4.6502, 4.8269, 11.6642, 11.7833, 11.9077, 12.0535]",[12.0304],[12.0527],0.0082,0.0086,100,1,0.5,0.0,0.0,0,0,1,0,0,10,10,0,0,0.0,0.5,LR,20.0,RT,0,0,0,1,,0.25,0.0,9.999999999976694e-05,1.0,/dev/ttyACM-Bpod6,stage_training_v6,Emma,pv_nmdar_eranet,2AFC_6,Bpod6,21,36006,21,1.8.2,021_stage_training_v6_20250611-114856,2025-06-11,11:49:07.934624,12:29:19.653342
21,1,0.0,0,1,0,0,0.0,1.0,0.0,1.0,1,279.22943100000003,292.616135,13.386704000000007,2.8206,,,3.0793,3.377,0.2977000000000003,iaa,iaa,1,,0,0,1,1,70.0,-70.0,"[3.377, 3.508, 3.6932, 5.0647, 5.3978, 5.5365, 5.5609, 10.6003, 11.143, 11.2645]","[3.439, 3.5765, 3.7157, 5.0811, 5.4192, 5.5396, 5.6042000000000005, 10.6427, 11.1717, 11.3169]","[3.559, 3.6442, 3.7894, 3.8825, 3.9815, 4.0853, 4.1974, 4.3199000000000005, 4.4531, 5.5922, 10.7378, 10.8771, 10.9956, 11.1327]","[3.5747, 3.7292, 3.8185, 3.9112, 4.0157, 4.126, 4.2401, 4.3634, 4.4990000000000006, 5.5978, 10.8037, 10.9299, 11.0492, 11.1725]",0.0082,0.0086,100,1,0.5,0.0,0.0,0,0,1,0,0,10,10,0,0,0.0,0.5,LR,20.0,RT,0,0,0,1,,0.25,0.0,9.999999999976694e-05,1.0,/dev/ttyACM-Bpod6,stage_training_v6,Emma,pv_nmdar_eranet,2AFC_6,Bpod6,21,36006,21,1.8.2,021_stage_training_v6_20250611-114856,2025-06-11,11:49:07.934624,12:29:19.653342
22,0,1.0,1,0,0,0,1.0,0.0,0.0,1.0,1,292.6291310000001,305.998535,13.369404000000033,2.8181000000000003,3.3693,0.5511999999999997,3.0764,3.3597,0.2833000000000001,aaa,aaa,1,,0,1,0,1,-70.0,70.0,"[3.3597, 3.4761, 3.5809, 3.7024, 4.1525, 4.305400000000001, 5.426200000000001, 5.6808000000000005, 6.351500000000001]","[3.4207, 3.5243, 3.6344, 3.7562, 4.2155000000000005, 4.3747, 5.4844, 5.7386, 6.4642]",[3.7341],[3.7521],0.0082,0.0086,100,1,0.5,0.0,0.0,0,0,1,0,0,10,10,0,0,0.0,0.5,LR,20.0,RT,0,0,0,1,,0.25,0.0,9.999999999976694e-05,1.0,/dev/ttyACM-Bpod6,stage_training_v6,Emma,pv_nmdar_eranet,2AFC_6,Bpod6,21,36006,21,1.8.2,021_stage_training_v6_20250611-114856,2025-06-11,11:49:07.934624,12:29:19.653342
23,1,0.0,0,1,0,0,0.0,1.0,0.0,1.0,1,306.009531,319.4796350000001,13.470103999999992,2.8206,,,3.0793,3.4604000000000004,0.3811000000000004,iaa,iaa,1,,0,0,1,1,70.0,-70.0,"[3.4604000000000004, 3.5823, 3.7847, 4.2423, 4.2573, 5.2113000000000005, 11.8211, 11.9847]","[3.5163, 3.6571, 3.7981, 4.244800000000001, 4.2799000000000005, 5.2689, 11.8598, 12.0174]","[3.6357, 3.7208, 3.8663, 3.9867, 4.109, 4.238700000000001, 11.8313, 11.9863]","[3.6547, 3.805, 3.925, 4.0415, 4.1603, 4.284800000000001, 11.8593, 12.0182]",0.0082,0.0086,100,1,0.5,0.0,0.0,0,0,1,0,0,10,10,0,0,0.0,0.5,LR,20.0,RT,0,0,0,1,,0.25,0.0,9.999999999976694e-05,1.0,/dev/ttyACM-Bpod6,stage_training_v6,Emma,pv_nmdar_eranet,2AFC_6,Bpod6,21,36006,21,1.8.2,021_stage_training_v6_20250611-114856,2025-06-11,11:49:07.934624,12:29:19.653342
24,0,1.0,1,0,0,0,1.0,0.0,0.0,1.0,1,319.490731,332.923135,13.43240400000002,2.8181000000000003,3.4323,0.6141999999999999,3.0764,3.4227000000000003,0.3463000000000003,aaa,aaa,1,,0,1,0,1,-70.0,70.0,"[3.4227000000000003, 3.5374000000000003, 3.6416, 4.0384, 4.1953000000000005, 8.9585, 9.5497, 9.6314, 9.7239, 9.7831, 9.8442, 9.9786, 12.0415, 12.1858, 12.6532]","[3.4816000000000003, 3.5825, 3.6897, 4.0917, 4.2451, 9.0702, 9.5572, 9.6409, 9.7781, 9.8257, 9.855, 10.0676, 12.1089, 12.2532, 12.7405]","[3.6705, 3.7643, 3.8987, 4.049300000000001, 9.7254, 9.9958]","[3.6886, 3.8219, 3.9524, 4.0907, 9.7613, 10.0654]",0.0082,0.0086,100,1,0.5,0.0,0.0,0,0,1,0,0,10,10,0,0,0.0,0.5,LR,20.0,RT,0,0,0,1,,0.25,0.0,9.999999999976694e-05,1.0,/dev/ttyACM-Bpod6,stage_training_v6,Emma,pv_nmdar_eranet,2AFC_6,Bpod6,21,36006,21,1.8.2,021_stage_training_v6_20250611-114856,2025-06-11,11:49:07.934624,12:29:19.653342
25,1,0.0,0,1,0,0,0.0,1.0,0.0,1.0,1,332.943231,346.45743500000015,13.51420399999995,2.8206,,,3.0793,3.5045,0.4252000000000002,iaa,iaa,1,,0,0,1,1,70.0,-70.0,"[3.5045, 3.7149, 3.8103, 4.030600000000001, 8.0571, 8.1758, 8.3594, 8.5274, 8.6308, 8.961]","[3.5778000000000003, 3.7306, 3.9026, 4.0853, 8.1094, 8.232000000000001, 8.3818, 8.5326, 8.7001, 9.0393]","[3.6846, 3.8852, 4.0525, 8.3216, 8.463700000000001, 8.667200000000001, 9.0186]","[3.7324, 3.8986, 4.081, 8.386000000000001, 8.540000000000001, 8.6983, 9.0342]",0.0082,0.0086,100,1,0.5,0.0,0.0,0,0,1,0,0,10,10,0,0,0.0,0.5,LR,20.0,RT,0,0,0,1,,0.25,0.0,9.999999999976694e-05,1.0,/dev/ttyACM-Bpod6,stage_training_v6,Emma,pv_nmdar_eranet,2AFC_6,Bpod6,21,36006,21,1.8.2,021_stage_training_v6_20250611-114856,2025-06-11,11:49:07.934624,12:29:19.653342
26,0,1.0,1,0,0,0,1.0,0.0,0.0,1.0,1,346.467831,359.927335,13.459504000000038,2.8181000000000003,3.4594,0.6412999999999998,3.0764,3.4498,0.3734000000000002,aaa,aaa,1,,0,1,0,1,-70.0,70.0,"[3.4498, 3.5708, 3.6739, 3.7806, 3.8978, 4.028700000000001, 4.506600000000001]","[3.5138000000000003, 3.6125, 3.7188, 3.8247, 3.9428, 4.064900000000001, 4.5609]",[],[],0.0082,0.0086,100,1,0.5,0.0,0.0,0,0,1,0,0,10,10,0,0,0.0,0.5,LR,20.0,RT,0,0,0,1,,0.25,0.0,9.999999999976694e-05,1.0,/dev/ttyACM-Bpod6,stage_training_v6,Emma,pv_nmdar_eranet,2AFC_6,Bpod6,21,36006,21,1.8.2,021_stage_training_v6_20250611-114856,2025-06-11,11:49:07.934624,12:29:19.653342
27,1,0.0,1,0,0,0,1.0,1.0,1.0,0.0,1,359.93913100000015,373.057335,13.118204000000048,2.8206,3.1181,0.2974999999999999,3.0793,3.1085000000000003,0.0292000000000003,iaa,iaa,1,,0,0,1,1,70.0,-70.0,"[3.386, 3.4278, 3.641, 5.243]","[3.4273, 3.4798, 3.6536, 5.2888]","[3.1085000000000003, 3.116, 3.4595, 3.5723000000000003, 3.7323, 3.8515, 4.0338, 5.241700000000001]","[3.1142000000000003, 3.1185, 3.478, 3.6631, 3.7902, 3.9081, 4.0401, 5.2907]",0.0082,0.0086,100,1,0.5,0.0,0.0,0,0,1,0,0,10,10,0,0,0.0,0.5,LR,20.0,RT,0,0,0,1,,0.25,0.0,9.999999999976694e-05,1.0,/dev/ttyACM-Bpod6,stage_training_v6,Emma,pv_nmdar_eranet,2AFC_6,Bpod6,21,36006,21,1.8.2,021_stage_training_v6_20250611-114856,2025-06-11,11:49:07.934624,12:29:19.653342
28,0,0.0,1,0,0,0,1.0,1.0,0.0,0.0,1,373.068231,386.167735,13.099503999999964,2.8181000000000003,3.0994,0.2812999999999999,3.0764,3.0898000000000003,0.0134000000000003,aaa,aaa,1,,0,1,0,1,-70.0,-70.0,"[3.0898000000000003, 3.4469000000000003, 3.5587, 3.6619, 3.7734, 3.8995, 4.0331, 4.1713000000000005, 7.8375, 7.9651, 8.095500000000001, 11.6803, 12.2056]","[3.0922, 3.5029000000000003, 3.6027, 3.7049, 3.8149, 3.9357, 4.0599, 4.2065, 7.894500000000001, 8.0158, 8.1455, 11.7149, 12.2609]","[11.8049, 11.9441, 12.0703, 12.2295]","[11.871, 12.0019, 12.1263, 12.2582]",0.0082,0.0086,100,1,0.5,0.0,0.0,0,0,1,0,0,10,10,0,0,0.0,0.5,LR,20.0,RT,0,0,0,1,,0.25,0.0,9.999999999976694e-05,1.0,/dev/ttyACM-Bpod6,stage_training_v6,Emma,pv_nmdar_eranet,2AFC_6,Bpod6,21,36006,21,1.8.2,021_stage_training_v6_20250611-114856,2025-06-11,11:49:07.934624,12:29:19.653342
29,1,0.0,0,1,0,0,0.0,1.0,0.0,1.0,1,386.177731,400.526435,14.348703999999998,2.8206,,,3.0793,4.339,1.2597000000000005,iaa,iaa,1,,0,0,1,1,70.0,-70.0,"[4.339, 4.504, 5.0674]","[4.4161, 4.593500000000001, 5.1813]",[],[],0.0082,0.0086,100,1,0.5,0.0,0.0,0,0,1,0,0,10,10,0,0,0.0,0.5,LR,20.0,RT,0,0,0,1,,0.25,0.0,9.999999999976694e-05,1.0,/dev/ttyACM-Bpod6,stage_training_v6,Emma,pv_nmdar_eranet,2AFC_6,Bpod6,21,36006,21,1.8.2,021_stage_training_v6_20250611-114856,2025-06-11,11:49:07.934624,12:29:19.653342
30,0,1.0,1,0,0,0,1.0,0.0,0.0,1.0,1,400.537031,413.634235,13.097203999999973,2.8181000000000003,3.0971,0.2789999999999999,3.0764,3.0875000000000004,0.0111000000000003,aaa,aaa,1,,0,1,0,1,-70.0,70.0,"[3.0875000000000004, 3.4834, 3.6258, 3.731, 3.844, 3.9599, 4.0831, 4.2252, 9.0343, 9.1543, 9.2964, 9.5071, 9.5078, 9.951, 10.0596]","[3.0926, 3.5631000000000004, 3.6711, 3.7733, 3.8852, 4.0014, 4.1268, 4.2625, 9.0524, 9.2202, 9.3568, 9.5074, 9.5129, 9.9751, 10.1054]","[9.455, 9.5941, 9.7042, 9.8167, 9.9352, 10.059]","[9.5198, 9.6369, 9.7498, 9.8628, 9.9795, 10.1054]",0.0082,0.0086,100,1,0.5,0.0,0.0,0,0,1,0,0,10,10,0,0,0.0,0.5,LR,20.0,RT,0,0,0,1,,0.25,0.0,9.999999999976694e-05,1.0,/dev/ttyACM-Bpod6,stage_training_v6,Emma,pv_nmdar_eranet,2AFC_6,Bpod6,21,36006,21,1.8.2,021_stage_training_v6_20250611-114856,2025-06-11,11:49:07.934624,12:29:19.653342
31,1,0.0,0,1,0,0,0.0,1.0,0.0,1.0,1,413.646131,427.242335,13.596204,2.8206,,,3.0793,3.5865,0.5072000000000001,iaa,iaa,1,,0,0,1,1,70.0,-70.0,"[3.5865, 3.7658, 4.3096000000000005, 8.8567, 9.0606, 9.463, 12.0337]","[3.6289, 3.7675, 4.3508, 8.915700000000001, 9.0765, 9.5139, 12.0738]","[3.71, 3.8378, 3.9554, 4.064900000000001, 4.1815, 4.3098, 9.0198, 9.1624, 9.3005, 9.4668, 12.0358]","[3.7768, 3.8876, 4.0007, 4.1121, 4.2295, 4.3501, 9.0834, 9.2236, 9.3621, 9.5136, 12.075]",0.0082,0.0086,100,1,0.5,0.0,0.0,0,0,1,0,0,10,10,0,0,0.0,0.5,LR,20.0,RT,0,0,0,1,,0.25,0.0,9.999999999976694e-05,1.0,/dev/ttyACM-Bpod6,stage_training_v6,Emma,pv_nmdar_eranet,2AFC_6,Bpod6,21,36006,21,1.8.2,021_stage_training_v6_20250611-114856,2025-06-11,11:49:07.934624,12:29:19.653342
32,0,1.0,1,0,0,0,1.0,0.0,0.0,1.0,1,427.254631,440.351335,13.096703999999988,2.8181000000000003,3.0966,0.2784999999999997,3.0764,3.087,0.0106000000000001,aaa,aaa,1,,0,1,0,1,-70.0,70.0,"[3.087, 3.4319, 3.5437000000000003, 3.6448, 3.7501, 3.8626, 3.979, 4.119, 4.941, 5.1234, 10.1326, 10.2543, 10.4421]","[3.093, 3.4863, 3.5859, 3.6876, 3.7899, 3.9036, 4.0224, 4.1629000000000005, 4.9991, 5.1846000000000005, 10.1825, 10.314, 10.4716]",[10.4153],[10.4752],0.0082,0.0086,100,1,0.5,0.0,0.0,0,0,1,0,0,10,10,0,0,0.0,0.5,LR,20.0,RT,0,0,0,1,,0.25,0.0,9.999999999976694e-05,1.0,/dev/ttyACM-Bpod6,stage_training_v6,Emma,pv_nmdar_eranet,2AFC_6,Bpod6,21,36006,21,1.8.2,021_stage_training_v6_20250611-114856,2025-06-11,11:49:07.934624,12:29:19.653342
33,1,0.0,1,0,0,0,1.0,1.0,1.0,0.0,1,440.36253099999993,453.462235,13.099704000000033,2.8206,3.0996,0.2789999999999999,3.0793,3.0900000000000003,0.0107000000000003,iaa,iaa,1,,0,0,1,1,70.0,-70.0,"[3.4069000000000003, 3.5482, 4.1858, 4.3193, 4.4607, 11.9093, 12.3506, 12.447]","[3.4697, 3.603, 4.206300000000001, 4.3611, 4.5248, 11.9686, 12.3595, 12.4994]","[3.0900000000000003, 3.5372000000000003, 3.6744, 3.8083, 3.9324, 4.0486, 4.1815, 12.0492, 12.1829, 12.3087, 12.4762]","[3.0973, 3.6051, 3.7485, 3.862, 3.9775, 4.0943000000000005, 4.2125, 12.1174, 12.2389, 12.3652, 12.4951]",0.0082,0.0086,100,1,0.5,0.0,0.0,0,0,1,0,0,10,10,0,0,0.0,0.5,LR,20.0,RT,0,0,0,1,,0.25,0.0,9.999999999976694e-05,1.0,/dev/ttyACM-Bpod6,stage_training_v6,Emma,pv_nmdar_eranet,2AFC_6,Bpod6,21,36006,21,1.8.2,021_stage_training_v6_20250611-114856,2025-06-11,11:49:07.934624,12:29:19.653342
34,0,0.0,1,0,0,0,1.0,1.0,0.0,0.0,1,453.473631,466.923435,13.449803999999974,2.8181000000000003,3.4497,0.6315999999999997,3.0764,3.4401,0.3637000000000001,aaa,aaa,1,,0,1,0,1,-70.0,-70.0,"[3.4401, 3.5677000000000003, 3.6736, 3.8603, 3.9759, 4.1391, 4.3139, 4.5232, 5.0716, 5.2237, 5.3505, 5.4743, 5.6249, 6.08]","[3.4957000000000003, 3.6617, 3.728, 3.8826, 4.0486, 4.234100000000001, 4.3807, 4.539000000000001, 5.1286000000000005, 5.268800000000001, 5.3989, 5.5205, 5.6744, 6.1279]","[3.6275, 3.6755, 3.7935, 3.9626, 4.2213, 4.4682]","[3.6584, 3.7283, 3.8849, 4.0479, 4.2275, 4.5431]",0.0082,0.0086,100,1,0.5,0.0,0.0,0,0,1,0,0,10,10,0,0,0.0,0.5,LR,20.0,RT,0,0,0,1,,0.25,0.0,9.999999999976694e-05,1.0,/dev/ttyACM-Bpod6,stage_training_v6,Emma,pv_nmdar_eranet,2AFC_6,Bpod6,21,36006,21,1.8.2,021_stage_training_v6_20250611-114856,2025-06-11,11:49:07.934624,12:29:19.653342
35,1,0.0,1,0,0,0,1.0,1.0,1.0,0.0,1,466.944031,480.048235,13.104203999999983,2.8206,3.1041000000000003,0.2835000000000001,3.0793,3.0945,0.0152000000000001,iaa,iaa,1,,0,0,1,1,70.0,-70.0,"[3.4409, 3.5651, 3.8245, 4.6322, 4.772200000000001, 4.979900000000001, 5.3038]","[3.5052000000000003, 3.685, 3.8366, 4.689500000000001, 4.8316, 5.0221, 5.3466000000000005]","[3.0945, 3.6012, 3.755, 3.9063, 4.0332, 4.164000000000001, 4.9776]","[3.0962, 3.6854, 3.8432, 3.9645, 4.0883, 4.2054, 5.0224]",0.0082,0.0086,100,1,0.5,0.0,0.0,0,0,1,0,0,10,10,0,0,0.0,0.5,LR,20.0,RT,0,0,0,1,,0.25,0.0,9.999999999976694e-05,1.0,/dev/ttyACM-Bpod6,stage_training_v6,Emma,pv_nmdar_eranet,2AFC_6,Bpod6,21,36006,21,1.8.2,021_stage_training_v6_20250611-114856,2025-06-11,11:49:07.934624,12:29:19.653342
36,0,0.0,1,0,0,0,1.0,1.0,0.0,0.0,1,480.060331,493.462235,13.401904000000002,2.8181000000000003,3.4018,0.5836999999999999,3.0764,3.3922000000000003,0.3158000000000003,aaa,aaa,1,,0,1,0,1,-70.0,-70.0,"[0.0298, 3.3922000000000003, 3.5128000000000004, 3.6228, 3.7303, 3.849, 3.9854, 4.2765, 4.4192, 4.6000000000000005, 5.113700000000001, 11.5251, 11.6513, 11.8461, 11.9722, 12.4862]","[0.063, 3.4563, 3.5632, 3.6692, 3.7814, 3.9003, 4.0346, 4.3317000000000005, 4.4717, 4.625, 5.1646, 11.5726, 11.7234, 11.8805, 12.0354, 12.5314]","[0.033, 3.8705, 3.9858, 11.6816, 11.807, 12.0249]","[0.0691, 3.8999, 4.0355, 11.7242, 11.8825, 12.0273]",0.0082,0.0086,100,1,0.5,0.0,0.0,0,0,1,0,0,10,10,0,0,0.0,0.5,LR,20.0,RT,0,0,0,1,,0.25,0.0,9.999999999976694e-05,1.0,/dev/ttyACM-Bpod6,stage_training_v6,Emma,pv_nmdar_eranet,2AFC_6,Bpod6,21,36006,21,1.8.2,021_stage_training_v6_20250611-114856,2025-06-11,11:49:07.934624,12:29:19.653342
37,1,0.0,0,1,0,0,0.0,1.0,0.0,1.0,1,493.482831,506.848235,13.365404000000012,2.8206,,,3.0793,3.3557,0.2764000000000002,iaa,iaa,1,,0,0,1,1,70.0,-70.0,"[3.3557, 3.4832, 3.7413, 3.8719, 4.0407, 4.2038, 4.6277, 4.7776000000000005]","[3.4116, 3.5779, 3.7645, 3.9121, 4.0711, 4.2384, 4.694, 4.8486]","[3.5252000000000003, 3.6579, 3.8402, 4.008500000000001, 4.1565]","[3.5780000000000003, 3.7667, 3.9136, 4.0742, 4.240600000000001]",0.0082,0.0086,100,1,0.5,0.0,0.0,0,0,1,0,0,10,10,0,0,0.0,0.5,LR,20.0,RT,0,0,0,1,,0.25,0.0,9.999999999976694e-05,1.0,/dev/ttyACM-Bpod6,stage_training_v6,Emma,pv_nmdar_eranet,2AFC_6,Bpod6,21,36006,21,1.8.2,021_stage_training_v6_20250611-114856,2025-06-11,11:49:07.934624,12:29:19.653342
38,0,1.0,1,0,0,0,1.0,0.0,0.0,1.0,1,506.858831,520.3043349999998,13.445504000000026,2.8181000000000003,3.4454,0.6272999999999995,3.0764,3.4358,0.3593999999999999,aaa,aaa,1,,0,1,0,1,-70.0,70.0,"[3.4358, 3.5585, 3.6578, 3.7613, 3.8668, 3.9802, 4.1126000000000005, 4.240200000000001, 4.3819, 4.585500000000001, 4.7526, 5.6271, 5.800400000000001, 5.979, 6.1707, 6.5122]","[3.4955000000000003, 3.6013, 3.701, 3.8034, 3.9137, 4.0298, 4.167800000000001, 4.2979, 4.4495000000000005, 4.6482, 4.821400000000001, 5.6911000000000005, 5.883, 6.0735, 6.244400000000001, 6.6079]","[5.652, 6.2182]","[5.6892000000000005, 6.2396]",0.0082,0.0086,100,1,0.5,0.0,0.0,0,0,1,0,0,10,10,0,0,0.0,0.5,LR,20.0,RT,0,0,0,1,,0.25,0.0,9.999999999976694e-05,1.0,/dev/ttyACM-Bpod6,stage_training_v6,Emma,pv_nmdar_eranet,2AFC_6,Bpod6,21,36006,21,1.8.2,021_stage_training_v6_20250611-114856,2025-06-11,11:49:07.934624,12:29:19.653342
39,1,0.0,0,1,0,0,0.0,1.0,0.0,1.0,1,520.315831,533.6639349999998,13.348104000000037,2.8206,,,3.0793,3.3384,0.2591000000000001,iaa,iaa,1,,0,0,1,1,70.0,-70.0,"[3.3384, 3.5098000000000003, 3.8547, 3.9902, 4.2186]","[3.3989000000000003, 3.5499, 3.9043, 4.0791, 4.3056]","[3.4634, 4.0434, 4.2603]","[3.5515000000000003, 4.0782, 4.3047]",0.0082,0.0086,100,1,0.5,0.0,0.0,0,0,1,0,0,10,10,0,0,0.0,0.5,LR,20.0,RT,0,0,0,1,,0.25,0.0,9.999999999976694e-05,1.0,/dev/ttyACM-Bpod6,stage_training_v6,Emma,pv_nmdar_eranet,2AFC_6,Bpod6,21,36006,21,1.8.2,021_stage_training_v6_20250611-114856,2025-06-11,11:49:07.934624,12:29:19.653342
40,0,1.0,1,0,0,0,1.0,0.0,0.0,1.0,1,533.675631,547.076835,13.401204000000007,2.8181000000000003,3.4011,0.5829999999999997,3.0764,3.3915,0.3151000000000001,aaa,aaa,1,,0,1,0,1,-70.0,70.0,"[0.0235, 3.3915, 3.496, 3.5961000000000003, 3.7018, 3.8096, 3.9257, 4.0520000000000005, 4.1939, 4.3912, 5.0221, 9.3205, 9.452, 9.6025, 9.8082, 10.0609, 10.3983, 10.5242, 10.8042, 10.9577, 11.2035, 11.4031, 11.5843, 11.8029, 12.0574, 12.2409, 12.4938]","[0.0672, 3.4448000000000003, 3.5413, 3.6406, 3.7439, 3.8559, 3.9735, 4.097300000000001, 4.2487, 4.409, 5.0555, 9.3571, 9.5274, 9.6664, 9.8401, 10.0745, 10.4358, 10.5644, 10.8593, 11.0237, 11.2687, 11.4788, 11.6705, 11.8897, 12.0925, 12.3129, 12.5907]","[9.775, 9.9221, 10.0387, 10.1473, 10.2628, 10.3967, 10.5268, 12.0069]","[9.8447, 9.9724, 10.0804, 10.1929, 10.3125, 10.4372, 10.5619, 12.0936]",0.0082,0.0086,100,1,0.5,0.0,0.0,0,0,1,0,0,10,10,0,0,0.0,0.5,LR,20.0,RT,0,0,0,1,,0.25,0.0,9.999999999976694e-05,1.0,/dev/ttyACM-Bpod6,stage_training_v6,Emma,pv_nmdar_eranet,2AFC_6,Bpod6,21,36006,21,1.8.2,021_stage_training_v6_20250611-114856,2025-06-11,11:49:07.934624,12:29:19.653342
41,1,0.0,0,1,0,0,0.0,1.0,0.0,1.0,1,547.088431,560.532935,13.444503999999938,2.8206,,,3.0793,3.4348,0.3555000000000001,iaa,iaa,1,,0,0,1,1,70.0,-70.0,"[3.4348, 3.5608, 3.6466, 4.3949, 4.5469, 4.7841000000000005, 4.9629, 5.214700000000001, 5.3647, 5.6574, 12.0666, 12.2353, 12.3481, 12.5041]","[3.4936000000000003, 3.5703, 3.6779, 4.4454, 4.6126000000000005, 4.8009, 4.9708000000000006, 5.2535, 5.4157, 5.7399, 12.1067, 12.2575, 12.4136, 12.5704]","[3.5594, 3.7526, 3.8798, 4.0, 4.1306, 4.7828, 4.9048, 5.0593, 5.2022, 5.3665, 12.1983]","[3.6782, 3.8177, 3.929, 4.0522, 4.1745, 4.804, 4.9781, 5.119400000000001, 5.2556, 5.415900000000001, 12.2603]",0.0082,0.0086,100,1,0.5,0.0,0.0,0,0,1,0,0,10,10,0,0,0.0,0.5,LR,20.0,RT,0,0,0,1,,0.25,0.0,9.999999999976694e-05,1.0,/dev/ttyACM-Bpod6,stage_training_v6,Emma,pv_nmdar_eranet,2AFC_6,Bpod6,21,36006,21,1.8.2,021_stage_training_v6_20250611-114856,2025-06-11,11:49:07.934624,12:29:19.653342
42,0,1.0,1,0,0,0,1.0,0.0,0.0,1.0,1,560.562831,573.659135,13.096304000000035,2.8181000000000003,3.0962,0.2780999999999998,3.0764,3.0866,0.0102000000000002,aaa,aaa,1,,0,1,0,1,-70.0,70.0,"[3.0866, 3.4286000000000003, 3.567, 3.6687, 3.7692, 3.8805, 4.0004, 4.1264, 4.2816, 4.7846, 4.9325, 5.0894, 8.9117, 9.0612, 9.2075, 9.3515, 9.5736, 9.7683, 9.9055]","[3.0953, 3.5050000000000003, 3.6118, 3.7074, 3.8115, 3.9267, 4.0397, 4.1696, 4.3308, 4.8402, 4.9936, 5.1539, 8.9563, 9.095, 9.2331, 9.4203, 9.6051, 9.7767, 9.9728]","[4.3118, 9.0356, 9.178, 9.3929, 9.5425, 9.6984, 9.963]","[4.3171, 9.0983, 9.2391, 9.4156, 9.6118, 9.783, 9.9671]",0.0082,0.0086,100,1,0.5,0.0,0.0,0,0,1,0,0,10,10,0,0,0.0,0.5,LR,20.0,RT,0,0,0,1,,0.25,0.0,9.999999999976694e-05,1.0,/dev/ttyACM-Bpod6,stage_training_v6,Emma,pv_nmdar_eranet,2AFC_6,Bpod6,21,36006,21,1.8.2,021_stage_training_v6_20250611-114856,2025-06-11,11:49:07.934624,12:29:19.653342
43,1,0.0,1,0,0,0,1.0,1.0,1.0,0.0,1,573.669531,586.769335,13.09980399999995,2.8206,3.0997000000000003,0.2791000000000001,3.0793,3.0901,0.0108000000000001,iaa,iaa,1,,0,0,1,1,70.0,-70.0,"[3.4006000000000003, 3.5327, 3.7798, 4.2602, 4.7275, 10.1994, 10.3338, 10.5609]","[3.4647, 3.6425, 3.798, 4.2818000000000005, 4.7860000000000005, 10.2365, 10.3879, 10.6059]","[3.0901, 3.5363, 3.5539, 3.7102, 3.8717, 3.9981, 4.1218, 4.2378, 4.7586, 9.7806, 9.8993, 10.0316, 10.1762, 10.5746]","[3.1131, 3.5428, 3.6407, 3.8065, 3.9258, 4.0475, 4.1687, 4.2876, 4.7839, 9.7854, 9.9542, 10.0869, 10.2423, 10.6016]",0.0082,0.0086,100,1,0.5,0.0,0.0,0,0,1,0,0,10,10,0,0,0.0,0.5,LR,20.0,RT,0,0,0,1,,0.25,0.0,9.999999999976694e-05,1.0,/dev/ttyACM-Bpod6,stage_training_v6,Emma,pv_nmdar_eranet,2AFC_6,Bpod6,21,36006,21,1.8.2,021_stage_training_v6_20250611-114856,2025-06-11,11:49:07.934624,12:29:19.653342
44,0,0.0,1,0,0,0,1.0,1.0,0.0,0.0,1,586.7804309999998,599.879635,13.099203999999983,2.8181000000000003,3.0991,0.2809999999999997,3.0764,3.0895,0.0131000000000001,aaa,aaa,1,,0,1,0,1,-70.0,-70.0,"[3.0895, 3.4241, 3.5482, 3.6462, 3.7457, 3.8513, 3.9618, 4.0815, 4.2228, 4.2376000000000005, 4.3741, 4.503, 4.6464, 4.806500000000001, 4.9869, 8.8835, 9.0615, 9.1828, 9.3499, 9.4891, 9.6566, 9.7751, 9.9623]","[3.0939, 3.4903, 3.5882, 3.6836, 3.7849, 3.8934, 4.0052, 4.1315, 4.228400000000001, 4.2763, 4.429600000000001, 4.5631, 4.7058, 4.8564, 5.0294, 8.9139, 9.0767, 9.2452, 9.421, 9.5471, 9.6956, 9.8252, 10.003]","[4.2235000000000005, 9.0211, 9.2117, 9.6369]","[4.2783, 9.0816, 9.2431, 9.6959]",0.0082,0.0086,100,1,0.5,0.0,0.0,0,0,1,0,0,10,10,0,0,0.0,0.5,LR,20.0,RT,0,0,0,1,,0.25,0.0,9.999999999976694e-05,1.0,/dev/ttyACM-Bpod6,stage_training_v6,Emma,pv_nmdar_eranet,2AFC_6,Bpod6,21,36006,21,1.8.2,021_stage_training_v6_20250611-114856,2025-06-11,11:49:07.934624,12:29:19.653342
45,1,0.0,1,0,0,0,1.0,1.0,1.0,0.0,1,599.8986309999998,612.998435,13.09980399999995,2.8206,3.0997000000000003,0.2791000000000001,3.0793,3.0901,0.0108000000000001,iaa,iaa,1,,0,0,1,1,70.0,-70.0,"[3.4115, 3.5415, 3.7703, 4.4245, 4.5212, 4.6968000000000005, 4.8926]","[3.4789000000000003, 3.63, 3.7841, 4.4271, 4.566800000000001, 4.7475000000000005, 4.9391]","[3.0901, 3.5869, 3.7016, 3.8628, 3.9974, 4.1302, 4.2483, 4.3863, 4.525, 4.9006, 4.912]","[3.104, 3.6306, 3.7925, 3.9216, 4.0357, 4.1626, 4.297000000000001, 4.4348, 4.565, 4.9046, 4.9344]",0.0082,0.0086,100,1,0.5,0.0,0.0,0,0,1,0,0,10,10,0,0,0.0,0.5,LR,20.0,RT,0,0,0,1,,0.25,0.0,9.999999999976694e-05,1.0,/dev/ttyACM-Bpod6,stage_training_v6,Emma,pv_nmdar_eranet,2AFC_6,Bpod6,21,36006,21,1.8.2,021_stage_training_v6_20250611-114856,2025-06-11,11:49:07.934624,12:29:19.653342
46,0,0.0,1,0,0,0,1.0,1.0,0.0,0.0,1,613.010331,626.4066349999998,13.3963040000001,2.8181000000000003,3.3962000000000003,0.5781000000000001,3.0764,3.3866,0.3102,aaa,aaa,1,,0,1,0,1,-70.0,-70.0,"[3.3866, 3.51, 3.6133, 3.7513, 3.8887, 4.006, 4.1433, 4.3482, 4.6347000000000005, 4.9030000000000005, 5.0594, 13.1696, 13.3425]","[3.4542, 3.5555000000000003, 3.6622, 3.7791, 3.9167, 4.0596000000000005, 4.206, 4.3567, 4.6661, 4.961, 5.128900000000001, 13.1948, 13.3814]","[3.7305, 3.8604, 4.2955000000000005, 4.4402, 4.6121, 5.0920000000000005]","[3.781, 3.9205, 4.3638, 4.5077, 4.6712, 5.1271]",0.0082,0.0086,100,1,0.5,0.0,0.0,0,0,1,0,0,10,10,0,0,0.0,0.5,LR,20.0,RT,0,0,0,1,,0.25,0.0,9.999999999976694e-05,1.0,/dev/ttyACM-Bpod6,stage_training_v6,Emma,pv_nmdar_eranet,2AFC_6,Bpod6,21,36006,21,1.8.2,021_stage_training_v6_20250611-114856,2025-06-11,11:49:07.934624,12:29:19.653342
47,1,0.0,1,0,0,0,1.0,1.0,1.0,0.0,1,626.417431,639.521035,13.103604000000017,2.8206,3.1035000000000004,0.2829000000000001,3.0793,3.0939,0.0146000000000001,iaa,iaa,1,,0,0,1,1,70.0,-70.0,"[4.1831000000000005, 5.191, 9.0428, 9.198, 9.3284, 9.4768, 9.6333, 9.8339, 9.9867]","[4.2431, 5.2522, 9.0814, 9.2465, 9.3934, 9.5381, 9.6916, 9.8686, 10.0414]","[3.0939, 3.0942000000000003, 9.1757, 9.8189, 9.983]","[3.0941, 3.0952, 9.2473, 9.8712, 10.0429]",0.0082,0.0086,100,1,0.5,0.0,0.0,0,0,1,0,0,10,10,0,0,0.0,0.5,LR,20.0,RT,0,0,0,1,,0.25,0.0,9.999999999976694e-05,1.0,/dev/ttyACM-Bpod6,stage_training_v6,Emma,pv_nmdar_eranet,2AFC_6,Bpod6,21,36006,21,1.8.2,021_stage_training_v6_20250611-114856,2025-06-11,11:49:07.934624,12:29:19.653342
48,0,0.0,1,0,0,0,1.0,1.0,0.0,0.0,1,639.531831,652.9411349999998,13.409304000000017,2.8181000000000003,3.4092,0.5910999999999995,3.0764,3.3996,0.3231999999999999,aaa,aaa,1,,0,1,0,1,-70.0,-70.0,"[3.3996, 3.5184, 3.632, 3.7396, 3.8819, 4.0253000000000005, 4.3747, 4.5363, 4.7213, 4.8589, 5.0259, 5.2183, 8.838700000000001, 9.2468, 9.3995, 9.5629, 9.7098, 9.8809, 10.0307, 10.1906]","[3.4566000000000003, 3.5716, 3.6793, 3.7911, 3.9205, 4.074, 4.4231, 4.597300000000001, 4.7735, 4.9119, 5.0856, 5.264200000000001, 8.8855, 9.2936, 9.4557, 9.6172, 9.7647, 9.938, 10.0816, 10.2398]","[3.8915, 4.0267, 9.4156, 9.9192, 9.9201]","[3.9206, 4.0724, 9.4555, 9.9197, 9.921]",0.0082,0.0086,100,1,0.5,0.0,0.0,0,0,1,0,0,10,10,0,0,0.0,0.5,LR,20.0,RT,0,0,0,1,,0.25,0.0,9.999999999976694e-05,1.0,/dev/ttyACM-Bpod6,stage_training_v6,Emma,pv_nmdar_eranet,2AFC_6,Bpod6,21,36006,21,1.8.2,021_stage_training_v6_20250611-114856,2025-06-11,11:49:07.934624,12:29:19.653342
49,1,0.0,0,1,0,0,0.0,1.0,0.0,1.0,1,652.9964309999998,666.431435,13.435003999999935,2.8206,,,3.0793,3.4253,0.3460000000000001,iaa,iaa,1,,0,0,1,1,70.0,-70.0,"[3.4253, 3.5809, 4.1661, 4.3064, 4.5289, 4.6882, 4.954400000000001]","[3.4808000000000003, 3.6224, 4.2164, 4.4036, 4.5994, 4.762700000000001, 5.0148]","[3.5472, 4.1359, 4.3696, 4.7408]","[3.6254, 4.2183, 4.4012, 4.7595]",0.0082,0.0086,100,1,0.5,0.0,0.0,0,0,1,0,0,10,10,0,0,0.0,0.5,LR,20.0,RT,0,0,0,1,,0.25,0.0,9.999999999976694e-05,1.0,/dev/ttyACM-Bpod6,stage_training_v6,Emma,pv_nmdar_eranet,2AFC_6,Bpod6,21,36006,21,1.8.2,021_stage_training_v6_20250611-114856,2025-06-11,11:49:07.934624,12:29:19.653342
50,0,1.0,1,0,0,0,1.0,0.0,0.0,1.0,1,666.4425309999998,679.541535,13.099003999999926,2.8181000000000003,3.0989,0.2807999999999997,3.0764,3.0893,0.0129000000000001,aaa,aaa,1,,0,1,0,1,-70.0,70.0,"[3.0893, 3.4532000000000003, 3.6175, 7.921, 8.0779, 8.2662, 8.448500000000001, 8.841000000000001, 8.8627, 9.4664, 9.7237]","[3.0895, 3.5048000000000004, 3.6363, 7.9713, 8.1226, 8.2879, 8.514800000000001, 8.854700000000001, 8.9186, 9.5153, 9.7816]","[3.4953000000000003, 3.5699, 3.7069, 3.8226, 7.955900000000001, 8.067400000000001, 8.2615, 8.4855, 8.8405, 9.6966]","[3.4988, 3.6424, 3.758, 3.8628, 7.964700000000001, 8.1239, 8.2917, 8.511700000000001, 8.920200000000001, 9.7831]",0.0082,0.0086,100,1,0.5,0.0,0.0,0,0,1,0,0,10,10,0,0,0.0,0.5,LR,20.0,RT,0,0,0,1,,0.25,0.0,9.999999999976694e-05,1.0,/dev/ttyACM-Bpod6,stage_training_v6,Emma,pv_nmdar_eranet,2AFC_6,Bpod6,21,36006,21,1.8.2,021_stage_training_v6_20250611-114856,2025-06-11,11:49:07.934624,12:29:19.653342
51,1,0.0,0,1,0,0,0.0,1.0,0.0,1.0,1,679.559031,693.035535,13.476503999999974,2.8206,,,3.0793,3.4668,0.3875000000000002,iaa,iaa,1,,0,0,1,1,70.0,-70.0,"[3.4668, 3.5786, 3.6751, 3.7727, 3.9282, 4.6898, 4.8177, 4.9466, 5.0849, 5.2438, 5.9942, 7.5657, 7.771400000000001]","[3.5223, 3.6171, 3.7119, 3.8228, 3.9557, 4.7439, 4.8646, 4.9923, 5.1282000000000005, 5.2815, 6.0477, 7.6595, 7.8542]","[3.7896, 3.902, 4.0309, 4.1463, 4.2606, 4.4008, 7.567500000000001, 7.813000000000001]","[3.8234, 3.9617, 4.0685, 4.1766000000000005, 4.3056, 4.4322, 7.6612, 7.851500000000001]",0.0082,0.0086,100,1,0.5,0.0,0.0,0,0,1,0,0,10,10,0,0,0.0,0.5,LR,20.0,RT,0,0,0,1,,0.25,0.0,9.999999999976694e-05,1.0,/dev/ttyACM-Bpod6,stage_training_v6,Emma,pv_nmdar_eranet,2AFC_6,Bpod6,21,36006,21,1.8.2,021_stage_training_v6_20250611-114856,2025-06-11,11:49:07.934624,12:29:19.653342
52,0,1.0,1,0,0,0,1.0,0.0,0.0,1.0,1,693.0466309999997,706.4818349999997,13.435204,2.8181000000000003,3.4351000000000003,0.617,3.0764,3.4255,0.3490999999999999,aaa,aaa,1,,0,1,0,1,-70.0,70.0,"[3.4255, 3.5348, 3.6321, 3.7377, 3.8518, 3.9711, 4.1165, 4.2741, 4.4199, 4.7330000000000005, 4.9006, 10.1021, 10.2997, 10.5735, 10.6999, 10.8191, 10.9859]","[3.4771, 3.5759000000000003, 3.6746, 3.7835, 3.8985, 4.0193, 4.1705000000000005, 4.339, 4.482200000000001, 4.7875000000000005, 4.957, 10.1623, 10.3157, 10.5815, 10.7107, 10.8703, 11.0462]","[4.1372, 10.2492, 10.3927, 10.5193, 10.6731, 10.8529]","[4.169700000000001, 10.3212, 10.4483, 10.5873, 10.7262, 10.8634]",0.0082,0.0086,100,1,0.5,0.0,0.0,0,0,1,0,0,10,10,0,0,0.0,0.5,LR,20.0,RT,0,0,0,1,,0.25,0.0,9.999999999976694e-05,1.0,/dev/ttyACM-Bpod6,stage_training_v6,Emma,pv_nmdar_eranet,2AFC_6,Bpod6,21,36006,21,1.8.2,021_stage_training_v6_20250611-114856,2025-06-11,11:49:07.934624,12:29:19.653342
53,1,0.0,0,1,0,0,0.0,1.0,0.0,1.0,1,706.493531,720.6199349999997,14.126404000000093,2.8206,,,3.0793,4.1167,1.0374,iaa,iaa,1,,0,0,1,1,70.0,-70.0,"[4.1167, 4.9451]","[4.1669, 5.0243]",[],[],0.0082,0.0086,100,1,0.5,0.0,0.0,0,0,1,0,0,10,10,0,0,0.0,0.5,LR,20.0,RT,0,0,0,1,,0.25,0.0,9.999999999976694e-05,1.0,/dev/ttyACM-Bpod6,stage_training_v6,Emma,pv_nmdar_eranet,2AFC_6,Bpod6,21,36006,21,1.8.2,021_stage_training_v6_20250611-114856,2025-06-11,11:49:07.934624,12:29:19.653342
54,0,1.0,1,0,0,0,1.0,0.0,0.0,1.0,1,720.631031,733.729335,13.098303999999983,2.8181000000000003,3.0982000000000003,0.2801,3.0764,3.0886,0.0121999999999999,aaa,aaa,1,,0,1,0,1,-70.0,70.0,"[3.0886, 3.4401, 3.5579, 3.6515, 3.7546, 3.8608, 3.9786, 4.1329, 5.021100000000001, 5.1614, 5.4924, 9.8081]","[3.0915000000000004, 3.4877, 3.591, 3.6923, 3.7968, 3.9065, 4.0286, 4.1671000000000005, 5.0784, 5.218100000000001, 5.5372, 9.8472]","[3.9941, 4.1119, 4.2432, 4.3544, 4.4783, 4.6079]","[4.0278, 4.1724000000000006, 4.2807, 4.3939, 4.5202, 4.65]",0.0082,0.0086,100,1,0.5,0.0,0.0,0,0,1,0,0,10,10,0,0,0.0,0.5,LR,20.0,RT,0,0,0,1,,0.25,0.0,9.999999999976694e-05,1.0,/dev/ttyACM-Bpod6,stage_training_v6,Emma,pv_nmdar_eranet,2AFC_6,Bpod6,21,36006,21,1.8.2,021_stage_training_v6_20250611-114856,2025-06-11,11:49:07.934624,12:29:19.653342
55,1,0.0,0,1,0,0,0.0,1.0,0.0,1.0,1,733.740731,747.215435,13.474703999999974,2.8206,,,3.0793,3.4650000000000003,0.3857000000000004,iaa,iaa,1,,0,0,1,1,70.0,-70.0,"[3.4650000000000003, 3.6307, 4.192, 4.298, 4.4346000000000005]","[3.5053, 3.6553, 4.2164, 4.3394, 4.4794]","[3.6117, 3.7287, 3.8337, 3.952, 4.064, 4.177700000000001, 4.2996]","[3.6617, 3.7721, 3.8772, 3.9897, 4.1067, 4.2214, 4.3375]",0.0082,0.0086,100,1,0.5,0.0,0.0,0,0,1,0,0,10,10,0,0,0.0,0.5,LR,20.0,RT,0,0,0,1,,0.25,0.0,9.999999999976694e-05,1.0,/dev/ttyACM-Bpod6,stage_training_v6,Emma,pv_nmdar_eranet,2AFC_6,Bpod6,21,36006,21,1.8.2,021_stage_training_v6_20250611-114856,2025-06-11,11:49:07.934624,12:29:19.653342
56,0,1.0,1,0,0,0,1.0,0.0,0.0,1.0,1,747.226231,760.325335,13.099104000000011,2.8181000000000003,3.099,0.2808999999999999,3.0764,3.0894000000000004,0.0130000000000003,aaa,aaa,1,,0,1,0,1,-70.0,70.0,"[3.0894000000000004, 3.4200000000000004, 3.5247, 3.6274, 3.7461, 4.0151, 4.1331, 4.5680000000000005, 4.7170000000000005, 4.8449, 4.9696, 13.0503]","[3.0917000000000003, 3.4658, 3.5633000000000004, 3.6648, 3.7822, 4.0331, 4.1751000000000005, 4.6203, 4.7626, 4.8893, 5.015000000000001]","[3.734, 3.8537, 3.9875, 4.1385000000000005]","[3.7855, 3.9091, 4.0402000000000005, 4.1702]",0.0082,0.0086,100,1,0.5,0.0,0.0,0,0,1,0,0,10,10,0,0,0.0,0.5,LR,20.0,RT,0,0,0,1,,0.25,0.0,9.999999999976694e-05,1.0,/dev/ttyACM-Bpod6,stage_training_v6,Emma,pv_nmdar_eranet,2AFC_6,Bpod6,21,36006,21,1.8.2,021_stage_training_v6_20250611-114856,2025-06-11,11:49:07.934624,12:29:19.653342
57,1,0.0,0,1,0,0,0.0,1.0,0.0,1.0,1,760.3360309999997,773.810835,13.47480399999995,2.8206,,,3.0793,3.4651,0.3858000000000001,iaa,iaa,1,,0,0,1,1,70.0,-70.0,"[3.4651, 3.615, 4.5431, 4.6908]","[3.5122, 3.6569, 4.5726, 4.7376000000000005]","[3.581, 3.7324, 3.8632, 3.9974, 4.2496, 4.3787, 4.5442]","[3.6585, 3.7935, 3.9121, 4.0285, 4.3009, 4.4232000000000005, 4.5689]",0.0082,0.0086,100,1,0.5,0.0,0.0,0,0,1,0,0,10,10,0,0,0.0,0.5,LR,20.0,RT,0,0,0,1,,0.25,0.0,9.999999999976694e-05,1.0,/dev/ttyACM-Bpod6,stage_training_v6,Emma,pv_nmdar_eranet,2AFC_6,Bpod6,21,36006,21,1.8.2,021_stage_training_v6_20250611-114856,2025-06-11,11:49:07.934624,12:29:19.653342
58,0,1.0,1,0,0,0,1.0,0.0,0.0,1.0,1,773.821831,787.4202349999997,13.598404000000071,2.8181000000000003,3.5983,0.7801999999999998,3.0764,3.5887,0.5123000000000002,aaa,aaa,1,,0,1,0,1,-70.0,70.0,"[3.5887, 3.7809, 3.9817, 4.1433, 4.6587000000000005, 8.4604]","[3.6091, 3.8338, 3.9864, 4.1442000000000005, 4.6953000000000005, 8.4922]","[3.9178, 4.0862]","[3.9939, 4.1527]",0.0082,0.0086,100,1,0.5,0.0,0.0,0,0,1,0,0,10,10,0,0,0.0,0.5,LR,20.0,RT,0,0,0,1,,0.25,0.0,9.999999999976694e-05,1.0,/dev/ttyACM-Bpod6,stage_training_v6,Emma,pv_nmdar_eranet,2AFC_6,Bpod6,21,36006,21,1.8.2,021_stage_training_v6_20250611-114856,2025-06-11,11:49:07.934624,12:29:19.653342
59,1,0.0,0,1,0,0,0.0,1.0,0.0,1.0,1,787.431531,800.930935,13.499404000000027,2.8206,,,3.0793,3.4897,0.4104000000000001,iaa,iaa,1,,0,0,1,1,70.0,-70.0,"[3.4897, 3.6087, 3.7482, 3.889, 4.0396, 4.1802, 4.3442, 4.4797, 10.0505, 10.1667, 10.3459, 10.4974]","[3.5403, 3.6599, 3.7871, 3.9487, 4.0956, 4.236400000000001, 4.3925, 4.524900000000001, 10.1001, 10.2279, 10.3873, 10.5512]","[3.7284, 10.3122, 10.5208]","[3.7896, 10.3893, 10.5486]",0.0082,0.0086,100,1,0.5,0.0,0.0,0,0,1,0,0,10,10,0,0,0.0,0.5,LR,20.0,RT,0,0,0,1,,0.25,0.0,9.999999999976694e-05,1.0,/dev/ttyACM-Bpod6,stage_training_v6,Emma,pv_nmdar_eranet,2AFC_6,Bpod6,21,36006,21,1.8.2,021_stage_training_v6_20250611-114856,2025-06-11,11:49:07.934624,12:29:19.653342
60,0,1.0,1,0,0,0,1.0,0.0,0.0,1.0,1,800.9452309999997,814.319835,13.374603999999973,2.8181000000000003,3.3745000000000003,0.5564,3.0764,3.3649,0.2885,aaa,aaa,1,,0,1,0,1,-70.0,70.0,"[3.3649, 3.4795000000000003, 3.5851, 3.7047, 3.8315, 3.9883, 4.4853000000000005, 9.5961, 9.8037, 10.0198]","[3.4217, 3.5245, 3.6356, 3.7482, 3.8798, 4.0301, 4.5196000000000005, 9.637, 9.8396, 10.0432]","[3.8418, 3.9817, 9.7879, 10.015]","[3.8784, 4.0327, 9.8447, 10.0436]",0.0082,0.0086,100,1,0.5,0.0,0.0,0,0,1,0,0,10,10,0,0,0.0,0.5,LR,20.0,RT,0,0,0,1,,0.25,0.0,9.999999999976694e-05,1.0,/dev/ttyACM-Bpod6,stage_training_v6,Emma,pv_nmdar_eranet,2AFC_6,Bpod6,21,36006,21,1.8.2,021_stage_training_v6_20250611-114856,2025-06-11,11:49:07.934624,12:29:19.653342
61,1,0.0,0,1,0,0,0.0,1.0,0.0,1.0,1,814.3311309999997,827.720335,13.38920399999995,2.8206,,,3.0793,3.3795,0.3002000000000002,iaa,iaa,1,,0,0,1,1,70.0,-70.0,"[3.3795, 3.496, 3.679, 4.3171, 4.4659, 4.8655]","[3.4359, 3.5571, 3.6971, 4.3452, 4.4996, 4.9212]","[3.6248, 3.7666, 3.8988, 4.0271, 4.1569, 4.3003, 4.4678]","[3.7024, 3.8219, 3.9394, 4.066800000000001, 4.2004, 4.3523000000000005, 4.4965]",0.0082,0.0086,100,1,0.5,0.0,0.0,0,0,1,0,0,10,10,0,0,0.0,0.5,LR,20.0,RT,0,0,0,1,,0.25,0.0,9.999999999976694e-05,1.0,/dev/ttyACM-Bpod6,stage_training_v6,Emma,pv_nmdar_eranet,2AFC_6,Bpod6,21,36006,21,1.8.2,021_stage_training_v6_20250611-114856,2025-06-11,11:49:07.934624,12:29:19.653342
62,0,1.0,1,0,0,0,1.0,0.0,0.0,1.0,1,827.732631,840.8305349999997,13.097904000000085,2.8181000000000003,3.0978000000000003,0.2797,3.0764,3.0882,0.0118,aaa,aaa,1,,0,1,0,1,-70.0,70.0,"[3.0882, 3.5558, 3.6882, 3.9057, 4.0281, 4.1534, 4.2889, 4.4270000000000005]","[3.0942000000000003, 3.5943, 3.7227, 3.9501, 4.066800000000001, 4.1845, 4.3306, 4.4743]",[],[],0.0082,0.0086,100,1,0.5,0.0,0.0,0,0,1,0,0,10,10,0,0,0.0,0.5,LR,20.0,RT,0,0,0,1,,0.25,0.0,9.999999999976694e-05,1.0,/dev/ttyACM-Bpod6,stage_training_v6,Emma,pv_nmdar_eranet,2AFC_6,Bpod6,21,36006,21,1.8.2,021_stage_training_v6_20250611-114856,2025-06-11,11:49:07.934624,12:29:19.653342
63,1,0.0,0,1,0,0,0.0,1.0,0.0,1.0,1,840.8414310000003,854.4881349999997,13.646704000000115,2.8206,,,3.0793,3.637,0.5577000000000001,iaa,iaa,1,,0,0,1,1,70.0,-70.0,[3.637],[3.6671],[],[],0.0082,0.0086,100,1,0.5,0.0,0.0,0,0,1,0,0,10,10,0,0,0.0,0.5,LR,20.0,RT,0,0,0,1,,0.25,0.0,9.999999999976694e-05,1.0,/dev/ttyACM-Bpod6,stage_training_v6,Emma,pv_nmdar_eranet,2AFC_6,Bpod6,21,36006,21,1.8.2,021_stage_training_v6_20250611-114856,2025-06-11,11:49:07.934624,12:29:19.653342
64,0,1.0,1,0,0,0,1.0,0.0,0.0,1.0,1,854.506031,868.0389349999997,13.532904000000027,2.8181000000000003,3.5328000000000004,0.7147000000000001,3.0764,3.5232,0.4468000000000001,aaa,aaa,1,,0,1,0,1,-70.0,70.0,"[3.5232, 3.8168, 4.4205000000000005]","[3.5639000000000003, 3.8204, 4.4429]","[3.527, 3.7045, 3.9137, 4.4228000000000005]","[3.5657, 3.8307, 3.9442, 4.4419]",0.0082,0.0086,100,1,0.5,0.0,0.0,0,0,1,0,0,10,10,0,0,0.0,0.5,LR,20.0,RT,0,0,0,1,,0.25,0.0,9.999999999976694e-05,1.0,/dev/ttyACM-Bpod6,stage_training_v6,Emma,pv_nmdar_eranet,2AFC_6,Bpod6,21,36006,21,1.8.2,021_stage_training_v6_20250611-114856,2025-06-11,11:49:07.934624,12:29:19.653342
65,1,0.0,0,1,0,0,0.0,1.0,0.0,1.0,1,868.0500310000001,881.4973349999997,13.447304000000033,2.8206,,,3.0793,3.4376,0.3583000000000003,iaa,iaa,1,,0,0,1,1,70.0,-70.0,"[3.4376, 4.083200000000001, 4.2238, 4.5155, 4.645300000000001, 4.757000000000001, 4.8585, 4.9767, 5.1001, 5.2182, 5.3528, 5.4772, 5.61, 5.7456000000000005, 6.489800000000001, 6.6850000000000005, 7.159800000000001, 7.3391, 7.5898]","[3.4810000000000003, 4.1202000000000005, 4.2613, 4.5662, 4.6805, 4.784, 4.902200000000001, 5.0168, 5.1385000000000005, 5.2593000000000005, 5.394, 5.5209, 5.653700000000001, 5.7953, 6.529100000000001, 6.7499, 7.2354, 7.3956, 7.617500000000001]","[3.4461000000000004, 3.5417, 3.6483, 3.7528, 3.8547, 3.9625, 4.0801, 5.7465, 5.9017, 6.044700000000001, 6.1775, 6.3108, 6.4739, 6.486400000000001, 6.7296000000000005, 7.216600000000001, 7.5625]","[3.4807, 3.5945, 3.6876, 3.787, 3.8974, 4.0053, 4.1218, 5.796600000000001, 5.9561, 6.0937, 6.2332, 6.3702000000000005, 6.4796000000000005, 6.5305, 6.744400000000001, 7.229900000000001, 7.6225]",0.0082,0.0086,100,1,0.5,0.0,0.0,0,0,1,0,0,10,10,0,0,0.0,0.5,LR,20.0,RT,0,0,0,1,,0.25,0.0,9.999999999976694e-05,1.0,/dev/ttyACM-Bpod6,stage_training_v6,Emma,pv_nmdar_eranet,2AFC_6,Bpod6,21,36006,21,1.8.2,021_stage_training_v6_20250611-114856,2025-06-11,11:49:07.934624,12:29:19.653342
66,0,1.0,1,0,0,0,1.0,0.0,0.0,1.0,1,881.5097310000001,895.603935,14.09420399999999,2.8181000000000003,4.0941,1.2759999999999998,3.0764,4.0845,1.0081000000000002,aaa,aaa,1,,0,1,0,1,-70.0,70.0,"[4.0845, 11.9238, 12.4423, 12.6049, 12.8975, 13.6122, 13.7466, 13.8542, 13.9656, 14.078600000000002]","[4.1422, 11.967, 12.4634, 12.682, 12.96, 13.6767, 13.7798, 13.8884, 14.0054]","[4.1065000000000005, 11.9235, 12.086, 12.3963, 12.6594, 12.8794, 13.0613]","[4.1417, 11.9697, 12.1542, 12.4674, 12.6794, 12.9634, 13.1525]",0.0082,0.0086,100,1,0.5,0.0,0.0,0,0,1,0,0,10,10,0,0,0.0,0.5,LR,20.0,RT,0,0,0,1,,0.25,0.0,9.999999999976694e-05,1.0,/dev/ttyACM-Bpod6,stage_training_v6,Emma,pv_nmdar_eranet,2AFC_6,Bpod6,21,36006,21,1.8.2,021_stage_training_v6_20250611-114856,2025-06-11,11:49:07.934624,12:29:19.653342
67,1,0.0,1,0,0,0,1.0,1.0,1.0,0.0,1,895.616131,908.717435,13.101304000000026,2.8206,3.1012,0.2805999999999997,3.0793,3.0916,0.0123000000000002,iaa,iaa,1,,0,0,1,1,70.0,-70.0,"[3.4078000000000004, 3.932, 4.0702, 4.5464, 10.3473, 10.7423]","[0.0122, 3.4668, 3.9602, 4.109100000000001, 4.5998, 10.388, 10.7959]","[3.0916, 3.4323, 3.5439000000000003, 3.6693, 3.7885, 3.915, 4.0677, 4.5661000000000005, 10.3503, 10.4646, 10.5882, 10.7526]","[3.0966, 3.4691, 3.6173, 3.7243, 3.8438, 3.9637, 4.1126000000000005, 4.5995, 10.3904, 10.5219, 10.654, 10.7967]",0.0082,0.0086,100,1,0.5,0.0,0.0,0,0,1,0,0,10,10,0,0,0.0,0.5,LR,20.0,RT,0,0,0,1,,0.25,0.0,9.999999999976694e-05,1.0,/dev/ttyACM-Bpod6,stage_training_v6,Emma,pv_nmdar_eranet,2AFC_6,Bpod6,21,36006,21,1.8.2,021_stage_training_v6_20250611-114856,2025-06-11,11:49:07.934624,12:29:19.653342
68,0,0.0,1,0,0,0,1.0,1.0,0.0,0.0,1,908.727931,922.139035,13.411104000000027,2.8181000000000003,3.411,0.5928999999999998,3.0764,3.4014,0.3250000000000002,aaa,aaa,1,,0,1,0,1,-70.0,-70.0,"[3.4014, 3.6127, 4.1282000000000005, 4.32]","[3.4727, 3.6184, 4.1664, 4.3918]","[3.406, 3.5399000000000003, 3.7337, 4.1115, 4.3575]","[3.4775, 3.6269, 3.8004, 4.1683, 4.3893]",0.0082,0.0086,100,1,0.5,0.0,0.0,0,0,1,0,0,10,10,0,0,0.0,0.5,LR,20.0,RT,0,0,0,1,,0.25,0.0,9.999999999976694e-05,1.0,/dev/ttyACM-Bpod6,stage_training_v6,Emma,pv_nmdar_eranet,2AFC_6,Bpod6,21,36006,21,1.8.2,021_stage_training_v6_20250611-114856,2025-06-11,11:49:07.934624,12:29:19.653342
69,1,0.0,1,0,0,0,1.0,1.0,1.0,0.0,1,922.150031,935.248935,13.098903999999948,2.8206,3.0988,0.2782,3.0793,3.0892,0.0099,iaa,iaa,1,,0,0,1,1,70.0,-70.0,"[3.5125, 3.6953, 4.1618, 4.357200000000001, 4.465800000000001, 4.8287]","[3.5380000000000003, 3.7022, 4.1956, 4.3836, 4.5383, 4.8605]","[3.0892, 3.4754, 3.623, 3.721, 3.7809, 3.8985, 4.0111, 4.1539, 4.3175, 4.5126, 4.6329, 4.7826]","[3.1077000000000004, 3.5464, 3.7194, 3.7228, 3.8372, 3.9449, 4.0616, 4.1994, 4.3866000000000005, 4.5361, 4.703600000000001, 4.8672]",0.0082,0.0086,100,1,0.5,0.0,0.0,0,0,1,0,0,10,10,0,0,0.0,0.5,LR,20.0,RT,0,0,0,1,,0.25,0.0,9.999999999976694e-05,1.0,/dev/ttyACM-Bpod6,stage_training_v6,Emma,pv_nmdar_eranet,2AFC_6,Bpod6,21,36006,21,1.8.2,021_stage_training_v6_20250611-114856,2025-06-11,11:49:07.934624,12:29:19.653342
70,0,0.0,1,0,0,0,1.0,1.0,0.0,0.0,1,935.260031,948.714435,13.454403999999954,2.8181000000000003,3.4543000000000004,0.6362000000000001,3.0764,3.4447,0.3683,aaa,aaa,1,,0,1,0,1,-70.0,-70.0,"[3.4447, 3.625, 4.178100000000001, 4.3139]","[3.5117000000000003, 3.6314, 4.213, 4.4104]","[3.4752, 3.5902000000000003, 3.7866, 4.2031, 4.3376]","[3.5097, 3.6579, 3.7909, 4.204000000000001, 4.4124]",0.0082,0.0086,100,1,0.5,0.0,0.0,0,0,1,0,0,10,10,0,0,0.0,0.5,LR,20.0,RT,0,0,0,1,,0.25,0.0,9.999999999976694e-05,1.0,/dev/ttyACM-Bpod6,stage_training_v6,Emma,pv_nmdar_eranet,2AFC_6,Bpod6,21,36006,21,1.8.2,021_stage_training_v6_20250611-114856,2025-06-11,11:49:07.934624,12:29:19.653342
71,1,0.0,1,0,0,0,1.0,1.0,1.0,0.0,1,948.731031,962.165535,13.434503999999947,2.8206,3.4344,0.6137999999999999,3.0793,3.4248000000000003,0.3455000000000003,iaa,iaa,1,,0,0,1,1,70.0,-70.0,"[4.0903, 4.3056]","[4.1458, 4.3315]","[3.4248000000000003, 3.5643, 3.686, 3.8124, 3.9598, 4.1103000000000005, 4.2582, 4.4189, 4.6098]","[3.51, 3.6227, 3.7458, 3.8649, 3.9863, 4.1452, 4.338, 4.4825, 4.6246]",0.0082,0.0086,100,1,0.5,0.0,0.0,0,0,1,0,0,10,10,0,0,0.0,0.5,LR,20.0,RT,0,0,0,1,,0.25,0.0,9.999999999976694e-05,1.0,/dev/ttyACM-Bpod6,stage_training_v6,Emma,pv_nmdar_eranet,2AFC_6,Bpod6,21,36006,21,1.8.2,021_stage_training_v6_20250611-114856,2025-06-11,11:49:07.934624,12:29:19.653342
72,0,0.0,1,0,0,0,1.0,1.0,0.0,0.0,1,962.178331,975.623535,13.44520399999999,2.8181000000000003,3.4451,0.6269999999999998,3.0764,3.4355,0.3591000000000002,aaa,aaa,1,,0,1,0,1,-70.0,-70.0,"[3.4355, 3.5947, 3.8126, 3.9219, 3.94, 4.0953, 4.3033, 10.0939, 10.2811, 10.309, 10.4983]","[3.5002, 3.6416, 3.8233, 3.9287, 3.9832, 4.1674, 4.3185, 10.1337, 10.3089, 10.3091, 10.5466]","[3.4618, 3.5746, 3.7541, 3.9231, 4.0985000000000005, 4.2713, 10.0895, 10.2618, 10.4961]","[3.5006000000000004, 3.6533, 3.8285, 3.9843, 4.1666, 4.3448, 10.1361, 10.3292, 10.5489]",0.0082,0.0086,100,1,0.5,0.0,0.0,0,0,1,0,0,10,10,0,0,0.0,0.5,LR,20.0,RT,0,0,0,1,,0.25,0.0,9.999999999976694e-05,1.0,/dev/ttyACM-Bpod6,stage_training_v6,Emma,pv_nmdar_eranet,2AFC_6,Bpod6,21,36006,21,1.8.2,021_stage_training_v6_20250611-114856,2025-06-11,11:49:07.934624,12:29:19.653342
73,1,0.0,0,1,0,0,0.0,1.0,0.0,1.0,1,975.641331,989.110235,13.468903999999952,2.8206,,,3.0793,3.4592,0.3799000000000001,iaa,iaa,1,,0,0,1,1,70.0,-70.0,"[3.4592, 3.6383, 3.9602, 4.296600000000001, 4.4082, 4.6075, 9.3703, 9.6727]","[3.5396, 3.6616, 3.9992, 4.2995, 4.4769000000000005, 4.6851, 9.4139, 9.7253]","[3.4788, 3.6073, 3.7599, 3.9166, 4.0974, 4.2363, 4.4289000000000005, 4.6366000000000005, 9.3642, 9.4942, 9.6469]","[3.5437000000000003, 3.6826, 3.8312, 4.0026, 4.1619, 4.3078, 4.4759, 4.6832, 9.4181, 9.5606, 9.7263]",0.0082,0.0086,100,1,0.5,0.0,0.0,0,0,1,0,0,10,10,0,0,0.0,0.5,LR,20.0,RT,0,0,0,1,,0.25,0.0,9.999999999976694e-05,1.0,/dev/ttyACM-Bpod6,stage_training_v6,Emma,pv_nmdar_eranet,2AFC_6,Bpod6,21,36006,21,1.8.2,021_stage_training_v6_20250611-114856,2025-06-11,11:49:07.934624,12:29:19.653342
74,0,1.0,1,0,0,0,1.0,0.0,0.0,1.0,1,989.123731,1002.219735,13.096003999999995,2.8181000000000003,3.0959000000000003,0.2778,3.0764,3.0863,0.0099,aaa,aaa,1,,0,1,0,1,-70.0,70.0,"[3.0863, 3.1006, 3.1117000000000004, 3.1247000000000003, 3.1365000000000003, 3.1492, 3.1612, 3.3668, 3.3781000000000003, 3.3886000000000003, 3.4148, 3.4153, 3.4466, 3.5624, 3.6702, 3.755, 3.8586, 4.032900000000001, 4.0433, 4.1695, 4.2878, 4.416, 4.5246, 4.6288, 4.742900000000001, 4.8582, 4.978000000000001, 5.1004000000000005, 5.2275, 5.3612, 5.4913, 5.6245, 5.8017, 5.933400000000001, 5.9345, 6.049, 6.1833, 6.3218000000000005, 6.472, 6.6325, 6.8035000000000005, 7.0878000000000005, 7.2292, 11.1708, 11.4812, 11.4903, 11.4921, 11.4929, 11.6117, 11.9304, 12.157, 12.166, 12.3325, 12.4547, 12.6161, 12.7654, 12.9036]","[3.0927, 3.1044, 3.1181, 3.1298000000000004, 3.1417, 3.1534, 3.1657, 3.371, 3.3807, 3.3931, 3.4152, 3.4157, 3.5101, 3.5993000000000004, 3.6851, 3.7948, 3.9241, 4.0411, 4.0513, 4.1919, 4.3495, 4.454000000000001, 4.5562000000000005, 4.6639, 4.7799000000000005, 4.8977, 5.0175, 5.1443, 5.2706, 5.407100000000001, 5.5368, 5.6717, 5.8074, 5.9341, 5.9346000000000005, 6.1096, 6.2485, 6.3738, 6.5285, 6.6909, 6.863, 7.126, 7.282100000000001, 11.2026, 11.4897, 11.4904, 11.4922, 11.5058, 11.6834, 12.018, 12.1571, 12.1771, 12.3437, 12.5179, 12.6872, 12.8209, 12.9607]","[3.7655, 3.8595, 3.9947, 4.1328000000000005, 4.3265, 5.6424, 5.7542, 5.8932, 6.0976, 6.4691, 6.6298, 7.0925, 11.31, 11.4451, 11.6568, 11.8033, 11.9714, 12.1194, 12.2561, 12.5042, 13.0719]","[3.7936, 3.9251, 4.0566, 4.1961, 4.3422, 5.6703, 5.8133, 5.9572, 6.1063, 6.5312, 6.6934000000000005, 7.1181, 11.3668, 11.5135, 11.6811, 11.8479, 12.0186, 12.1871, 12.3547, 12.5137]",0.0082,0.0086,100,1,0.5,0.0,0.0,0,0,1,0,0,10,10,0,0,0.0,0.5,LR,20.0,RT,0,0,0,1,,0.25,0.0,9.999999999976694e-05,1.0,/dev/ttyACM-Bpod6,stage_training_v6,Emma,pv_nmdar_eranet,2AFC_6,Bpod6,21,36006,21,1.8.2,021_stage_training_v6_20250611-114856,2025-06-11,11:49:07.934624,12:29:19.653342
75,1,0.0,1,0,0,0,1.0,1.0,1.0,0.0,1,1002.231831,1015.339135,13.107304,2.8206,3.1072,0.2865999999999999,3.0793,3.0976000000000004,0.0183000000000004,iaa,iaa,1,,0,0,1,1,70.0,-70.0,"[0.0025, 3.5551000000000004, 4.3824000000000005, 4.8947, 5.0689]","[0.0214, 3.5675000000000003, 4.4458, 4.9295, 5.1273]","[3.0976000000000004, 3.0979, 3.5054000000000003, 3.6374, 3.7471, 3.8856, 4.4242, 4.5587, 4.6952, 4.8924, 5.094]","[0.0289, 3.0978000000000003, 3.1187, 3.5756, 3.6868, 3.8007, 3.9192, 4.4416, 4.6284, 4.7662, 4.9313, 5.125900000000001]",0.0082,0.0086,100,1,0.5,0.0,0.0,0,0,1,0,0,10,10,0,0,0.0,0.5,LR,20.0,RT,0,0,0,1,,0.25,0.0,9.999999999976694e-05,1.0,/dev/ttyACM-Bpod6,stage_training_v6,Emma,pv_nmdar_eranet,2AFC_6,Bpod6,21,36006,21,1.8.2,021_stage_training_v6_20250611-114856,2025-06-11,11:49:07.934624,12:29:19.653342
76,0,0.0,1,0,0,0,1.0,1.0,0.0,0.0,1,1015.349931,1028.449236,13.099304999999955,2.8181000000000003,3.0992,0.2810999999999999,3.0764,3.0896000000000003,0.0132000000000003,aaa,aaa,1,,0,1,0,1,-70.0,-70.0,"[3.0896000000000003, 3.4477, 3.5971, 3.7213, 3.8214, 3.9264, 4.0405, 4.1639, 4.2916, 4.4234, 4.5657000000000005, 4.713, 4.8944, 5.5103]","[3.093, 3.5035000000000003, 3.6628, 3.7598, 3.863, 3.9702, 4.0846, 4.2091, 4.3352, 4.4777000000000005, 4.626, 4.7681, 4.9259, 5.5676000000000005]","[3.4782, 4.1949000000000005, 4.8714, 5.688400000000001]","[3.5025, 4.2, 4.929600000000001, 5.7569]",0.0082,0.0086,100,1,0.5,0.0,0.0,0,0,1,0,0,10,10,0,0,0.0,0.5,LR,20.0,RT,0,0,0,1,,0.25,0.0,9.999999999976694e-05,1.0,/dev/ttyACM-Bpod6,stage_training_v6,Emma,pv_nmdar_eranet,2AFC_6,Bpod6,21,36006,21,1.8.2,021_stage_training_v6_20250611-114856,2025-06-11,11:49:07.934624,12:29:19.653342
77,1,0.0,1,0,0,0,1.0,1.0,1.0,0.0,1,1028.464431,1041.564935,13.100504,2.8206,3.1004,0.2797999999999998,3.0793,3.0908,0.0115000000000002,iaa,iaa,1,,0,0,1,1,70.0,-70.0,"[3.4469000000000003, 3.5729, 4.447, 4.5805, 5.0086, 6.0285, 12.5282]","[3.4965, 3.6505, 4.4631, 4.6408000000000005, 5.0602, 6.094600000000001, 12.5616]","[3.0908, 3.4813, 3.6152, 3.7387, 3.8834, 4.0057, 4.1288, 4.2732, 4.5840000000000005, 4.720000000000001, 4.8563, 5.008900000000001, 12.6949, 12.894, 13.0617]","[3.1127, 3.4938, 3.6549, 3.8136, 3.9302, 4.0513, 4.174300000000001, 4.3059, 4.6422, 4.7894000000000005, 4.9228000000000005, 5.0609, 12.7496, 12.9479]",0.0082,0.0086,100,1,0.5,0.0,0.0,0,0,1,0,0,10,10,0,0,0.0,0.5,LR,20.0,RT,0,0,0,1,,0.25,0.0,9.999999999976694e-05,1.0,/dev/ttyACM-Bpod6,stage_training_v6,Emma,pv_nmdar_eranet,2AFC_6,Bpod6,21,36006,21,1.8.2,021_stage_training_v6_20250611-114856,2025-06-11,11:49:07.934624,12:29:19.653342
78,0,0.0,1,0,0,0,1.0,1.0,0.0,0.0,1,1041.575931,1055.149635,13.573703999999907,2.8181000000000003,3.5736000000000003,0.7555000000000001,3.0764,3.564,0.4876,aaa,aaa,1,,0,1,0,1,-70.0,-70.0,"[3.564, 4.710100000000001, 4.9394]","[3.6133, 4.7563, 4.9688]","[3.5843000000000003, 4.7427, 4.9168]","[0.0119, 3.6121, 4.754700000000001, 4.9754000000000005]",0.0082,0.0086,100,1,0.5,0.0,0.0,0,0,1,0,0,10,10,0,0,0.0,0.5,LR,20.0,RT,0,0,0,1,,0.25,0.0,9.999999999976694e-05,1.0,/dev/ttyACM-Bpod6,stage_training_v6,Emma,pv_nmdar_eranet,2AFC_6,Bpod6,21,36006,21,1.8.2,021_stage_training_v6_20250611-114856,2025-06-11,11:49:07.934624,12:29:19.653342
79,1,0.0,1,0,0,0,1.0,1.0,1.0,0.0,1,1055.160531,1068.259935,13.09940400000005,2.8206,3.0993,0.2786999999999997,3.0793,3.0897,0.0104000000000001,iaa,iaa,1,,0,0,1,1,70.0,-70.0,"[3.5433000000000003, 3.9939, 4.2003, 4.3377]","[3.6082, 4.0073, 4.2399, 4.3811]","[3.0897, 3.5522, 3.6894, 3.8546, 3.9684, 4.077, 4.1977, 4.339]","[3.1192, 3.611, 3.7719, 3.9086, 4.0134, 4.125500000000001, 4.2411, 4.3779]",0.0082,0.0086,100,1,0.5,0.0,0.0,0,0,1,0,0,10,10,0,0,0.0,0.5,LR,20.0,RT,0,0,0,1,,0.25,0.0,9.999999999976694e-05,1.0,/dev/ttyACM-Bpod6,stage_training_v6,Emma,pv_nmdar_eranet,2AFC_6,Bpod6,21,36006,21,1.8.2,021_stage_training_v6_20250611-114856,2025-06-11,11:49:07.934624,12:29:19.653342
80,0,0.0,1,0,0,0,1.0,1.0,0.0,0.0,1,1068.271031,1081.805635,13.534603999999945,2.8181000000000003,3.5345,0.7163999999999997,3.0764,3.5249,0.4485000000000001,aaa,aaa,1,,0,1,0,1,-70.0,-70.0,"[3.5249, 3.733, 3.8519, 3.9908]","[3.5952, 3.7406, 3.8621, 4.0564]","[3.5688, 3.6718, 3.8083, 3.9923]","[3.5921000000000003, 3.7478, 3.8766, 4.055000000000001]",0.0082,0.0086,100,1,0.5,0.0,0.0,0,0,1,0,0,10,10,0,0,0.0,0.5,LR,20.0,RT,0,0,0,1,,0.25,0.0,9.999999999976694e-05,1.0,/dev/ttyACM-Bpod6,stage_training_v6,Emma,pv_nmdar_eranet,2AFC_6,Bpod6,21,36006,21,1.8.2,021_stage_training_v6_20250611-114856,2025-06-11,11:49:07.934624,12:29:19.653342
81,1,0.0,1,0,0,0,1.0,1.0,1.0,0.0,1,1081.820431,1094.919735,13.099303999999847,2.8206,3.0992,0.2785999999999999,3.0793,3.0896000000000003,0.0103000000000004,iaa,iaa,1,,0,0,1,1,70.0,-70.0,"[3.4405, 4.0868, 4.2103, 4.3331, 4.44, 4.5372, 4.653300000000001, 4.7636, 4.8818, 5.000900000000001, 5.1242, 5.2481, 5.810700000000001, 5.9871, 6.226100000000001, 6.3838]","[3.5017, 4.1163, 4.2567, 4.3609, 4.4611, 4.5746, 4.6843, 4.800400000000001, 4.917800000000001, 5.0402000000000005, 5.1644000000000005, 5.292400000000001, 5.8683000000000005, 6.041300000000001, 6.2324, 6.409800000000001]","[3.0896000000000003, 3.4608000000000003, 3.5865, 3.7152, 3.8425, 3.9655, 4.083200000000001, 5.2489, 5.3776, 5.5120000000000005, 5.6611, 5.8514, 6.0116000000000005, 6.173, 6.3551, 6.568300000000001]","[3.1007, 3.5015, 3.6537, 3.7667, 3.8858, 4.0038, 4.12, 5.2919, 5.4306, 5.5707, 5.7134, 5.8634, 6.0383, 6.2403, 6.4184, 6.6246]",0.0082,0.0086,100,1,0.5,0.0,0.0,0,0,1,0,0,10,10,0,0,0.0,0.5,LR,20.0,RT,0,0,0,1,,0.25,0.0,9.999999999976694e-05,1.0,/dev/ttyACM-Bpod6,stage_training_v6,Emma,pv_nmdar_eranet,2AFC_6,Bpod6,21,36006,21,1.8.2,021_stage_training_v6_20250611-114856,2025-06-11,11:49:07.934624,12:29:19.653342
82,0,0.0,1,0,0,0,1.0,1.0,0.0,0.0,1,1094.939431,1108.369735,13.430303999999973,2.8181000000000003,3.4302,0.6120999999999999,3.0764,3.4206000000000003,0.3442000000000003,aaa,aaa,1,,0,1,0,1,-70.0,-70.0,"[3.4206000000000003, 3.5777, 3.7116, 4.0294, 4.0448, 4.072900000000001, 4.194100000000001, 4.3419, 4.4596, 4.58, 4.7302, 4.8814]","[3.4762, 3.5901, 3.7496, 4.0305, 4.0642000000000005, 4.0783000000000005, 4.2644, 4.3874, 4.5031, 4.6253, 4.7812, 4.914000000000001]","[3.4402000000000004, 3.5428, 3.691, 3.8424, 4.0183, 4.7327]","[3.4797, 3.608, 3.7518, 3.9093, 4.0867, 4.7788]",0.0082,0.0086,100,1,0.5,0.0,0.0,0,0,1,0,0,10,10,0,0,0.0,0.5,LR,20.0,RT,0,0,0,1,,0.25,0.0,9.999999999976694e-05,1.0,/dev/ttyACM-Bpod6,stage_training_v6,Emma,pv_nmdar_eranet,2AFC_6,Bpod6,21,36006,21,1.8.2,021_stage_training_v6_20250611-114856,2025-06-11,11:49:07.934624,12:29:19.653342
83,1,0.0,1,0,0,0,1.0,1.0,1.0,0.0,1,1108.387531,1121.893435,13.505903999999873,2.8206,3.5058,0.6851999999999996,3.0793,3.4962,0.4169,iaa,iaa,1,,0,0,1,1,70.0,-70.0,"[4.1926000000000005, 4.498, 4.5173000000000005, 6.6225000000000005, 7.1151]","[4.2432, 4.5038, 4.5648, 6.6542, 7.196400000000001]","[3.4962, 3.6305, 3.7691, 3.9098, 4.1984, 4.3335, 4.5307, 4.7113000000000005, 6.6172, 7.1722]","[3.5629, 3.6914, 3.8225, 3.9498, 4.2428, 4.4001, 4.5639, 4.7748, 6.6576, 7.195]",0.0082,0.0086,100,1,0.5,0.0,0.0,0,0,1,0,0,10,10,0,0,0.0,0.5,LR,20.0,RT,0,0,0,1,,0.25,0.0,9.999999999976694e-05,1.0,/dev/ttyACM-Bpod6,stage_training_v6,Emma,pv_nmdar_eranet,2AFC_6,Bpod6,21,36006,21,1.8.2,021_stage_training_v6_20250611-114856,2025-06-11,11:49:07.934624,12:29:19.653342
84,0,0.0,1,0,0,0,1.0,1.0,0.0,0.0,1,1121.909531,1135.357235,13.44770399999993,2.8181000000000003,3.4476,0.6294999999999997,3.0764,3.438,0.3616000000000001,aaa,aaa,1,,0,1,0,1,-70.0,-70.0,"[3.438, 3.7279, 3.8963, 4.2754, 4.4255, 4.5651, 4.6723, 4.783, 4.8959, 5.0338, 5.2052000000000005, 11.0639, 11.3679, 11.5351]","[3.5051, 3.8073, 3.9901, 4.3185, 4.4886, 4.6001, 4.7154, 4.8255, 4.9411000000000005, 5.083200000000001, 5.2344, 11.1118, 11.4383, 11.6053]","[3.4589000000000003, 3.5732000000000004, 3.7255, 3.9486, 4.0795, 4.2438, 11.1971, 11.403, 11.5829, 11.7326]","[3.5067000000000004, 3.6409, 3.8086, 3.9916, 4.1571, 4.3213, 11.2706, 11.436, 11.6008, 11.804]",0.0082,0.0086,100,1,0.5,0.0,0.0,0,0,1,0,0,10,10,0,0,0.0,0.5,LR,20.0,RT,0,0,0,1,,0.25,0.0,9.999999999976694e-05,1.0,/dev/ttyACM-Bpod6,stage_training_v6,Emma,pv_nmdar_eranet,2AFC_6,Bpod6,21,36006,21,1.8.2,021_stage_training_v6_20250611-114856,2025-06-11,11:49:07.934624,12:29:19.653342
85,1,0.0,0,1,0,0,0.0,1.0,0.0,1.0,1,1135.369231,1148.810435,13.441204000000198,2.8206,,,3.0793,3.4315,0.3522000000000003,iaa,iaa,1,,0,0,1,1,70.0,-70.0,"[3.4315, 3.8523, 3.9918, 4.317, 4.500500000000001, 4.6505, 5.0938]","[3.4875000000000003, 3.9197, 4.0497000000000005, 4.3788, 4.5586, 4.723, 5.1192]","[3.4519, 3.5537, 3.668, 3.8698, 4.0343, 4.1346, 4.3142000000000005, 4.689900000000001, 4.8509, 5.090800000000001]","[3.4925, 3.6158, 3.7441, 3.9205, 4.0473, 4.2068, 4.3836, 4.7228, 4.9167000000000005, 5.1241]",0.0082,0.0086,100,1,0.5,0.0,0.0,0,0,1,0,0,10,10,0,0,0.0,0.5,LR,20.0,RT,0,0,0,1,,0.25,0.0,9.999999999976694e-05,1.0,/dev/ttyACM-Bpod6,stage_training_v6,Emma,pv_nmdar_eranet,2AFC_6,Bpod6,21,36006,21,1.8.2,021_stage_training_v6_20250611-114856,2025-06-11,11:49:07.934624,12:29:19.653342
86,0,1.0,1,0,0,0,1.0,0.0,0.0,1.0,1,1148.821631,1162.300935,13.479303999999955,2.8181000000000003,3.4792,0.6610999999999998,3.0764,3.4696,0.3932000000000002,aaa,aaa,1,,0,1,0,1,-70.0,70.0,"[3.4696, 3.7288, 3.8409, 3.9825, 4.0903, 4.198300000000001, 4.318700000000001, 4.4432, 4.5688, 4.715800000000001, 5.194500000000001, 5.329000000000001, 5.4627, 5.6624, 11.945, 12.2894]","[3.5523, 3.7441, 3.9192, 4.0242, 4.1302, 4.242900000000001, 4.3627, 4.4813, 4.6080000000000005, 4.7637, 5.2532000000000005, 5.3786000000000005, 5.5228, 5.700200000000001, 11.9817, 12.3423]","[3.512, 3.6463, 3.6667, 4.7172, 4.8794, 5.064500000000001, 5.4999, 5.6676, 12.0926, 12.3022]","[3.5490000000000004, 3.6472, 3.7499, 4.762700000000001, 4.930000000000001, 5.0898, 5.518400000000001, 5.6904, 12.1537, 12.3423]",0.0082,0.0086,100,1,0.5,0.0,0.0,0,0,1,0,0,10,10,0,0,0.0,0.5,LR,20.0,RT,0,0,0,1,,0.25,0.0,9.999999999976694e-05,1.0,/dev/ttyACM-Bpod6,stage_training_v6,Emma,pv_nmdar_eranet,2AFC_6,Bpod6,21,36006,21,1.8.2,021_stage_training_v6_20250611-114856,2025-06-11,11:49:07.934624,12:29:19.653342
87,1,0.0,1,0,0,0,1.0,1.0,1.0,0.0,1,1162.312831,1175.426335,13.113504000000148,2.8206,3.1134,0.2927999999999997,3.0793,3.1038,0.0245000000000001,iaa,iaa,1,,0,0,1,1,70.0,-70.0,"[3.4222, 4.0988, 4.3311, 4.469, 4.8197, 4.9766, 5.1797]","[3.4953000000000003, 4.1169, 4.3666, 4.5154000000000005, 4.861400000000001, 5.0399, 5.2436]","[3.1038, 3.1389, 3.1473, 3.4226, 3.5762, 3.7083, 3.839, 3.9594, 4.0805, 4.1994, 4.328, 4.6304, 4.801, 5.1818]","[3.1375, 3.1432, 3.1481000000000003, 3.4999, 3.6511, 3.7687, 3.8901, 4.0049, 4.125500000000001, 4.2462, 4.3676, 4.694, 4.8626000000000005, 5.244400000000001]",0.0082,0.0086,100,1,0.5,0.0,0.0,0,0,1,0,0,10,10,0,0,0.0,0.5,LR,20.0,RT,0,0,0,1,,0.25,0.0,9.999999999976694e-05,1.0,/dev/ttyACM-Bpod6,stage_training_v6,Emma,pv_nmdar_eranet,2AFC_6,Bpod6,21,36006,21,1.8.2,021_stage_training_v6_20250611-114856,2025-06-11,11:49:07.934624,12:29:19.653342
88,0,0.0,1,0,0,0,1.0,1.0,0.0,0.0,1,1175.437831,1188.535335,13.097504000000072,2.8181000000000003,3.0974,0.2792999999999996,3.0764,3.0878,0.0114,aaa,aaa,1,,0,1,0,1,-70.0,-70.0,"[3.0878, 3.4668, 3.5866, 3.6828, 3.7911, 3.9057, 4.0267, 4.1543, 4.3143, 4.4651000000000005, 4.6135, 4.7765, 4.9379, 5.0852, 5.2309, 5.3924, 11.2656, 11.7273, 11.8775, 12.0161, 12.3753, 12.5047, 12.7688, 13.0719]","[3.0904000000000003, 3.5273000000000003, 3.6214, 3.7234, 3.8312, 3.9492, 4.0688, 4.2028, 4.3441, 4.507000000000001, 4.6628, 4.8398, 5.0013000000000005, 5.1482, 5.2855, 5.4504, 11.315, 11.7875, 11.9394, 12.0819, 12.3901, 12.5724, 12.8026]","[4.3006, 4.466200000000001, 5.3929, 11.3946, 11.5519, 11.7621, 12.1612, 12.2958, 12.7687]","[4.3499, 4.5007, 5.4505, 11.4744, 11.6172, 11.785, 12.2345, 12.3992, 12.8051]",0.0082,0.0086,100,1,0.5,0.0,0.0,0,0,1,0,0,10,10,0,0,0.0,0.5,LR,20.0,RT,0,0,0,1,,0.25,0.0,9.999999999976694e-05,1.0,/dev/ttyACM-Bpod6,stage_training_v6,Emma,pv_nmdar_eranet,2AFC_6,Bpod6,21,36006,21,1.8.2,021_stage_training_v6_20250611-114856,2025-06-11,11:49:07.934624,12:29:19.653342
89,1,0.0,1,0,0,0,1.0,1.0,1.0,0.0,1,1188.554731,1201.654235,13.099504000000026,2.8206,3.0994,0.2787999999999999,3.0793,3.0898000000000003,0.0105000000000003,iaa,iaa,1,,0,0,1,1,70.0,-70.0,"[3.4427000000000003, 4.2312, 4.3592, 4.5373]","[0.0312, 3.4972000000000003, 4.2568, 4.4077, 4.5946]","[3.0898000000000003, 3.4632, 3.5786, 3.7055, 3.8357, 3.969, 4.0861, 4.214300000000001, 4.545100000000001]","[3.1055, 3.5007, 3.6412, 3.7631, 3.8858, 4.0128, 4.1363, 4.2637, 4.5891]",0.0082,0.0086,100,1,0.5,0.0,0.0,0,0,1,0,0,10,10,0,0,0.0,0.5,LR,20.0,RT,0,0,0,1,,0.25,0.0,9.999999999976694e-05,1.0,/dev/ttyACM-Bpod6,stage_training_v6,Emma,pv_nmdar_eranet,2AFC_6,Bpod6,21,36006,21,1.8.2,021_stage_training_v6_20250611-114856,2025-06-11,11:49:07.934624,12:29:19.653342
90,0,0.0,1,0,0,0,1.0,1.0,0.0,0.0,1,1201.664831,1214.763535,13.098703999999998,2.8181000000000003,3.0986,0.2804999999999995,3.0764,3.089,0.0125999999999999,aaa,aaa,1,,0,1,0,1,-70.0,-70.0,"[3.089, 3.4218, 3.5435000000000003, 3.9869, 4.1253, 4.2523, 4.3592, 4.4669, 4.581, 4.705, 4.8361, 4.9622, 5.0858, 5.223800000000001, 5.3657, 5.5166, 5.7006000000000006]","[3.0918, 3.4728000000000003, 3.6422, 4.0356000000000005, 4.1881, 4.2936000000000005, 4.3982, 4.5091, 4.6271, 4.7518, 4.8792, 5.0120000000000005, 5.1443, 5.2827, 5.4213000000000005, 5.571000000000001, 5.729500000000001]","[3.5807, 3.712, 3.843, 3.983, 4.7342, 5.5205]","[3.6444, 3.772, 3.9059, 4.0372, 4.7385, 5.567200000000001]",0.0082,0.0086,100,1,0.5,0.0,0.0,0,0,1,0,0,10,10,0,0,0.0,0.5,LR,20.0,RT,0,0,0,1,,0.25,0.0,9.999999999976694e-05,1.0,/dev/ttyACM-Bpod6,stage_training_v6,Emma,pv_nmdar_eranet,2AFC_6,Bpod6,21,36006,21,1.8.2,021_stage_training_v6_20250611-114856,2025-06-11,11:49:07.934624,12:29:19.653342
91,1,0.0,1,0,0,0,1.0,1.0,1.0,0.0,1,1214.7794310000004,1227.878735,13.099304000000075,2.8206,3.0992,0.2785999999999999,3.0793,3.0896000000000003,0.0103000000000004,iaa,iaa,1,,0,0,1,1,70.0,-70.0,"[3.3797, 3.9131, 4.1333, 4.2593000000000005, 4.702100000000001, 4.9276, 5.2373, 5.392, 5.5494, 5.752400000000001]","[3.4503000000000004, 3.9218, 4.1759, 4.3133, 4.7622, 4.953600000000001, 5.301200000000001, 5.4515, 5.6046000000000005, 5.7778]","[3.0896000000000003, 3.4114, 3.5187000000000004, 3.6551, 3.7789, 3.8937, 4.0072, 4.1367, 4.4043, 4.5411, 4.7491, 4.8762, 4.9006, 5.7187]","[3.1021, 3.4519, 3.5901, 3.7081, 3.8179, 3.937, 4.0538, 4.171, 4.4635, 4.6073, 4.7563, 4.889200000000001, 4.9571000000000005, 5.7856000000000005]",0.0082,0.0086,100,1,0.5,0.0,0.0,0,0,1,0,0,10,10,0,0,0.0,0.5,LR,20.0,RT,0,0,0,1,,0.25,0.0,9.999999999976694e-05,1.0,/dev/ttyACM-Bpod6,stage_training_v6,Emma,pv_nmdar_eranet,2AFC_6,Bpod6,21,36006,21,1.8.2,021_stage_training_v6_20250611-114856,2025-06-11,11:49:07.934624,12:29:19.653342
92,0,0.0,0,1,0,0,0.0,1.0,1.0,1.0,1,1227.892731,1241.301535,13.408804000000146,2.8181000000000003,,,3.0764,3.3991,0.3227000000000002,aaa,aaa,1,,0,1,0,1,-70.0,-70.0,"[3.4055, 3.7237, 3.8586, 3.9868, 4.0943000000000005, 4.2010000000000005, 4.3254, 4.463, 4.615]","[3.47, 3.7752, 3.9205, 4.0304, 4.1343000000000005, 4.2481, 4.371, 4.5099, 4.6567]","[3.3991, 3.5404, 3.7243, 4.4648, 4.833200000000001]","[3.4759, 3.5996, 3.7729, 4.508500000000001, 4.8519000000000005]",0.0082,0.0086,100,1,0.5,0.0,0.0,0,0,1,0,0,10,10,0,0,0.0,0.5,LR,20.0,RT,0,0,0,1,,0.25,0.0,9.999999999976694e-05,1.0,/dev/ttyACM-Bpod6,stage_training_v6,Emma,pv_nmdar_eranet,2AFC_6,Bpod6,21,36006,21,1.8.2,021_stage_training_v6_20250611-114856,2025-06-11,11:49:07.934624,12:29:19.653342
93,1,1.0,1,0,0,0,1.0,0.0,1.0,1.0,1,1241.314131,1254.413935,13.09980399999995,2.8206,3.0997000000000003,0.2791000000000001,3.0793,3.0901,0.0108000000000001,iaa,iaa,1,,0,0,1,1,70.0,70.0,"[3.3941000000000003, 4.0052, 4.4221, 4.5543000000000005, 4.7066, 5.045100000000001, 5.2006000000000006]","[3.4469000000000003, 4.0488, 4.4606, 4.6165, 4.7596, 5.0698, 5.2487]","[3.0901, 3.4239, 3.5149000000000004, 3.6413, 3.7588, 3.8791, 4.018800000000001, 4.1286000000000005, 4.2624, 4.42, 4.8554, 5.0112000000000005, 5.1991000000000005]","[3.1091, 3.4465000000000003, 3.5853, 3.6877, 3.8039, 3.9202, 4.0439, 4.1837, 4.317200000000001, 4.4608, 4.9186000000000005, 5.0776, 5.2477]",0.0082,0.0086,100,1,0.5,0.0,0.0,0,0,1,0,0,10,10,0,0,0.0,0.5,LR,20.0,RT,0,0,0,1,,0.25,0.0,9.999999999976694e-05,1.0,/dev/ttyACM-Bpod6,stage_training_v6,Emma,pv_nmdar_eranet,2AFC_6,Bpod6,21,36006,21,1.8.2,021_stage_training_v6_20250611-114856,2025-06-11,11:49:07.934624,12:29:19.653342
94,0,0.0,0,1,0,0,0.0,1.0,1.0,1.0,1,1254.425331,1267.887635,13.462304000000133,2.8181000000000003,,,3.0764,3.4526000000000003,0.3762000000000003,aaa,aaa,1,,0,1,0,1,-70.0,-70.0,"[3.7317, 4.5625, 4.8932, 5.2094000000000005, 5.3438, 5.4701, 5.605, 5.7709]","[3.8007, 4.6142, 4.9706, 5.2638, 5.393000000000001, 5.5198, 5.6588, 5.823300000000001]","[3.4526000000000003, 3.5717000000000003, 3.7629, 3.8794, 4.0284, 4.5657000000000005, 4.7126, 4.9286, 5.7838]","[3.5087, 3.64, 3.7987, 3.9579, 4.1026, 4.615200000000001, 4.7995, 4.9699, 5.813400000000001]",0.0082,0.0086,100,1,0.5,0.0,0.0,0,0,1,0,0,10,10,0,0,0.0,0.5,LR,20.0,RT,0,0,0,1,,0.25,0.0,9.999999999976694e-05,1.0,/dev/ttyACM-Bpod6,stage_training_v6,Emma,pv_nmdar_eranet,2AFC_6,Bpod6,21,36006,21,1.8.2,021_stage_training_v6_20250611-114856,2025-06-11,11:49:07.934624,12:29:19.653342
95,1,1.0,1,0,0,0,1.0,0.0,1.0,1.0,1,1267.899431,1281.398135,13.49870399999986,2.8206,3.4986,0.6779999999999999,3.0793,3.4890000000000003,0.4097000000000004,iaa,iaa,1,,0,0,1,1,70.0,70.0,"[4.015000000000001, 4.3395, 4.4518, 10.1079, 10.5511, 12.9484, 13.3736]","[4.0669, 4.3493, 4.5061, 10.1244, 10.7801, 12.9864, 13.4193]","[3.4890000000000003, 3.6062, 3.7358, 3.8928, 4.0385, 4.1484000000000005, 4.2805, 4.4553, 4.6183000000000005, 10.5574, 12.9554, 13.4013]","[3.5405, 3.658, 3.7794, 3.9217, 4.0655, 4.2133, 4.3575, 4.506600000000001, 4.674, 10.6267, 12.988, 13.407]",0.0082,0.0086,100,1,0.5,0.0,0.0,0,0,1,0,0,10,10,0,0,0.0,0.5,LR,20.0,RT,0,0,0,1,,0.25,0.0,9.999999999976694e-05,1.0,/dev/ttyACM-Bpod6,stage_training_v6,Emma,pv_nmdar_eranet,2AFC_6,Bpod6,21,36006,21,1.8.2,021_stage_training_v6_20250611-114856,2025-06-11,11:49:07.934624,12:29:19.653342
96,0,0.0,1,0,0,0,1.0,1.0,0.0,0.0,1,1281.457131,1295.212335,13.755204000000047,2.8181000000000003,3.7551,0.9369999999999998,3.0764,3.7455,0.6691000000000003,aaa,aaa,1,,0,1,0,1,-70.0,-70.0,"[3.7455, 4.6157, 4.883500000000001]","[3.7821, 4.6843, 4.8974]","[3.7599, 3.8752, 4.8402]","[3.7831, 3.9443, 4.9101]",0.0082,0.0086,100,1,0.5,0.0,0.0,0,0,1,0,0,10,10,0,0,0.0,0.5,LR,20.0,RT,0,0,0,1,,0.25,0.0,9.999999999976694e-05,1.0,/dev/ttyACM-Bpod6,stage_training_v6,Emma,pv_nmdar_eranet,2AFC_6,Bpod6,21,36006,21,1.8.2,021_stage_training_v6_20250611-114856,2025-06-11,11:49:07.934624,12:29:19.653342
97,1,0.0,0,1,0,0,0.0,1.0,0.0,1.0,1,1295.225031,1308.766935,13.54190400000016,2.8206,,,3.0793,3.5322,0.4529000000000001,iaa,iaa,1,,0,0,1,1,70.0,-70.0,"[3.5322, 4.3420000000000005, 4.6554, 4.812, 4.9503, 5.5539000000000005, 5.8167, 5.9381, 6.088100000000001, 6.2151000000000005, 6.3519000000000005]","[3.5944000000000003, 4.406000000000001, 4.712000000000001, 4.851, 5.0071, 5.6287, 5.8255, 6.0083, 6.1371, 6.2572, 6.404]","[3.5351000000000004, 3.6732, 3.8104, 4.3537, 4.827100000000001, 4.9524, 5.091200000000001, 5.6003, 5.7525, 6.3539]","[3.6001000000000003, 3.7322, 3.8801, 4.4042, 4.845400000000001, 5.008900000000001, 5.161300000000001, 5.6244000000000005, 5.8327, 6.4038]",0.0082,0.0086,100,1,0.5,0.0,0.0,0,0,1,0,0,10,10,0,0,0.0,0.5,LR,20.0,RT,0,0,0,1,,0.25,0.0,9.999999999976694e-05,1.0,/dev/ttyACM-Bpod6,stage_training_v6,Emma,pv_nmdar_eranet,2AFC_6,Bpod6,21,36006,21,1.8.2,021_stage_training_v6_20250611-114856,2025-06-11,11:49:07.934624,12:29:19.653342
98,0,1.0,1,0,0,0,1.0,0.0,0.0,1.0,1,1308.7830310000004,1322.251435,13.468403999999964,2.8181000000000003,3.4683,0.6501999999999999,3.0764,3.4587000000000003,0.3823000000000003,aaa,aaa,1,,0,1,0,1,-70.0,70.0,"[3.4587000000000003, 3.5851, 3.6861, 3.7949, 3.9127, 4.0406, 4.1826, 4.3041, 4.4346000000000005, 4.5904, 12.2299, 12.4021, 12.5405, 12.6872, 12.8941, 13.2416]","[3.5234, 3.6252, 3.7282, 3.837, 3.957, 4.081, 4.2328, 4.3575, 4.494400000000001, 4.6370000000000005, 12.272, 12.433, 12.6122, 12.7462, 12.9126, 13.2959]","[3.9396, 4.037, 12.2322, 12.3844, 12.8581, 13.0177, 13.2462]","[3.9512, 4.0838, 12.2764, 12.4403, 12.9212, 13.0893, 13.2956]",0.0082,0.0086,100,1,0.5,0.0,0.0,0,0,1,0,0,10,10,0,0,0.0,0.5,LR,20.0,RT,0,0,0,1,,0.25,0.0,9.999999999976694e-05,1.0,/dev/ttyACM-Bpod6,stage_training_v6,Emma,pv_nmdar_eranet,2AFC_6,Bpod6,21,36006,21,1.8.2,021_stage_training_v6_20250611-114856,2025-06-11,11:49:07.934624,12:29:19.653342
99,1,0.0,1,0,0,0,1.0,1.0,1.0,0.0,1,1322.263531,1335.373235,13.109703999999963,2.8206,3.1096000000000004,0.2890000000000001,3.0793,3.1,0.0207000000000001,iaa,iaa,1,,0,0,1,1,70.0,-70.0,[3.6938],[3.7331],"[3.1, 3.1003000000000003, 3.1029, 3.7037, 3.8113, 3.9444, 4.555000000000001, 4.7179]","[3.1002, 3.1006, 3.1307, 3.7348, 3.8785, 3.9966, 4.6265, 4.778700000000001]",0.0082,0.0086,100,1,0.5,0.0,0.0,0,0,1,0,0,10,10,0,0,0.0,0.5,LR,20.0,RT,0,0,0,1,,0.25,0.0,9.999999999976694e-05,1.0,/dev/ttyACM-Bpod6,stage_training_v6,Emma,pv_nmdar_eranet,2AFC_6,Bpod6,21,36006,21,1.8.2,021_stage_training_v6_20250611-114856,2025-06-11,11:49:07.934624,12:29:19.653342
100,0,0.0,0,1,0,0,0.0,1.0,1.0,1.0,1,1335.3845310000004,1348.830635,13.446104000000105,2.8181000000000003,,,3.0682,3.4364000000000003,0.3682000000000003,aaa,aaa,1,,0,1,0,1,-70.0,-70.0,"[3.7252, 3.8679, 4.2436, 4.4221]","[3.7693, 3.9322, 4.2748, 4.4699]","[3.4364000000000003, 3.5745, 3.7215, 4.0277, 4.2171]","[3.5089, 3.6329, 3.7716, 4.0972, 4.2805]",0.0082,0.0086,100,0,0.5,0.0,0.0,0,0,1,0,0,10,10,0,0,0.0,0.5,LR,20.0,RT,0,0,0,1,,0.25,0.0,9.999999999976694e-05,1.0,/dev/ttyACM-Bpod6,stage_training_v6,Emma,pv_nmdar_eranet,2AFC_6,Bpod6,21,36006,21,1.8.2,021_stage_training_v6_20250611-114856,2025-06-11,11:49:07.934624,12:29:19.653342
101,0,0.0,1,0,0,0,1.0,0.0,0.0,0.0,1,1348.853131,1362.278435,13.42530399999987,2.8181000000000003,3.4252,0.6070999999999995,3.0682,3.4075,0.3393000000000001,aaa,aaa,1,,0,1,0,1,-70.0,-70.0,"[3.4075, 3.591, 3.7186, 3.7296, 3.8877, 4.0212, 4.13, 4.2394, 4.3521, 4.4793, 4.611400000000001, 4.7432, 4.9030000000000005, 5.0669, 11.0318, 11.3189, 11.451, 11.5825, 11.6977]","[3.4757, 3.615, 3.7226, 3.7783, 3.9474, 4.061, 4.1684, 4.2794, 4.3958, 4.523000000000001, 4.653300000000001, 4.787, 4.9432, 5.0944, 11.0724, 11.3727, 11.511, 11.6324, 11.7474]","[3.4256, 3.5540000000000003, 3.7196, 3.7355, 11.0612, 11.1578, 11.336, 11.8375]","[3.4772000000000003, 3.6298, 3.7208, 3.7795, 11.0692, 11.2164, 11.3705, 11.8971]",0.0082,0.0086,100,0,0.5,0.0,0.0,0,0,1,0,0,10,10,0,0,0.0,0.5,LR,20.0,RT,0,0,0,1,,0.25,0.0,9.999999999976694e-05,1.0,/dev/ttyACM-Bpod6,stage_training_v6,Emma,pv_nmdar_eranet,2AFC_6,Bpod6,21,36006,21,1.8.2,021_stage_training_v6_20250611-114856,2025-06-11,11:49:07.934624,12:29:19.653342
102,0,1.0,1,0,0,0,1.0,1.0,0.0,1.0,1,1362.289231,1375.691635,13.402403999999931,2.8181000000000003,3.4023000000000003,0.5842,3.0682,3.3846000000000003,0.3164000000000002,aaa,aaa,1,,0,1,0,1,-70.0,70.0,"[3.3846000000000003, 3.5168000000000004, 3.6212, 3.7274, 3.8419, 3.9631, 4.0926, 4.2346, 4.3833, 4.546600000000001, 5.167800000000001, 5.3504000000000005]","[3.4525, 3.5584, 3.6599, 3.7667, 3.8845, 4.004, 4.1376, 4.2844, 4.4458, 4.6003, 5.2355, 5.423100000000001]","[4.5476, 5.3876]","[4.6013, 5.4167000000000005]",0.0082,0.0086,100,0,0.5,0.0,0.0,0,0,1,0,0,10,10,0,0,0.0,0.5,LR,20.0,RT,0,0,0,1,,0.25,0.0,9.999999999976694e-05,1.0,/dev/ttyACM-Bpod6,stage_training_v6,Emma,pv_nmdar_eranet,2AFC_6,Bpod6,21,36006,21,1.8.2,021_stage_training_v6_20250611-114856,2025-06-11,11:49:07.934624,12:29:19.653342
103,0,1.0,1,0,0,0,1.0,1.0,0.0,1.0,1,1375.703431,1389.080035,13.376604000000045,2.8181000000000003,3.3765,0.5583999999999998,3.0682,3.3588,0.2905999999999999,aaa,aaa,1,,0,1,0,1,-70.0,70.0,"[3.3588, 3.4906, 3.5977, 3.7122, 3.8311, 3.9481, 4.0903, 4.2494000000000005, 4.4203]","[3.4248000000000003, 3.536, 3.6423, 3.7574, 3.8696, 3.9943, 4.1369, 4.2902000000000005, 4.4755]","[4.091, 4.4367, 4.4371]","[4.1351, 4.437, 4.4736]",0.0082,0.0086,100,0,0.5,0.0,0.0,0,0,1,0,0,10,10,0,0,0.0,0.5,LR,20.0,RT,0,0,0,1,,0.25,0.0,9.999999999976694e-05,1.0,/dev/ttyACM-Bpod6,stage_training_v6,Emma,pv_nmdar_eranet,2AFC_6,Bpod6,21,36006,21,1.8.2,021_stage_training_v6_20250611-114856,2025-06-11,11:49:07.934624,12:29:19.653342
104,0,1.0,1,0,0,0,1.0,1.0,0.0,1.0,1,1389.091631,1402.483635,13.392004000000044,2.8181000000000003,3.3919,0.5737999999999999,3.0682,3.3742,0.306,aaa,aaa,1,,0,1,0,1,-70.0,70.0,"[3.3742, 3.5018, 3.6073, 3.7314, 4.0246, 4.1744, 4.309200000000001, 4.4547, 5.2334000000000005, 10.7146, 10.8709, 11.035]","[3.4369, 3.5451, 3.6602, 3.7784, 4.056, 4.236800000000001, 4.3626000000000005, 4.5091, 5.2958, 10.757, 10.9279, 11.1036]","[3.8584, 4.016500000000001, 4.4557, 4.6218, 10.7202, 11.0371]","[3.9161, 4.065300000000001, 4.5098, 4.6821, 10.7556, 11.1049]",0.0082,0.0086,100,0,0.5,0.0,0.0,0,0,1,0,0,10,10,0,0,0.0,0.5,LR,20.0,RT,0,0,0,1,,0.25,0.0,9.999999999976694e-05,1.0,/dev/ttyACM-Bpod6,stage_training_v6,Emma,pv_nmdar_eranet,2AFC_6,Bpod6,21,36006,21,1.8.2,021_stage_training_v6_20250611-114856,2025-06-11,11:49:07.934624,12:29:19.653342
105,0,1.0,1,0,0,0,1.0,1.0,0.0,1.0,1,1402.497231,1415.896235,13.399003999999875,2.8181000000000003,3.3989000000000003,0.5808,3.0682,3.3812,0.3130000000000001,aaa,aaa,1,,0,1,0,1,-70.0,70.0,"[3.3812, 3.5381, 3.6667, 3.7703, 3.8879, 4.0106, 4.1369, 4.2789, 4.4389, 10.0732, 10.2155, 10.3424, 10.4722, 10.9286, 11.0886, 11.2718, 11.4559]","[3.4582, 3.6028, 3.7079, 3.8187, 3.9363, 4.0547, 4.1828, 4.3258, 4.4844, 10.1145, 10.2714, 10.3945, 10.5208, 10.9893, 11.1528, 11.3239, 11.4981]","[3.4114, 4.2996, 4.4417, 10.6082, 10.7555, 11.2697]","[3.4568000000000003, 4.316, 4.4777000000000005, 10.6668, 10.8232, 11.326]",0.0082,0.0086,100,0,0.5,0.0,0.0,0,0,1,0,0,10,10,0,0,0.0,0.5,LR,20.0,RT,0,0,0,1,,0.25,0.0,9.999999999976694e-05,1.0,/dev/ttyACM-Bpod6,stage_training_v6,Emma,pv_nmdar_eranet,2AFC_6,Bpod6,21,36006,21,1.8.2,021_stage_training_v6_20250611-114856,2025-06-11,11:49:07.934624,12:29:19.653342
106,0,1.0,1,0,0,0,1.0,1.0,0.0,1.0,1,1415.907431,1429.287735,13.380304000000026,2.8181000000000003,3.3802000000000003,0.5621,3.0682,3.3625000000000003,0.2943000000000002,aaa,aaa,1,,0,1,0,1,-70.0,70.0,"[3.3625000000000003, 3.483, 3.5874, 3.7007, 3.8173, 3.9423, 4.0619000000000005, 4.1993, 4.3613, 4.507000000000001, 4.6776, 4.8216, 4.964300000000001, 5.1634]","[3.4196, 3.5257, 3.6329, 3.7429, 3.8641, 3.981, 4.1104, 4.2557, 4.4108, 4.5679, 4.7456000000000005, 4.8785, 5.0297, 5.1885]","[4.2351, 4.5274, 4.9937000000000005]","[4.2471000000000005, 4.569100000000001, 5.028700000000001]",0.0082,0.0086,100,0,0.5,0.0,0.0,0,0,1,0,0,10,10,0,0,0.0,0.5,LR,20.0,RT,0,0,0,1,,0.25,0.0,9.999999999976694e-05,1.0,/dev/ttyACM-Bpod6,stage_training_v6,Emma,pv_nmdar_eranet,2AFC_6,Bpod6,21,36006,21,1.8.2,021_stage_training_v6_20250611-114856,2025-06-11,11:49:07.934624,12:29:19.653342
107,0,1.0,1,0,0,0,1.0,1.0,0.0,1.0,1,1429.304131,1443.160635,13.856503999999859,2.8181000000000003,3.8564,1.0382999999999996,3.0682,3.8387,0.7705000000000002,aaa,aaa,1,,0,1,0,1,-70.0,70.0,"[3.8387, 4.1673, 4.1828, 7.451, 7.671200000000001]","[3.8812, 4.1738, 4.2527, 7.497400000000001, 7.6733]","[3.8694, 4.1694, 7.4679, 7.605700000000001]","[3.8739, 4.2532000000000005, 7.4954, 7.684]",0.0082,0.0086,100,0,0.5,0.0,0.0,0,0,1,0,0,10,10,0,0,0.0,0.5,LR,20.0,RT,0,0,0,1,,0.25,0.0,9.999999999976694e-05,1.0,/dev/ttyACM-Bpod6,stage_training_v6,Emma,pv_nmdar_eranet,2AFC_6,Bpod6,21,36006,21,1.8.2,021_stage_training_v6_20250611-114856,2025-06-11,11:49:07.934624,12:29:19.653342
108,0,1.0,1,0,0,0,1.0,1.0,0.0,1.0,1,1443.174131,1456.599635,13.425504000000045,2.8181000000000003,3.4254,0.6072999999999995,3.0682,3.4077,0.3395000000000001,aaa,aaa,1,,0,1,0,1,-70.0,70.0,"[3.4077, 3.5133, 3.6055, 3.7046, 3.8042, 3.9133, 4.029100000000001, 4.1642, 4.4599, 4.5852, 4.7006000000000006, 4.821400000000001, 4.9558, 5.1126000000000005, 5.406000000000001, 5.5417000000000005, 5.7339, 6.2673000000000005, 7.650600000000001, 7.8327]","[3.4603, 3.5483, 3.639, 3.7338, 3.835, 3.9448, 4.0727, 4.1992, 4.5162, 4.6302, 4.7445, 4.8715, 5.0105, 5.1656, 5.4596, 5.6028, 5.771800000000001, 6.3175, 7.725, 7.901000000000001]","[4.0305, 4.1463, 4.2804, 5.1109, 5.7132000000000005, 6.2862]","[4.0731, 4.2032, 4.3419, 5.1688, 5.7755, 6.3079]",0.0082,0.0086,100,0,0.5,0.0,0.0,0,0,1,0,0,10,10,0,0,0.0,0.5,LR,20.0,RT,0,0,0,1,,0.25,0.0,9.999999999976694e-05,1.0,/dev/ttyACM-Bpod6,stage_training_v6,Emma,pv_nmdar_eranet,2AFC_6,Bpod6,21,36006,21,1.8.2,021_stage_training_v6_20250611-114856,2025-06-11,11:49:07.934624,12:29:19.653342
109,0,1.0,1,0,0,0,1.0,1.0,0.0,1.0,1,1456.613731,1470.014435,13.400704000000136,2.8181000000000003,3.4006000000000003,0.5825,3.0682,3.3829,0.3147000000000002,aaa,aaa,1,,0,1,0,1,-70.0,70.0,"[3.3829, 3.4954, 3.6038, 3.7549, 3.8643, 3.9828, 4.1283, 4.3003]","[3.4332000000000003, 3.5385, 3.6496, 3.7733, 3.9172, 4.0319, 4.1669, 4.3166]","[3.6013, 3.7241, 4.1147, 4.2967]","[3.6534, 3.7826, 4.1711, 4.3192]",0.0082,0.0086,100,0,0.5,0.0,0.0,0,0,1,0,0,10,10,0,0,0.0,0.5,LR,20.0,RT,0,0,0,1,,0.25,0.0,9.999999999976694e-05,1.0,/dev/ttyACM-Bpod6,stage_training_v6,Emma,pv_nmdar_eranet,2AFC_6,Bpod6,21,36006,21,1.8.2,021_stage_training_v6_20250611-114856,2025-06-11,11:49:07.934624,12:29:19.653342
110,0,1.0,0,1,0,0,0.0,1.0,1.0,0.0,1,1470.026131,1483.484136,13.458004999999956,2.8181000000000003,,,3.0682,3.4483,0.3801000000000001,aaa,aaa,1,,0,1,0,1,-70.0,70.0,"[3.4787000000000003, 3.7397, 3.8831, 3.935, 4.0641, 4.204400000000001, 4.5275, 4.692, 4.9161, 5.0829, 5.250900000000001, 5.3937, 13.0497, 13.2624]","[3.5093, 3.8068, 3.8907, 3.9701, 4.129300000000001, 4.2802, 4.5919, 4.7626, 4.9507, 5.1359, 5.3099, 5.4562, 13.085, 13.2739]","[3.4483, 3.5851, 3.7914, 3.9143, 4.3605, 4.8912, 13.2097, 13.3618]","[3.5196, 3.6525, 3.8029, 3.9743, 4.4313, 4.9551, 13.2844, 13.4285]",0.0082,0.0086,100,0,0.5,0.0,0.0,0,0,1,0,0,10,10,0,0,0.0,0.5,LR,20.0,RT,0,0,0,1,,0.25,0.0,9.999999999976694e-05,1.0,/dev/ttyACM-Bpod6,stage_training_v6,Emma,pv_nmdar_eranet,2AFC_6,Bpod6,21,36006,21,1.8.2,021_stage_training_v6_20250611-114856,2025-06-11,11:49:07.934624,12:29:19.653342
111,0,0.0,1,0,0,0,1.0,0.0,0.0,0.0,1,1483.496231,1496.923235,13.427003999999895,2.8181000000000003,3.4269000000000003,0.6088,3.0682,3.4092,0.3410000000000002,aaa,aaa,1,,0,1,0,1,-70.0,-70.0,"[3.4092, 3.6072, 3.7455, 3.8734, 4.0415, 4.1856, 4.324, 4.4882]","[3.4676, 3.6348, 3.7647, 3.9502, 4.1185, 4.2469, 4.3746, 4.5276000000000005]","[3.5431000000000004, 3.7102, 3.8785, 3.8972]","[3.6391, 3.7838, 3.8829, 3.9528]",0.0082,0.0086,100,0,0.5,0.0,0.0,0,0,1,0,0,10,10,0,0,0.0,0.5,LR,20.0,RT,0,0,0,1,,0.25,0.0,9.999999999976694e-05,1.0,/dev/ttyACM-Bpod6,stage_training_v6,Emma,pv_nmdar_eranet,2AFC_6,Bpod6,21,36006,21,1.8.2,021_stage_training_v6_20250611-114856,2025-06-11,11:49:07.934624,12:29:19.653342
112,0,1.0,0,1,0,0,0.0,1.0,1.0,0.0,1,1496.934731,1510.780035,13.845303999999945,2.8181000000000003,,,3.0682,3.8356,0.7674000000000003,aaa,aaa,1,,0,1,0,1,-70.0,70.0,"[3.8548, 3.9985, 4.1845, 4.4162, 4.4274, 4.571000000000001, 5.0799]","[3.8923, 4.0877, 4.2755, 4.4273, 4.4275, 4.6546, 5.1385000000000005]","[3.8356, 4.0424, 4.212400000000001, 4.3684, 4.6412, 4.8059]","[3.897, 4.0877, 4.2818000000000005, 4.4518, 4.6504, 4.8779]",0.0082,0.0086,100,0,0.5,0.0,0.0,0,0,1,0,0,10,10,0,0,0.0,0.5,LR,20.0,RT,0,0,0,1,,0.25,0.0,9.999999999976694e-05,1.0,/dev/ttyACM-Bpod6,stage_training_v6,Emma,pv_nmdar_eranet,2AFC_6,Bpod6,21,36006,21,1.8.2,021_stage_training_v6_20250611-114856,2025-06-11,11:49:07.934624,12:29:19.653342
113,0,0.0,1,0,0,0,1.0,0.0,0.0,0.0,1,1510.792431,1524.249135,13.456703999999945,2.8181000000000003,3.4566000000000003,0.6385000000000001,3.0682,3.4389000000000003,0.3707000000000002,aaa,aaa,1,,0,1,0,1,-70.0,-70.0,"[3.4389000000000003, 3.6156, 3.7466, 3.9219, 4.1096, 4.2471000000000005, 4.3832, 4.4852, 4.5938, 4.708600000000001, 4.8317000000000005, 4.9824, 5.1108, 5.2774, 5.6108]","[3.5053, 3.6497, 3.8279, 3.9956, 4.133900000000001, 4.311100000000001, 4.4181, 4.5231, 4.6370000000000005, 4.7511, 4.881200000000001, 5.0331, 5.1634, 5.3242, 5.6530000000000005]","[3.4671000000000003, 3.5767, 3.7964, 3.9226, 4.0882000000000005, 4.8512, 5.2765]","[3.5047, 3.66, 3.8268, 3.9974, 4.1507000000000005, 4.879, 5.3249]",0.0082,0.0086,100,0,0.5,0.0,0.0,0,0,1,0,0,10,10,0,0,0.0,0.5,LR,20.0,RT,0,0,0,1,,0.25,0.0,9.999999999976694e-05,1.0,/dev/ttyACM-Bpod6,stage_training_v6,Emma,pv_nmdar_eranet,2AFC_6,Bpod6,21,36006,21,1.8.2,021_stage_training_v6_20250611-114856,2025-06-11,11:49:07.934624,12:29:19.653342
114,0,1.0,1,0,0,0,1.0,1.0,0.0,1.0,1,1524.260531,1537.665235,13.404704000000038,2.8181000000000003,3.4046000000000003,0.5865,3.0682,3.3869,0.3187000000000002,aaa,aaa,1,,0,1,0,1,-70.0,70.0,"[3.3869, 3.5134000000000003, 3.619, 3.7253, 3.8548, 3.9748, 4.095000000000001, 4.2331, 4.3803, 4.5215000000000005, 4.696400000000001, 10.1108, 10.2158, 10.3369, 10.4993, 10.7773, 10.9427, 11.1018, 11.2698]","[3.4486000000000003, 3.5519000000000003, 3.6599, 3.7755, 3.9062, 4.023000000000001, 4.1431, 4.2854, 4.4236, 4.5694, 4.7447, 10.1334, 10.2654, 10.3928, 10.5258, 10.8344, 10.9994, 11.1601, 11.3252]","[3.6344, 3.7471, 4.2555000000000005, 10.4739, 10.6141]","[3.6584, 3.7747, 4.2782, 10.5336, 10.6786]",0.0082,0.0086,100,0,0.5,0.0,0.0,0,0,1,0,0,10,10,0,0,0.0,0.5,LR,20.0,RT,0,0,0,1,,0.25,0.0,9.999999999976694e-05,1.0,/dev/ttyACM-Bpod6,stage_training_v6,Emma,pv_nmdar_eranet,2AFC_6,Bpod6,21,36006,21,1.8.2,021_stage_training_v6_20250611-114856,2025-06-11,11:49:07.934624,12:29:19.653342
115,0,1.0,1,0,0,0,1.0,1.0,0.0,1.0,1,1537.677131,1551.100435,13.423304000000146,2.8181000000000003,3.4232,0.6050999999999997,3.0682,3.4055,0.3372999999999999,aaa,aaa,1,,0,1,0,1,-70.0,70.0,"[3.4055, 3.5570000000000004, 3.6744, 3.8328, 3.9575, 4.0609, 4.1653, 4.2758, 4.3932, 4.5208, 4.6738, 4.883500000000001, 9.6564, 9.9804, 10.1124, 10.2507, 10.4558, 10.643, 10.842, 11.3121, 11.5138, 11.649, 11.8181]","[3.4523, 3.5696000000000003, 3.7156, 3.8874, 3.9961, 4.0991, 4.2061, 4.3180000000000005, 4.4393, 4.5568, 4.7152, 4.8914, 9.699, 10.0375, 10.1692, 10.3058, 10.5016, 10.6874, 10.8697, 11.3513, 11.5291, 11.7197, 11.8975]","[3.4261000000000004, 3.5340000000000003, 3.6707, 9.6547, 9.8022, 10.8057, 11.3159, 11.4557, 11.8461]","[3.4523, 3.5885, 3.717, 9.7027, 9.8619, 10.8775, 11.3477, 11.5358, 11.9]",0.0082,0.0086,100,0,0.5,0.0,0.0,0,0,1,0,0,10,10,0,0,0.0,0.5,LR,20.0,RT,0,0,0,1,,0.25,0.0,9.999999999976694e-05,1.0,/dev/ttyACM-Bpod6,stage_training_v6,Emma,pv_nmdar_eranet,2AFC_6,Bpod6,21,36006,21,1.8.2,021_stage_training_v6_20250611-114856,2025-06-11,11:49:07.934624,12:29:19.653342
116,0,1.0,1,0,0,0,1.0,1.0,0.0,1.0,1,1551.113331,1564.490035,13.376704000000016,2.8181000000000003,3.3766000000000003,0.5585,3.0682,3.3589,0.2907000000000002,aaa,aaa,1,,0,1,0,1,-70.0,70.0,"[3.3589, 3.4701, 3.5647, 3.8021, 3.943, 4.0629, 4.1813, 4.3086, 4.4548000000000005, 4.6005, 4.7717]","[3.4095, 3.5052000000000003, 3.6054, 3.8604, 3.999, 4.1121, 4.2292000000000005, 4.359, 4.5012, 4.6429, 4.8057]","[3.5829, 3.6709, 3.8041, 4.3209]","[3.606, 3.7259, 3.8601, 4.357600000000001]",0.0082,0.0086,100,0,0.5,0.0,0.0,0,0,1,0,0,10,10,0,0,0.0,0.5,LR,20.0,RT,0,0,0,1,,0.25,0.0,9.999999999976694e-05,1.0,/dev/ttyACM-Bpod6,stage_training_v6,Emma,pv_nmdar_eranet,2AFC_6,Bpod6,21,36006,21,1.8.2,021_stage_training_v6_20250611-114856,2025-06-11,11:49:07.934624,12:29:19.653342
117,0,1.0,1,0,0,0,1.0,1.0,0.0,1.0,1,1564.501431,1577.858435,13.357004000000188,2.8181000000000003,3.3569,0.5387999999999997,3.0682,3.3392,0.2709999999999999,aaa,aaa,1,,0,1,0,1,-70.0,70.0,"[3.3392, 3.4553000000000003, 3.5651, 3.7204, 3.84, 3.9633, 4.103, 4.2535, 5.2902000000000005, 13.1858]","[3.3898, 3.5016000000000003, 3.6178, 3.7403, 3.8943, 4.0166, 4.1572000000000005, 4.2964, 5.343100000000001, 13.2302]","[3.5916, 3.6899, 13.3245]","[3.6184, 3.7493]",0.0082,0.0086,100,0,0.5,0.0,0.0,0,0,1,0,0,10,10,0,0,0.0,0.5,LR,20.0,RT,0,0,0,1,,0.25,0.0,9.999999999976694e-05,1.0,/dev/ttyACM-Bpod6,stage_training_v6,Emma,pv_nmdar_eranet,2AFC_6,Bpod6,21,36006,21,1.8.2,021_stage_training_v6_20250611-114856,2025-06-11,11:49:07.934624,12:29:19.653342
118,0,1.0,1,0,0,0,1.0,1.0,0.0,1.0,1,1577.877531,1591.422035,13.544503999999964,2.8181000000000003,3.5444,0.7262999999999997,3.0682,3.5267000000000004,0.4585000000000003,aaa,aaa,1,,0,1,0,1,-70.0,70.0,"[3.5267000000000004, 4.0362, 4.2542, 4.3827, 4.5256, 4.6759]","[3.5735, 4.0956, 4.2612000000000005, 4.4432, 4.5753, 4.7333]","[3.5316, 4.1971, 4.7043]","[0.0154, 3.5718, 4.2697, 4.7074]",0.0082,0.0086,100,0,0.5,0.0,0.0,0,0,1,0,0,10,10,0,0,0.0,0.5,LR,20.0,RT,0,0,0,1,,0.25,0.0,9.999999999976694e-05,1.0,/dev/ttyACM-Bpod6,stage_training_v6,Emma,pv_nmdar_eranet,2AFC_6,Bpod6,21,36006,21,1.8.2,021_stage_training_v6_20250611-114856,2025-06-11,11:49:07.934624,12:29:19.653342
119,0,1.0,1,0,0,0,1.0,1.0,0.0,1.0,1,1591.4334310000006,1604.909335,13.475904000000124,2.8181000000000003,3.4758,0.6576999999999997,3.0682,3.4581,0.3898999999999999,aaa,aaa,1,,0,1,0,1,-70.0,70.0,"[3.4581, 3.5676, 3.6657, 3.7702, 3.8861, 4.018800000000001, 4.295100000000001, 4.4503, 4.8044, 5.671600000000001, 5.8769, 9.5243]","[3.5061, 3.6063, 3.7058, 3.8149, 3.9313, 4.061, 4.349200000000001, 4.5116000000000005, 4.838900000000001, 5.7221, 5.92, 9.5627]","[4.020700000000001, 4.4576, 5.8509]","[4.0535000000000005, 4.511, 5.923]",0.0082,0.0086,100,0,0.5,0.0,0.0,0,0,1,0,0,10,10,0,0,0.0,0.5,LR,20.0,RT,0,0,0,1,,0.25,0.0,9.999999999976694e-05,1.0,/dev/ttyACM-Bpod6,stage_training_v6,Emma,pv_nmdar_eranet,2AFC_6,Bpod6,21,36006,21,1.8.2,021_stage_training_v6_20250611-114856,2025-06-11,11:49:07.934624,12:29:19.653342
120,1,0.0,0,1,0,0,0.0,1.0,0.0,1.0,1,1604.920231,1618.371135,13.450904000000035,2.8206,,,3.0707,3.4412000000000003,0.3705000000000003,iaa,iaa,1,,0,0,1,1,70.0,-70.0,"[3.4412000000000003, 3.5663, 3.7308, 3.8682, 4.0331, 4.1994, 4.6162]","[3.4866, 3.6335, 3.7602, 3.9426, 4.1087, 4.2687, 4.659400000000001]","[3.5866, 3.7044, 3.9251, 4.3856, 4.5849]","[3.6401, 3.7761, 3.9388, 4.468100000000001, 4.6610000000000005]",0.0082,0.0086,100,0,0.5,0.0,0.0,0,0,1,0,0,10,10,0,0,0.0,0.5,LR,20.0,RT,0,0,0,1,,0.25,0.0,9.999999999976694e-05,1.0,/dev/ttyACM-Bpod6,stage_training_v6,Emma,pv_nmdar_eranet,2AFC_6,Bpod6,21,36006,21,1.8.2,021_stage_training_v6_20250611-114856,2025-06-11,11:49:07.934624,12:29:19.653342
121,1,0.0,0,1,0,0,0.0,0.0,0.0,1.0,1,1618.383231,1632.282135,13.898903999999902,2.8206,,,3.0707,3.8892,0.8185000000000002,iaa,iaa,1,,0,0,1,1,70.0,-70.0,"[3.8892, 4.2231000000000005, 4.401, 4.5993, 4.779]","[3.9383, 4.2955000000000005, 4.462000000000001, 4.634, 4.8517]","[4.0279, 4.2196, 4.5613]","[4.1144, 4.298, 4.6397]",0.0082,0.0086,100,0,0.5,0.0,0.0,0,0,1,0,0,10,10,0,0,0.0,0.5,LR,20.0,RT,0,0,0,1,,0.25,0.0,9.999999999976694e-05,1.0,/dev/ttyACM-Bpod6,stage_training_v6,Emma,pv_nmdar_eranet,2AFC_6,Bpod6,21,36006,21,1.8.2,021_stage_training_v6_20250611-114856,2025-06-11,11:49:07.934624,12:29:19.653342
122,1,0.0,0,1,0,0,0.0,0.0,0.0,1.0,1,1632.2948310000006,1645.874435,13.579604000000018,2.8206,,,3.0707,3.5699,0.4992000000000001,iaa,iaa,1,,0,0,1,1,70.0,-70.0,"[3.5699, 3.8335, 3.9777, 4.1593, 4.3116, 4.7351, 4.8715, 5.0305]","[3.624, 3.9053, 4.0575, 4.2273000000000005, 4.3857, 4.7816, 4.9285000000000005, 5.094600000000001]","[3.6002, 3.6906, 3.8927, 4.0162, 4.3533, 4.4959, 5.1997]","[3.6223, 3.753, 3.901, 4.0602, 4.385800000000001, 4.5716, 5.2793]",0.0082,0.0086,100,0,0.5,0.0,0.0,0,0,1,0,0,10,10,0,0,0.0,0.5,LR,20.0,RT,0,0,0,1,,0.25,0.0,9.999999999976694e-05,1.0,/dev/ttyACM-Bpod6,stage_training_v6,Emma,pv_nmdar_eranet,2AFC_6,Bpod6,21,36006,21,1.8.2,021_stage_training_v6_20250611-114856,2025-06-11,11:49:07.934624,12:29:19.653342
123,1,0.0,0,1,0,0,0.0,0.0,0.0,1.0,1,1645.885931,1659.345635,13.459703999999876,2.8206,,,3.0707,3.45,0.3793000000000002,iaa,iaa,1,,0,0,1,1,70.0,-70.0,"[3.45, 3.6442, 3.7768, 3.9506, 3.9873, 4.298, 4.4572, 4.7109000000000005, 4.8707, 5.051, 5.2662]","[3.5133, 3.6753, 3.8566, 3.9532, 4.0298, 4.3689, 4.5301, 4.7250000000000005, 4.9275, 5.1084000000000005, 5.308800000000001]","[3.591, 3.8366, 3.949, 4.1319, 4.664000000000001]","[3.6831, 3.8549, 4.0342, 4.1984, 4.734500000000001]",0.0082,0.0086,100,0,0.5,0.0,0.0,0,0,1,0,0,10,10,0,0,0.0,0.5,LR,20.0,RT,0,0,0,1,,0.25,0.0,9.999999999976694e-05,1.0,/dev/ttyACM-Bpod6,stage_training_v6,Emma,pv_nmdar_eranet,2AFC_6,Bpod6,21,36006,21,1.8.2,021_stage_training_v6_20250611-114856,2025-06-11,11:49:07.934624,12:29:19.653342
124,1,0.0,0,1,0,0,0.0,0.0,0.0,1.0,1,1659.357431,1672.814635,13.457204000000047,2.8206,,,3.0707,3.4475,0.3768000000000002,iaa,iaa,1,,0,0,1,1,70.0,-70.0,"[3.4475, 3.629, 3.765, 4.1108, 4.129700000000001, 4.2634]","[3.5015, 3.6571, 3.8294, 4.1214, 4.1661, 4.3245000000000005]","[3.4901, 3.5761000000000003, 3.9295, 4.105]","[3.4964, 3.6635, 4.0041, 4.170100000000001]",0.0082,0.0086,100,0,0.5,0.0,0.0,0,0,1,0,0,10,10,0,0,0.0,0.5,LR,20.0,RT,0,0,0,1,,0.25,0.0,9.999999999976694e-05,1.0,/dev/ttyACM-Bpod6,stage_training_v6,Emma,pv_nmdar_eranet,2AFC_6,Bpod6,21,36006,21,1.8.2,021_stage_training_v6_20250611-114856,2025-06-11,11:49:07.934624,12:29:19.653342
125,1,0.0,0,1,0,0,0.0,0.0,0.0,1.0,1,1672.826231,1686.324835,13.498603999999885,2.8206,,,3.0707,3.4889,0.4182000000000001,iaa,iaa,1,,0,0,1,1,70.0,-70.0,"[3.4889, 4.3621, 5.1913, 5.3894]","[3.5565, 4.4059, 5.227, 5.452500000000001]","[3.4933, 4.1715]","[3.5604, 4.1825]",0.0082,0.0086,100,0,0.5,0.0,0.0,0,0,1,0,0,10,10,0,0,0.0,0.5,LR,20.0,RT,0,0,0,1,,0.25,0.0,9.999999999976694e-05,1.0,/dev/ttyACM-Bpod6,stage_training_v6,Emma,pv_nmdar_eranet,2AFC_6,Bpod6,21,36006,21,1.8.2,021_stage_training_v6_20250611-114856,2025-06-11,11:49:07.934624,12:29:19.653342
126,1,0.0,0,1,0,0,0.0,0.0,0.0,1.0,1,1686.335831,1700.2645350000007,13.928703999999929,2.8206,,,3.0707,3.919,0.8483,iaa,iaa,1,,0,0,1,1,70.0,-70.0,"[3.919, 4.0904, 11.6608, 12.2534, 13.6361]","[3.9646, 4.1734, 11.6848, 12.3179, 13.6474]",[4.3359000000000005],[4.4128],0.0082,0.0086,100,0,0.5,0.0,0.0,0,0,1,0,0,10,10,0,0,0.0,0.5,LR,20.0,RT,0,0,0,1,,0.25,0.0,9.999999999976694e-05,1.0,/dev/ttyACM-Bpod6,stage_training_v6,Emma,pv_nmdar_eranet,2AFC_6,Bpod6,21,36006,21,1.8.2,021_stage_training_v6_20250611-114856,2025-06-11,11:49:07.934624,12:29:19.653342
127,1,0.0,0,1,0,0,0.0,0.0,0.0,1.0,1,1700.275831,1719.7355350000007,19.4597040000001,2.8206,,,3.0707,9.45,6.3793000000000015,iaa,iaa,1,,0,0,1,1,70.0,-70.0,"[9.45, 12.5519]","[9.4589, 12.5888]","[1.5099, 1.8946, 2.2426, 9.451, 11.7736, 12.5108]","[1.8939, 1.8965, 2.3356, 9.4583, 11.7973, 12.5932]",0.0082,0.0086,100,0,0.5,0.0,0.0,0,0,1,0,0,10,10,0,0,0.0,0.5,LR,20.0,RT,0,0,0,1,,0.25,0.0,9.999999999976694e-05,1.0,/dev/ttyACM-Bpod6,stage_training_v6,Emma,pv_nmdar_eranet,2AFC_6,Bpod6,21,36006,21,1.8.2,021_stage_training_v6_20250611-114856,2025-06-11,11:49:07.934624,12:29:19.653342
128,1,0.0,1,0,0,0,1.0,0.0,1.0,0.0,1,1719.792931,1732.890935,13.098003999999944,2.8206,3.0979,0.2772999999999999,3.0707,3.0798,0.0091000000000001,iaa,iaa,1,,0,0,1,1,70.0,-70.0,[4.0023],[4.0705],"[0.8504, 0.8675, 2.2011000000000003, 2.2132, 2.2274000000000003, 2.2386, 2.2639, 2.2889, 3.0798, 3.0903]","[0.8606, 2.1997, 2.2098, 2.2221, 2.2338, 2.2584, 2.2847, 3.0731, 3.0867]",0.0082,0.0086,100,0,0.5,0.0,0.0,0,0,1,0,0,10,10,0,0,0.0,0.5,LR,20.0,RT,0,0,0,1,,0.25,0.0,9.999999999976694e-05,1.0,/dev/ttyACM-Bpod6,stage_training_v6,Emma,pv_nmdar_eranet,2AFC_6,Bpod6,21,36006,21,1.8.2,021_stage_training_v6_20250611-114856,2025-06-11,11:49:07.934624,12:29:19.653342
129,1,1.0,1,0,0,0,1.0,1.0,1.0,1.0,1,1732.9014309999998,1746.0284350000006,13.127003999999944,2.8206,3.1269,0.3062999999999998,3.0707,3.1088,0.0381,iaa,iaa,1,,0,0,1,1,70.0,70.0,"[7.3611, 7.4968, 8.5662, 8.7995]","[7.3716, 7.5277, 8.598700000000001, 8.8518]","[3.1088, 3.1206, 3.6102, 3.7967, 3.8411, 3.938, 4.0486, 4.1731, 4.2814000000000005, 4.4108, 4.5337000000000005, 4.6786, 7.0718000000000005, 7.2075, 7.343500000000001, 7.4939, 8.5724]","[3.1053, 3.12, 3.5975, 3.777, 3.8011, 3.8568, 3.9636, 4.0895, 4.1946, 4.3198, 4.4405, 4.5631, 4.7095, 7.1334, 7.2559, 7.386900000000001, 7.5314, 8.5974]",0.0082,0.0086,100,0,0.5,0.0,0.0,0,0,1,0,0,10,10,0,0,0.0,0.5,LR,20.0,RT,0,0,0,1,,0.25,0.0,9.999999999976694e-05,1.0,/dev/ttyACM-Bpod6,stage_training_v6,Emma,pv_nmdar_eranet,2AFC_6,Bpod6,21,36006,21,1.8.2,021_stage_training_v6_20250611-114856,2025-06-11,11:49:07.934624,12:29:19.653342
130,1,1.0,1,0,0,0,1.0,1.0,1.0,1.0,1,1746.0398309999994,1759.5373350000002,13.497503999999935,2.8206,3.4974000000000003,0.6768000000000001,3.0707,3.4793000000000003,0.4086000000000003,iaa,iaa,1,,0,0,1,1,70.0,70.0,"[4.0727, 4.3204, 4.4482]","[4.0904, 4.345400000000001, 4.4871]","[3.4793000000000003, 3.6335, 4.0357, 4.1746, 4.3047, 4.447]","[3.5464, 3.6597, 4.097300000000001, 4.2279, 4.3486, 4.4869]",0.0082,0.0086,100,0,0.5,0.0,0.0,0,0,1,0,0,10,10,0,0,0.0,0.5,LR,20.0,RT,0,0,0,1,,0.25,0.0,9.999999999976694e-05,1.0,/dev/ttyACM-Bpod6,stage_training_v6,Emma,pv_nmdar_eranet,2AFC_6,Bpod6,21,36006,21,1.8.2,021_stage_training_v6_20250611-114856,2025-06-11,11:49:07.934624,12:29:19.653342
131,1,1.0,1,0,0,0,1.0,1.0,1.0,1.0,1,1759.547731,1773.088335,13.540603999999805,2.8206,3.5405,0.7199,3.0707,3.5224,0.4517000000000002,iaa,iaa,1,,0,0,1,1,70.0,70.0,"[3.5426, 4.1346, 4.299, 4.4462, 10.0152, 10.2973, 10.3097]","[3.5674, 4.1612, 4.3076, 4.4935, 10.0366, 10.303, 10.3482]","[3.5224, 3.6537, 3.7692, 3.8815, 3.9965, 4.1284, 4.2924, 4.4538, 9.7672, 9.9972, 10.2977]","[3.5784, 3.6987, 3.8051, 3.9207, 4.0402000000000005, 4.1708, 4.3188, 4.4872000000000005, 9.8142, 10.0422, 10.351]",0.0082,0.0086,100,0,0.5,0.0,0.0,0,0,1,0,0,10,10,0,0,0.0,0.5,LR,20.0,RT,0,0,0,1,,0.25,0.0,9.999999999976694e-05,1.0,/dev/ttyACM-Bpod6,stage_training_v6,Emma,pv_nmdar_eranet,2AFC_6,Bpod6,21,36006,21,1.8.2,021_stage_training_v6_20250611-114856,2025-06-11,11:49:07.934624,12:29:19.653342
132,1,1.0,1,0,0,0,1.0,1.0,1.0,1.0,1,1773.109431,1786.644535,13.535103999999821,2.8206,3.535,0.7143999999999999,3.0707,3.5169,0.4462000000000001,iaa,iaa,1,,0,0,1,1,70.0,70.0,"[3.8161, 4.2356, 4.4110000000000005]","[3.8659, 4.2839, 4.4485]","[3.5169, 3.6711, 3.8156, 3.951, 4.0899, 4.2338000000000005, 4.4212]","[3.5733, 3.7309, 3.8671, 4.0055000000000005, 4.1404000000000005, 4.2856000000000005, 4.4229]",0.0082,0.0086,100,0,0.5,0.0,0.0,0,0,1,0,0,10,10,0,0,0.0,0.5,LR,20.0,RT,0,0,0,1,,0.25,0.0,9.999999999976694e-05,1.0,/dev/ttyACM-Bpod6,stage_training_v6,Emma,pv_nmdar_eranet,2AFC_6,Bpod6,21,36006,21,1.8.2,021_stage_training_v6_20250611-114856,2025-06-11,11:49:07.934624,12:29:19.653342
133,1,1.0,1,0,0,0,1.0,1.0,1.0,1.0,1,1786.670631,1800.278735,13.608104000000141,2.8206,3.608,0.7873999999999999,3.0707,3.5899,0.5192000000000001,iaa,iaa,1,,0,0,1,1,70.0,70.0,"[3.9943, 4.3875]","[4.0398000000000005, 4.4274]",[3.5899],[3.6263],0.0082,0.0086,100,0,0.5,0.0,0.0,0,0,1,0,0,10,10,0,0,0.0,0.5,LR,20.0,RT,0,0,0,1,,0.25,0.0,9.999999999976694e-05,1.0,/dev/ttyACM-Bpod6,stage_training_v6,Emma,pv_nmdar_eranet,2AFC_6,Bpod6,21,36006,21,1.8.2,021_stage_training_v6_20250611-114856,2025-06-11,11:49:07.934624,12:29:19.653342
134,1,1.0,1,0,0,0,1.0,1.0,1.0,1.0,1,1800.290531,1813.814735,13.524203999999829,2.8206,3.5241,0.7034999999999996,3.0707,3.506,0.4353000000000002,iaa,iaa,1,,0,0,1,1,70.0,70.0,"[4.5578, 4.6878, 4.8494, 10.7157, 10.9829]","[4.5886000000000005, 4.7281, 4.8646, 10.7298, 11.0142]","[3.506, 3.6304, 3.7394, 3.8395, 3.945, 4.0563, 4.1722, 4.2981, 4.425800000000001, 4.5539000000000005, 4.6886, 10.5365, 10.6964, 10.9821]","[3.5691, 3.67, 3.7664, 3.8755, 3.9825, 4.0939000000000005, 4.213900000000001, 4.3379, 4.4703, 4.591600000000001, 4.724600000000001, 10.5798, 10.7465, 11.0172]",0.0082,0.0086,100,0,0.5,0.0,0.0,0,0,1,0,0,10,10,0,0,0.0,0.5,LR,20.0,RT,0,0,0,1,,0.25,0.0,9.999999999976694e-05,1.0,/dev/ttyACM-Bpod6,stage_training_v6,Emma,pv_nmdar_eranet,2AFC_6,Bpod6,21,36006,21,1.8.2,021_stage_training_v6_20250611-114856,2025-06-11,11:49:07.934624,12:29:19.653342
135,1,1.0,1,0,0,0,1.0,1.0,1.0,1.0,1,1813.826231,1827.292235,13.466003999999886,2.8206,3.4659,0.6452999999999998,3.0707,3.4478,0.3771,iaa,iaa,1,,0,0,1,1,70.0,70.0,"[3.8321, 4.057300000000001, 4.3623]","[3.8412, 4.085500000000001, 4.3989]","[3.4478, 3.5841000000000003, 3.7003, 3.8152, 3.9282, 4.0538]","[3.5021, 3.6269, 3.7435, 3.8545, 3.9706, 4.0889]",0.0082,0.0086,100,0,0.5,0.0,0.0,0,0,1,0,0,10,10,0,0,0.0,0.5,LR,20.0,RT,0,0,0,1,,0.25,0.0,9.999999999976694e-05,1.0,/dev/ttyACM-Bpod6,stage_training_v6,Emma,pv_nmdar_eranet,2AFC_6,Bpod6,21,36006,21,1.8.2,021_stage_training_v6_20250611-114856,2025-06-11,11:49:07.934624,12:29:19.653342
136,1,1.0,1,0,0,0,1.0,1.0,1.0,1.0,1,1827.305131,1840.821936,13.516804999999973,2.8206,3.5167,0.6960999999999999,3.0707,3.4986,0.4279000000000001,iaa,iaa,1,,0,0,1,1,70.0,70.0,"[4.1202000000000005, 4.2822000000000005, 4.6134]","[4.1583000000000006, 4.301, 4.6656]","[3.4986, 3.6384, 3.7558, 3.874, 3.9953, 4.1215, 4.4394, 4.6186]","[3.5581, 3.6825, 3.793, 3.9108, 4.0355, 4.1530000000000005, 4.4823, 4.6588]",0.0082,0.0086,100,0,0.5,0.0,0.0,0,0,1,0,0,10,10,0,0,0.0,0.5,LR,20.0,RT,0,0,0,1,,0.25,0.0,9.999999999976694e-05,1.0,/dev/ttyACM-Bpod6,stage_training_v6,Emma,pv_nmdar_eranet,2AFC_6,Bpod6,21,36006,21,1.8.2,021_stage_training_v6_20250611-114856,2025-06-11,11:49:07.934624,12:29:19.653342
137,1,1.0,1,0,0,0,1.0,1.0,1.0,1.0,1,1840.903031,1854.371835,13.468803999999864,2.8206,3.4687,0.6480999999999999,3.0707,3.4506,0.3799000000000001,iaa,iaa,1,,0,0,1,1,70.0,70.0,"[3.9263, 4.0605, 4.4962, 4.8475]","[3.9651, 4.1102, 4.5406, 4.8691]","[3.4506, 3.5808, 3.6996, 3.8071, 3.925, 4.2006000000000006, 4.3422, 4.4917]","[3.508, 3.633, 3.742, 3.8496, 3.9665, 4.2597000000000005, 4.3988000000000005, 4.542800000000001]",0.0082,0.0086,100,0,0.5,0.0,0.0,0,0,1,0,0,10,10,0,0,0.0,0.5,LR,20.0,RT,0,0,0,1,,0.25,0.0,9.999999999976694e-05,1.0,/dev/ttyACM-Bpod6,stage_training_v6,Emma,pv_nmdar_eranet,2AFC_6,Bpod6,21,36006,21,1.8.2,021_stage_training_v6_20250611-114856,2025-06-11,11:49:07.934624,12:29:19.653342
138,1,1.0,1,0,0,0,1.0,1.0,1.0,1.0,1,1854.383531,1867.869935,13.486403999999993,2.8206,3.4863,0.6656999999999997,3.0707,3.4682,0.3974999999999999,iaa,iaa,1,,0,0,1,1,70.0,70.0,"[3.8917, 4.0647, 4.5322000000000005, 4.6693]","[3.9414, 4.1167, 4.5694, 4.7188]","[3.4682, 3.6197, 3.7532, 3.8977, 4.061100000000001, 4.2315000000000005, 4.3719, 4.5064]","[3.527, 3.6796, 3.8057, 3.9363, 4.1201, 4.3001000000000005, 4.432, 4.5726]",0.0082,0.0086,100,0,0.5,0.0,0.0,0,0,1,0,0,10,10,0,0,0.0,0.5,LR,20.0,RT,0,0,0,1,,0.25,0.0,9.999999999976694e-05,1.0,/dev/ttyACM-Bpod6,stage_training_v6,Emma,pv_nmdar_eranet,2AFC_6,Bpod6,21,36006,21,1.8.2,021_stage_training_v6_20250611-114856,2025-06-11,11:49:07.934624,12:29:19.653342
139,1,1.0,1,0,0,0,1.0,1.0,1.0,1.0,1,1867.884331,1881.349935,13.465603999999983,2.8206,3.4655,0.6448999999999998,3.0707,3.4474,0.3767,iaa,iaa,1,,0,0,1,1,70.0,70.0,"[4.0415, 4.1766000000000005, 4.3108, 5.011]","[4.0782, 4.2208000000000006, 4.3773, 5.0643]","[3.4474, 3.5936000000000003, 3.6821, 3.7962, 3.9136, 4.0372, 4.3124, 4.4594000000000005, 5.0173000000000005]","[3.5275000000000003, 3.6196, 3.7259, 3.8441, 3.9585, 4.0839, 4.3814, 4.5206, 5.0578]",0.0082,0.0086,100,0,0.5,0.0,0.0,0,0,1,0,0,10,10,0,0,0.0,0.5,LR,20.0,RT,0,0,0,1,,0.25,0.0,9.999999999976694e-05,1.0,/dev/ttyACM-Bpod6,stage_training_v6,Emma,pv_nmdar_eranet,2AFC_6,Bpod6,21,36006,21,1.8.2,021_stage_training_v6_20250611-114856,2025-06-11,11:49:07.934624,12:29:19.653342
140,0,0.0,0,1,0,0,0.0,1.0,1.0,1.0,1,1881.360931,1894.794235,13.433304000000136,2.8181000000000003,,,3.0682,3.4236,0.3553999999999999,aaa,aaa,1,,0,1,0,1,-70.0,-70.0,"[3.4450000000000003, 3.6891, 3.8394, 3.9859, 4.3479, 4.5488, 4.7931]","[3.4469000000000003, 3.7449, 3.8992, 4.0414, 4.407, 4.6115, 4.8216]","[3.4236, 3.5517000000000003, 3.6836, 3.8813, 4.1422, 4.349200000000001, 4.7591]","[3.4719, 3.6052, 3.7474, 3.8963, 4.2092, 4.407500000000001, 4.827100000000001]",0.0082,0.0086,100,0,0.5,0.0,0.0,0,0,1,0,0,10,10,0,0,0.0,0.5,LR,20.0,RT,0,0,0,1,,0.25,0.0,9.999999999976694e-05,1.0,/dev/ttyACM-Bpod6,stage_training_v6,Emma,pv_nmdar_eranet,2AFC_6,Bpod6,21,36006,21,1.8.2,021_stage_training_v6_20250611-114856,2025-06-11,11:49:07.934624,12:29:19.653342
141,0,0.0,1,0,0,0,1.0,0.0,0.0,0.0,1,1894.806731,1908.296435,13.489704000000074,2.8181000000000003,3.4896000000000003,0.6715,3.0682,3.4719,0.4037000000000001,aaa,aaa,1,,0,1,0,1,-70.0,-70.0,"[3.4719, 3.6527, 3.8172, 3.9777, 3.9887, 4.1761, 4.3048, 4.4706, 4.6181, 4.7235000000000005, 4.8433, 4.967700000000001, 5.122800000000001, 5.2798, 5.4358, 5.6111, 5.817, 11.7005, 11.8408]","[3.5543, 3.6925, 3.8865, 3.9864, 4.0441, 4.2046, 4.3849, 4.541300000000001, 4.652, 4.7679, 4.8805000000000005, 5.0181, 5.1731, 5.3315, 5.4844, 5.6696, 5.8682, 11.7572, 11.8948]","[3.4972000000000003, 3.6363, 3.8744, 3.9771, 4.143, 5.1332, 5.8307, 6.3369, 11.9808, 12.2099]","[3.5567, 3.7034, 3.8813, 4.0479, 4.2123, 5.167400000000001, 5.8616, 6.4211, 12.0475, 12.2354]",0.0082,0.0086,100,0,0.5,0.0,0.0,0,0,1,0,0,10,10,0,0,0.0,0.5,LR,20.0,RT,0,0,0,1,,0.25,0.0,9.999999999976694e-05,1.0,/dev/ttyACM-Bpod6,stage_training_v6,Emma,pv_nmdar_eranet,2AFC_6,Bpod6,21,36006,21,1.8.2,021_stage_training_v6_20250611-114856,2025-06-11,11:49:07.934624,12:29:19.653342
142,0,1.0,1,0,0,0,1.0,1.0,0.0,1.0,1,1908.320131,1922.238435,13.918304000000036,2.8181000000000003,3.9182,1.1001,3.0682,3.9005,0.8323,aaa,aaa,1,,0,1,0,1,-70.0,70.0,"[3.9005, 4.0699000000000005, 4.2603, 4.3747, 4.488, 4.6123, 4.7565]","[3.9414, 4.1585, 4.2943, 4.4092, 4.5259, 4.6536, 4.7962]","[3.9182, 4.1429]","[3.9334, 4.1444]",0.0082,0.0086,100,0,0.5,0.0,0.0,0,0,1,0,0,10,10,0,0,0.0,0.5,LR,20.0,RT,0,0,0,1,,0.25,0.0,9.999999999976694e-05,1.0,/dev/ttyACM-Bpod6,stage_training_v6,Emma,pv_nmdar_eranet,2AFC_6,Bpod6,21,36006,21,1.8.2,021_stage_training_v6_20250611-114856,2025-06-11,11:49:07.934624,12:29:19.653342
143,0,1.0,0,1,0,0,0.0,1.0,1.0,0.0,1,1922.407631,1935.912735,13.505104000000074,2.8181000000000003,,,3.0682,3.4954,0.4272,aaa,aaa,1,,0,1,0,1,-70.0,70.0,"[3.54, 3.7978, 4.024900000000001, 4.1759, 4.3056, 4.4478, 6.9356]","[3.5469000000000004, 3.8564, 4.0581000000000005, 4.2273000000000005, 4.3522, 4.5044, 6.9638]","[3.4954, 3.6388, 3.8308, 4.0294]","[3.5554, 3.6974, 3.8523, 4.0511]",0.0082,0.0086,100,0,0.5,0.0,0.0,0,0,1,0,0,10,10,0,0,0.0,0.5,LR,20.0,RT,0,0,0,1,,0.25,0.0,9.999999999976694e-05,1.0,/dev/ttyACM-Bpod6,stage_training_v6,Emma,pv_nmdar_eranet,2AFC_6,Bpod6,21,36006,21,1.8.2,021_stage_training_v6_20250611-114856,2025-06-11,11:49:07.934624,12:29:19.653342
144,0,0.0,0,1,0,0,0.0,0.0,1.0,1.0,1,1935.932931,1949.436335,13.503404000000046,2.8181000000000003,,,3.0682,3.4937,0.4255,aaa,aaa,1,,0,1,0,1,-70.0,-70.0,"[3.6414, 3.8286, 3.963, 3.9888, 4.158, 4.299, 4.4285000000000005, 13.5023]","[3.7049, 3.8324, 3.9675, 4.0398000000000005, 4.2173, 4.3518, 4.4757]","[3.4937, 3.6424, 3.801, 3.9974, 4.5669, 13.3293]","[3.5610000000000004, 3.7069, 3.8632, 4.0406, 4.6317, 13.3866]",0.0082,0.0086,100,0,0.5,0.0,0.0,0,0,1,0,0,10,10,0,0,0.0,0.5,LR,20.0,RT,0,0,0,1,,0.25,0.0,9.999999999976694e-05,1.0,/dev/ttyACM-Bpod6,stage_training_v6,Emma,pv_nmdar_eranet,2AFC_6,Bpod6,21,36006,21,1.8.2,021_stage_training_v6_20250611-114856,2025-06-11,11:49:07.934624,12:29:19.653342
145,0,0.0,0,1,0,0,0.0,0.0,1.0,1.0,1,1949.457131,1962.958635,13.50150400000007,2.8181000000000003,,,3.0682,3.4918,0.4236,aaa,aaa,1,,0,1,0,1,-70.0,-70.0,"[3.5141, 3.6436, 3.9605, 4.1388, 4.3193]","[0.0219, 3.5497, 3.7152, 4.027200000000001, 4.2027, 4.375900000000001]","[3.4918, 3.6483, 3.8006, 4.0158000000000005, 4.1885]","[0.001, 3.5579, 3.7152, 3.8633, 4.021, 4.1963]",0.0082,0.0086,100,0,0.5,0.0,0.0,0,0,1,0,0,10,10,0,0,0.0,0.5,LR,20.0,RT,0,0,0,1,,0.25,0.0,9.999999999976694e-05,1.0,/dev/ttyACM-Bpod6,stage_training_v6,Emma,pv_nmdar_eranet,2AFC_6,Bpod6,21,36006,21,1.8.2,021_stage_training_v6_20250611-114856,2025-06-11,11:49:07.934624,12:29:19.653342
146,0,0.0,0,1,0,0,0.0,0.0,1.0,1.0,1,1962.975231,1976.523435,13.548204000000167,2.8181000000000003,,,3.0682,3.5385,0.4702999999999999,aaa,aaa,1,,0,1,0,1,-70.0,-70.0,"[3.5505, 3.6992, 3.8299, 4.2142, 4.3727, 4.558800000000001, 4.711]","[3.6020000000000003, 3.7531, 3.8986, 4.2410000000000005, 4.4324, 4.617100000000001, 4.7877]","[3.5385, 3.8596, 3.9904, 4.2096, 4.3785, 4.7489, 4.9092]","[3.6082, 3.9018, 4.0546, 4.244800000000001, 4.4287, 4.7879000000000005, 4.9919]",0.0082,0.0086,100,0,0.5,0.0,0.0,0,0,1,0,0,10,10,0,0,0.0,0.5,LR,20.0,RT,0,0,0,1,,0.25,0.0,9.999999999976694e-05,1.0,/dev/ttyACM-Bpod6,stage_training_v6,Emma,pv_nmdar_eranet,2AFC_6,Bpod6,21,36006,21,1.8.2,021_stage_training_v6_20250611-114856,2025-06-11,11:49:07.934624,12:29:19.653342
147,0,0.0,0,1,0,0,0.0,0.0,1.0,1.0,1,1976.548631,1990.079535,13.530904000000193,2.8181000000000003,,,3.0682,3.5212000000000003,0.4530000000000003,aaa,aaa,1,,0,1,0,1,-70.0,-70.0,"[3.5242, 3.6949, 3.8381, 4.182, 4.3482]","[3.5828, 3.7584, 3.9122, 4.2443, 4.423500000000001]","[3.5212000000000003, 3.7481, 3.8784, 4.0091, 4.3837]","[3.5893, 3.7496, 3.9126, 4.0812, 4.4224000000000006]",0.0082,0.0086,100,0,0.5,0.0,0.0,0,0,1,0,0,10,10,0,0,0.0,0.5,LR,20.0,RT,0,0,0,1,,0.25,0.0,9.999999999976694e-05,1.0,/dev/ttyACM-Bpod6,stage_training_v6,Emma,pv_nmdar_eranet,2AFC_6,Bpod6,21,36006,21,1.8.2,021_stage_training_v6_20250611-114856,2025-06-11,11:49:07.934624,12:29:19.653342
148,0,0.0,0,1,0,0,0.0,0.0,1.0,1.0,1,1990.092231,2003.672835,13.580603999999996,2.8181000000000003,,,3.0682,3.5709,0.5026999999999999,aaa,aaa,1,,0,1,0,1,-70.0,-70.0,"[3.9916, 4.1618, 4.3749]","[4.0487, 4.2173, 4.3853]","[3.5709, 3.7702, 4.0063, 4.3098]","[3.6521, 3.8532, 4.0453, 4.393800000000001]",0.0082,0.0086,100,0,0.5,0.0,0.0,0,0,1,0,0,10,10,0,0,0.0,0.5,LR,20.0,RT,0,0,0,1,,0.25,0.0,9.999999999976694e-05,1.0,/dev/ttyACM-Bpod6,stage_training_v6,Emma,pv_nmdar_eranet,2AFC_6,Bpod6,21,36006,21,1.8.2,021_stage_training_v6_20250611-114856,2025-06-11,11:49:07.934624,12:29:19.653342
149,0,0.0,0,1,0,0,0.0,0.0,1.0,1.0,1,2003.684331,2017.249835,13.565504000000145,2.8181000000000003,,,3.0682,3.5558,0.4876,aaa,aaa,1,,0,1,0,1,-70.0,-70.0,"[3.5874, 3.717, 3.9242, 4.0526, 4.2152, 4.2504]","[3.6181, 3.7749, 3.9396, 4.1102, 4.2301, 4.2809]","[3.5558, 3.7607, 3.8599, 4.2112]","[3.6273, 3.7705, 3.946, 4.2865]",0.0082,0.0086,100,0,0.5,0.0,0.0,0,0,1,0,0,10,10,0,0,0.0,0.5,LR,20.0,RT,0,0,0,1,,0.25,0.0,9.999999999976694e-05,1.0,/dev/ttyACM-Bpod6,stage_training_v6,Emma,pv_nmdar_eranet,2AFC_6,Bpod6,21,36006,21,1.8.2,021_stage_training_v6_20250611-114856,2025-06-11,11:49:07.934624,12:29:19.653342
150,0,0.0,0,0,1,0,,0.0,,,0,2017.269331,2040.347136,23.07780500000013,2.8181000000000003,,,3.0682,13.0682,10.0,aaa,aaa,1,,0,1,0,1,-70.0,-70.0,[],[],[],[],0.0082,0.0086,100,0,0.5,0.0,0.0,0,0,1,0,0,10,10,0,0,0.0,0.5,LR,20.0,RT,0,0,0,1,,0.25,0.0,9.999999999976694e-05,1.0,/dev/ttyACM-Bpod6,stage_training_v6,Emma,pv_nmdar_eranet,2AFC_6,Bpod6,21,36006,21,1.8.2,021_stage_training_v6_20250611-114856,2025-06-11,11:49:07.934624,12:29:19.653342
151,0,,1,0,0,0,1.0,,0.0,,1,2040.367131,2053.842035,13.474904000000153,2.8181000000000003,3.4748,0.6566999999999998,3.0682,3.4571,0.3889,aaa,aaa,1,,0,1,0,1,-70.0,,"[3.4571, 3.6047, 10.3309, 10.4832, 10.6087, 10.7136, 10.8134, 10.9222, 11.0384, 11.164, 11.2966, 11.9997]","[3.5051, 3.6522, 10.3809, 10.5342, 10.6415, 10.7466, 10.8498, 10.9651, 11.0854, 11.2097, 11.3381, 12.0431]","[3.4749000000000003, 3.5826, 9.8701, 10.0263, 10.3403]","[3.4964, 3.6619, 9.8891, 10.0762, 10.3799]",0.0082,0.0086,100,0,0.5,0.0,0.0,0,0,1,0,0,10,10,0,0,0.0,0.5,LR,20.0,RT,0,0,0,1,,0.25,0.0,9.999999999976694e-05,1.0,/dev/ttyACM-Bpod6,stage_training_v6,Emma,pv_nmdar_eranet,2AFC_6,Bpod6,21,36006,21,1.8.2,021_stage_training_v6_20250611-114856,2025-06-11,11:49:07.934624,12:29:19.653342
152,0,1.0,1,0,0,0,1.0,1.0,0.0,1.0,1,2053.854131,2067.310535,13.456404000000019,2.8181000000000003,3.4563,0.6381999999999999,3.0682,3.4386,0.3704,aaa,aaa,1,,0,1,0,1,-70.0,70.0,"[3.4386, 3.5555000000000003, 3.6701, 3.785, 3.9189, 4.0566, 4.1996, 4.3549, 4.5313, 4.864, 5.0439]","[3.4923, 3.5976000000000004, 3.7163, 3.8359, 3.9611, 4.0957, 4.2494000000000005, 4.4061, 4.5744, 4.9135, 5.108700000000001]","[3.916, 4.1968000000000005, 4.5315, 5.045]","[3.9639, 4.2512, 4.574, 5.1096]",0.0082,0.0086,100,0,0.5,0.0,0.0,0,0,1,0,0,10,10,0,0,0.0,0.5,LR,20.0,RT,0,0,0,1,,0.25,0.0,9.999999999976694e-05,1.0,/dev/ttyACM-Bpod6,stage_training_v6,Emma,pv_nmdar_eranet,2AFC_6,Bpod6,21,36006,21,1.8.2,021_stage_training_v6_20250611-114856,2025-06-11,11:49:07.934624,12:29:19.653342
153,0,1.0,1,0,0,0,1.0,1.0,0.0,1.0,1,2067.321931,2081.718835,14.396904000000177,2.8181000000000003,4.3968,1.5786999999999995,3.0682,4.3791,1.3109000000000002,aaa,aaa,1,,0,1,0,1,-70.0,70.0,[4.3791],[4.4236],[],[],0.0082,0.0086,100,0,0.5,0.0,0.0,0,0,1,0,0,10,10,0,0,0.0,0.5,LR,20.0,RT,0,0,0,1,,0.25,0.0,9.999999999976694e-05,1.0,/dev/ttyACM-Bpod6,stage_training_v6,Emma,pv_nmdar_eranet,2AFC_6,Bpod6,21,36006,21,1.8.2,021_stage_training_v6_20250611-114856,2025-06-11,11:49:07.934624,12:29:19.653342
154,0,1.0,1,0,0,0,1.0,1.0,0.0,1.0,1,2081.729731,2095.238636,13.50890500000014,2.8181000000000003,3.5088000000000004,0.6907000000000001,3.0682,3.4911000000000003,0.4229000000000003,aaa,aaa,1,,0,1,0,1,-70.0,70.0,"[3.4911000000000003, 3.6052, 3.705, 3.8105, 3.9193, 4.0355, 4.1662, 4.3032, 4.8033, 12.8265, 13.1434, 13.2597, 13.385]","[3.543, 3.6413, 3.7439, 3.8475, 3.956, 4.0774, 4.2022, 4.3482, 4.8357, 12.8557, 13.1921, 13.3043, 13.4348]","[4.3058000000000005, 12.99]","[4.3418, 13.0426]",0.0082,0.0086,100,0,0.5,0.0,0.0,0,0,1,0,0,10,10,0,0,0.0,0.5,LR,20.0,RT,0,0,0,1,,0.25,0.0,9.999999999976694e-05,1.0,/dev/ttyACM-Bpod6,stage_training_v6,Emma,pv_nmdar_eranet,2AFC_6,Bpod6,21,36006,21,1.8.2,021_stage_training_v6_20250611-114856,2025-06-11,11:49:07.934624,12:29:19.653342
155,0,1.0,1,0,0,0,1.0,1.0,0.0,1.0,1,2095.251131,2108.713535000001,13.46240399999988,2.8181000000000003,3.4623000000000004,0.6442000000000001,3.0682,3.4446000000000003,0.3764000000000003,aaa,aaa,1,,0,1,0,1,-70.0,70.0,"[0.0146, 3.4446000000000003, 3.5650000000000004, 3.6762, 3.7905, 3.9137, 4.0559, 4.1816, 4.343100000000001, 4.512700000000001, 4.6797, 4.856800000000001]","[0.0428, 3.4985000000000004, 3.611, 3.7182, 3.8308, 3.9566, 4.0971, 4.2264, 4.3843000000000005, 4.5619000000000005, 4.7355, 4.9103]","[0.0116, 4.6773]","[0.0447, 4.7392]",0.0082,0.0086,100,0,0.5,0.0,0.0,0,0,1,0,0,10,10,0,0,0.0,0.5,LR,20.0,RT,0,0,0,1,,0.25,0.0,9.999999999976694e-05,1.0,/dev/ttyACM-Bpod6,stage_training_v6,Emma,pv_nmdar_eranet,2AFC_6,Bpod6,21,36006,21,1.8.2,021_stage_training_v6_20250611-114856,2025-06-11,11:49:07.934624,12:29:19.653342
156,0,1.0,1,0,0,0,1.0,1.0,0.0,1.0,1,2108.725331,2122.207935000001,13.482603999999812,2.8181000000000003,3.4825000000000004,0.6644000000000001,3.0682,3.4648000000000003,0.3966000000000003,aaa,aaa,1,,0,1,0,1,-70.0,70.0,"[3.4648000000000003, 3.5754, 3.6831, 3.793, 3.9086, 4.024900000000001, 4.1527, 4.2976, 4.4439, 5.0957]","[3.5104, 3.6164, 3.7151, 3.8376, 3.9531, 4.0677, 4.199800000000001, 4.3419, 4.494, 5.1475]","[3.679, 4.1757, 4.4496]","[3.7187, 4.1859, 4.4918000000000005]",0.0082,0.0086,100,0,0.5,0.0,0.0,0,0,1,0,0,10,10,0,0,0.0,0.5,LR,20.0,RT,0,0,0,1,,0.25,0.0,9.999999999976694e-05,1.0,/dev/ttyACM-Bpod6,stage_training_v6,Emma,pv_nmdar_eranet,2AFC_6,Bpod6,21,36006,21,1.8.2,021_stage_training_v6_20250611-114856,2025-06-11,11:49:07.934624,12:29:19.653342
157,0,1.0,1,0,0,0,1.0,1.0,0.0,1.0,1,2122.218531,2135.684635,13.466104000000088,2.8181000000000003,3.466,0.6478999999999999,3.0682,3.4483,0.3801000000000001,aaa,aaa,1,,0,1,0,1,-70.0,70.0,"[3.4483, 3.559, 3.6601, 3.774, 3.8921, 4.020700000000001, 4.169700000000001, 4.2961, 4.429, 4.5903, 4.7496, 4.9029, 5.0798000000000005, 5.727600000000001, 5.8792, 10.2333, 10.4298, 10.674]","[3.4952, 3.5963000000000003, 3.6983, 3.8196, 3.9353, 4.0547, 4.202500000000001, 4.3438, 4.4804, 4.640000000000001, 4.8007, 4.9558, 5.1367, 5.7858, 5.941000000000001, 10.2524, 10.4488, 10.7189]","[3.6613, 4.0232, 4.5888, 5.8879]","[3.6988, 4.0494, 4.642, 5.9402]",0.0082,0.0086,100,0,0.5,0.0,0.0,0,0,1,0,0,10,10,0,0,0.0,0.5,LR,20.0,RT,0,0,0,1,,0.25,0.0,9.999999999976694e-05,1.0,/dev/ttyACM-Bpod6,stage_training_v6,Emma,pv_nmdar_eranet,2AFC_6,Bpod6,21,36006,21,1.8.2,021_stage_training_v6_20250611-114856,2025-06-11,11:49:07.934624,12:29:19.653342
158,0,1.0,1,0,0,0,1.0,1.0,0.0,1.0,1,2135.695731,2149.159635,13.463904000000186,2.8181000000000003,3.4638,0.6456999999999997,3.0682,3.4461000000000004,0.3779000000000003,aaa,aaa,1,,0,1,0,1,-70.0,70.0,"[3.4461000000000004, 3.58, 3.7455, 3.8942, 4.0439, 4.2053, 4.3569]","[3.4868, 3.6333, 3.8053, 3.9607, 4.0936, 4.2369, 4.387700000000001]","[3.5619, 3.7786, 4.1835]","[3.6395, 3.8033, 4.2438]",0.0082,0.0086,100,0,0.5,0.0,0.0,0,0,1,0,0,10,10,0,0,0.0,0.5,LR,20.0,RT,0,0,0,1,,0.25,0.0,9.999999999976694e-05,1.0,/dev/ttyACM-Bpod6,stage_training_v6,Emma,pv_nmdar_eranet,2AFC_6,Bpod6,21,36006,21,1.8.2,021_stage_training_v6_20250611-114856,2025-06-11,11:49:07.934624,12:29:19.653342
159,0,1.0,1,0,0,0,1.0,1.0,0.0,1.0,1,2149.171131,2162.661935,13.490804000000026,2.8181000000000003,3.4907000000000004,0.6726000000000001,3.0682,3.4730000000000003,0.4048000000000002,aaa,aaa,1,,0,1,0,1,-70.0,70.0,"[3.4730000000000003, 3.597, 3.7139, 3.846]","[3.5332000000000003, 3.6459, 3.7646, 3.8943]",[3.8629],[3.8934],0.0082,0.0086,100,0,0.5,0.0,0.0,0,0,1,0,0,10,10,0,0,0.0,0.5,LR,20.0,RT,0,0,0,1,,0.25,0.0,9.999999999976694e-05,1.0,/dev/ttyACM-Bpod6,stage_training_v6,Emma,pv_nmdar_eranet,2AFC_6,Bpod6,21,36006,21,1.8.2,021_stage_training_v6_20250611-114856,2025-06-11,11:49:07.934624,12:29:19.653342
160,1,0.0,0,1,0,0,0.0,1.0,0.0,1.0,1,2162.678431,2176.214935,13.53650400000015,2.8206,,,3.0707,3.5268,0.4561000000000001,iaa,iaa,1,,0,0,1,1,70.0,-70.0,"[3.5268, 3.6625, 3.7949, 3.936, 3.9431, 4.2459]","[3.5882, 3.7178, 3.8437, 3.9398, 3.9796, 4.2881]","[3.5757000000000003, 3.9291]","[3.5803000000000003, 3.9847]",0.0082,0.0086,100,0,0.5,0.0,0.0,0,0,1,0,0,10,10,0,0,0.0,0.5,LR,20.0,RT,0,0,0,1,,0.25,0.0,9.999999999976694e-05,1.0,/dev/ttyACM-Bpod6,stage_training_v6,Emma,pv_nmdar_eranet,2AFC_6,Bpod6,21,36006,21,1.8.2,021_stage_training_v6_20250611-114856,2025-06-11,11:49:07.934624,12:29:19.653342
161,1,0.0,0,1,0,0,0.0,0.0,0.0,1.0,1,2176.225131,2189.723035,13.497903999999835,2.8206,,,3.0707,3.4882,0.4175,iaa,iaa,1,,0,0,1,1,70.0,-70.0,"[3.4882, 3.6911, 3.9095, 4.0744, 4.188400000000001, 4.3425, 4.4885, 5.0255, 11.7138, 11.8739]","[3.5995000000000004, 3.7616, 3.9233, 4.0840000000000005, 4.2518, 4.402, 4.5475, 5.0299000000000005, 11.7312, 11.9251]","[3.508, 3.7525, 3.846, 4.0196000000000005, 4.6779]","[3.6026, 3.7552, 3.9303, 4.095000000000001, 4.7492]",0.0082,0.0086,100,0,0.5,0.0,0.0,0,0,1,0,0,10,10,0,0,0.0,0.5,LR,20.0,RT,0,0,0,1,,0.25,0.0,9.999999999976694e-05,1.0,/dev/ttyACM-Bpod6,stage_training_v6,Emma,pv_nmdar_eranet,2AFC_6,Bpod6,21,36006,21,1.8.2,021_stage_training_v6_20250611-114856,2025-06-11,11:49:07.934624,12:29:19.653342
162,1,0.0,0,1,0,0,0.0,0.0,0.0,1.0,1,2189.734131,2203.226135000001,13.492003999999723,2.8206,,,3.0707,3.4823,0.4115999999999999,iaa,iaa,1,,0,0,1,1,70.0,-70.0,"[3.4823, 3.6631, 3.7588, 3.955, 4.095400000000001]","[3.5388, 3.6687, 3.8181, 3.978, 4.1487]","[3.5072, 3.6127, 3.914]","[3.5421, 3.6765, 3.9842]",0.0082,0.0086,100,0,0.5,0.0,0.0,0,0,1,0,0,10,10,0,0,0.0,0.5,LR,20.0,RT,0,0,0,1,,0.25,0.0,9.999999999976694e-05,1.0,/dev/ttyACM-Bpod6,stage_training_v6,Emma,pv_nmdar_eranet,2AFC_6,Bpod6,21,36006,21,1.8.2,021_stage_training_v6_20250611-114856,2025-06-11,11:49:07.934624,12:29:19.653342
163,1,0.0,1,0,0,0,1.0,0.0,1.0,0.0,1,2203.236831,2216.7236350000007,13.486803999999664,2.8206,3.4867000000000004,0.6661000000000001,3.0707,3.4686000000000003,0.3979000000000003,iaa,iaa,1,,0,0,1,1,70.0,-70.0,"[3.4734000000000003, 3.6222, 3.8555]","[3.5236, 3.7346, 3.8642]","[3.4686000000000003, 3.6546]","[3.53, 3.728]",0.0082,0.0086,100,0,0.5,0.0,0.0,0,0,1,0,0,10,10,0,0,0.0,0.5,LR,20.0,RT,0,0,0,1,,0.25,0.0,9.999999999976694e-05,1.0,/dev/ttyACM-Bpod6,stage_training_v6,Emma,pv_nmdar_eranet,2AFC_6,Bpod6,21,36006,21,1.8.2,021_stage_training_v6_20250611-114856,2025-06-11,11:49:07.934624,12:29:19.653342
164,1,1.0,0,1,0,0,0.0,1.0,0.0,0.0,1,2216.734031,2230.239635000001,13.505603999999948,2.8206,,,3.0707,3.4959,0.4252000000000002,iaa,iaa,1,,0,0,1,1,70.0,70.0,"[3.4959, 3.6479, 4.111800000000001]","[3.5429000000000004, 3.7275, 4.1686000000000005]","[3.5036, 3.6471, 3.9617]","[3.5418000000000003, 3.7272, 4.0082]",0.0082,0.0086,100,0,0.5,0.0,0.0,0,0,1,0,0,10,10,0,0,0.0,0.5,LR,20.0,RT,0,0,0,1,,0.25,0.0,9.999999999976694e-05,1.0,/dev/ttyACM-Bpod6,stage_training_v6,Emma,pv_nmdar_eranet,2AFC_6,Bpod6,21,36006,21,1.8.2,021_stage_training_v6_20250611-114856,2025-06-11,11:49:07.934624,12:29:19.653342
165,1,0.0,1,0,0,0,1.0,0.0,1.0,0.0,1,2230.250031,2243.7717350000007,13.521703999999776,2.8206,3.5216000000000003,0.7010000000000001,3.0707,3.5035000000000003,0.4328000000000003,iaa,iaa,1,,0,0,1,1,70.0,-70.0,"[3.5173, 5.3769, 5.8415, 6.0418, 6.1515, 6.4874, 7.120100000000001, 13.3763]","[3.5660000000000003, 5.4082, 5.896800000000001, 6.0501000000000005, 6.212400000000001, 6.5427, 7.1652000000000005, 13.3936]","[3.5035000000000003, 3.8512, 4.0189, 4.0201, 4.026800000000001, 4.1054, 4.2569, 4.3554, 4.4744, 4.584700000000001, 4.699800000000001, 4.8216, 4.948300000000001, 5.0819, 5.220400000000001, 5.3577, 5.8645000000000005, 5.982600000000001, 6.1812000000000005, 6.3236, 12.9247, 13.3773]","[3.5768, 3.9425, 4.0194, 4.0224, 4.0975, 4.1077, 4.2808, 4.4048, 4.5107, 4.6242, 4.7397, 4.865, 4.9917, 5.1284, 5.2698, 5.412, 5.8932, 6.058000000000001, 6.21, 6.3897, 12.929, 13.3937]",0.0082,0.0086,100,0,0.5,0.0,0.0,0,0,1,0,0,10,10,0,0,0.0,0.5,LR,20.0,RT,0,0,0,1,,0.25,0.0,9.999999999976694e-05,1.0,/dev/ttyACM-Bpod6,stage_training_v6,Emma,pv_nmdar_eranet,2AFC_6,Bpod6,21,36006,21,1.8.2,021_stage_training_v6_20250611-114856,2025-06-11,11:49:07.934624,12:29:19.653342
166,1,1.0,0,1,0,0,0.0,1.0,0.0,0.0,1,2243.783431,2257.559235,13.775804000000337,2.8206,,,3.0707,3.7661,0.6954000000000002,iaa,iaa,1,,0,0,1,1,70.0,70.0,"[3.7661, 4.2614, 4.4321]","[3.8033, 4.2912, 4.485]",[3.7686],[3.8035],0.0082,0.0086,100,0,0.5,0.0,0.0,0,0,1,0,0,10,10,0,0,0.0,0.5,LR,20.0,RT,0,0,0,1,,0.25,0.0,9.999999999976694e-05,1.0,/dev/ttyACM-Bpod6,stage_training_v6,Emma,pv_nmdar_eranet,2AFC_6,Bpod6,21,36006,21,1.8.2,021_stage_training_v6_20250611-114856,2025-06-11,11:49:07.934624,12:29:19.653342
167,1,0.0,0,1,0,0,0.0,0.0,0.0,1.0,1,2257.569931,2271.034835,13.464903999999931,2.8206,,,3.0707,3.4552,0.3845,iaa,iaa,1,,0,0,1,1,70.0,-70.0,"[3.4552, 3.7423, 3.889, 4.0537, 4.224200000000001, 4.7723, 7.3251]","[3.4993000000000003, 3.7972, 3.9356, 4.097300000000001, 4.2756, 4.7973, 7.3769]","[3.4705000000000004, 3.5864000000000003, 3.7452, 4.0443, 4.4091000000000005, 7.827800000000001]","[3.5006000000000004, 3.6398, 3.7966, 4.1028, 4.4798, 8.8063]",0.0082,0.0086,100,0,0.5,0.0,0.0,0,0,1,0,0,10,10,0,0,0.0,0.5,LR,20.0,RT,0,0,0,1,,0.25,0.0,9.999999999976694e-05,1.0,/dev/ttyACM-Bpod6,stage_training_v6,Emma,pv_nmdar_eranet,2AFC_6,Bpod6,21,36006,21,1.8.2,021_stage_training_v6_20250611-114856,2025-06-11,11:49:07.934624,12:29:19.653342
168,1,0.0,1,0,0,0,1.0,0.0,1.0,0.0,1,2271.046131,2284.603035,13.556904000000033,2.8206,3.5568,0.7361999999999997,3.0707,3.5387,0.4679999999999999,iaa,iaa,1,,0,0,1,1,70.0,-70.0,"[3.5416000000000003, 4.0462, 4.165900000000001, 4.9085]","[3.5897, 4.0762, 4.2005, 4.960500000000001]","[3.5387, 3.6764, 3.8131, 3.9279, 4.042]","[3.5942000000000003, 3.7378, 3.8601, 3.9709, 4.0793]",0.0082,0.0086,100,0,0.5,0.0,0.0,0,0,1,0,0,10,10,0,0,0.0,0.5,LR,20.0,RT,0,0,0,1,,0.25,0.0,9.999999999976694e-05,1.0,/dev/ttyACM-Bpod6,stage_training_v6,Emma,pv_nmdar_eranet,2AFC_6,Bpod6,21,36006,21,1.8.2,021_stage_training_v6_20250611-114856,2025-06-11,11:49:07.934624,12:29:19.653342
